smiles,target,pred
Clc1ccc(Cl)c2ccccc12,-2.85,-2.6690373
OC1=CC=C(CC([O-])=O)C=C1,-4.255707,-4.8027744
CC1=NN=C(C(=O)N1N)c1ccccc1,-8.19,-7.8659577
FC1(F)C(F)(F)C(F)(F)C1(F)F,3.37,3.0415533
CCCCCCCCC=C,-1.1319436,-0.26254845
CS(=O)c1ccc(cc1)OP(=S)(OCC)OCC,-4.3,-4.0703955
COC1=C(C=O)C=CC=C1,-0.92081875,-1.2661394
CC(C)C(C)(C)C,0.5278876,1.2096155
Cc1cccc(N)c1N,-3.26,-3.1302207
CCCCCCCCCCS,-1.44,-1.0764978
CC(C)CC(C)O,0.72,0.58755755
COC(C)C,2.78,2.4828339
COCCOC,1.68,1.6210897
Cc1ccc(N)cc1,-0.54,-0.7198226
COCC(C)OCC(C)OCC(C)O,-1.7,-1.7593406
Clc1c(cc(Cl)c(Cl)c1Cl)-c1cc(Cl)c(Cl)cc1,-5.79,-5.170588
Clc1cc2Oc3cc(Cl)c(Cl)cc3Oc2cc1,-7.05,-6.892534
Cc1ccc(O)cc1,-0.96,-0.77367586
CC1=C(C)C(O)=CC=C1,-1.05061,-1.0667285
CCOC(=O)C(SP(=S)(OC)OC)c1ccccc1,-5.59,-5.19861
O=C(Cl)OCCOC(=O)Cl,-1.67,-1.5106114
CCOP(=S)(OCC)Oc1cnc2ccccc2n1,-5.5850267,-5.749952
CC(=O)CC(C)=O,0.47,0.48633653
CCc1ccc(C)cc1C,-0.07,-0.0048196167
CC(=O)c1cc2ccccc2cc1,-3.21,-2.9710674
CC1=C(C)C=C(O)C=C1,-1.44855,-1.0245901
Clc1cc2ccccc2cc1,-1.91,-1.8529013
CC(=O)C1=CC=CS1,-0.4436975,-0.40777087
CCC(CC)CC,1.76,1.0692605
CC[n]1c2ccccc2c2ccccc12,-3.66,-4.141832
Clc1cc(Cl)ccc1-c1ccc(Cl)cc1,-3.71,-3.4944189
CCCCCCCCCC=C,-1.6126102,-0.831518
CC(=O)Nc1ccccc1,-3.7,-2.7943518
CN=C=S,0.55,1.2433361
C1CN(CCN1)c1ccccc1,-2.26,-2.5800443
C[C@H]1CC[C@@H](C)[C@H]1C,-0.1598939,0.48514736
CC(C(C)C)C(C)C,1.43,0.87862474
CC(C)(C)c1cc(c(O)c(c1)C(C)(C)C)C(C)(C)C,-3.18,-3.0924714
CC(C)(C)C(=O)N(Cc1ccccc1)C(C)C,-3.18,-3.3534927
CCC(C)Nc1c(cc(cc1[N+]([O-])=O)C(C)(C)C)[N+]([O-])=O,-4.9,-5.8201065
CCCCCCCCCCCCC(O)=O,-4.9,-4.839141
CCCCCCCCCCO,-2.07,-1.6033287
OCCOc1ccccc1,-2.15,-2.0615742
Cc1ccc(C)c(O)c1C,-1.46,-1.5073309
Clc1ccc(Cl)cc1-c1ccc(Cl)cc1,-3.4,-3.517322
CCC(C)(O)CC,0.7450748,0.6812921
OC(=O)c1cccc(Cl)c1Cl,-3.64,-3.4972482
Clc1c2c(c(Cl)c(Cl)c1Cl)c(Cl)c(Cl)c(Cl)c2Cl,-7.96,-7.1066747
CCCCCCCCCCCCCCCCCCS,-6.4,-5.328146
Nc1ccccc1,-0.31,-0.6609893
O=C(Cl)CCC(=O)Cl,-0.43,-0.10061304
FC(Cl)Cl,3.13,3.0970783
CCCCCCCCC=O,-0.43,-0.35266268
CC(C)(C)c1ccc(CCOc2[n]c[n]c3ccccc32)cc1,-7.59,-7.4171853
CCC(O)C(C)C,0.7307823,0.6565735
c1ccco1,2.78,2.2974524
Clc1cc(Cl)cc(Cl)c1,-0.62,-0.63170433
CCCCCC(C)C,-0.11480846,0.8077056
CCC(O)C=C,0.98587537,0.81286675
CC(C)Nc1[n]c(NC2CC2)[n]c(Cl)[n]1,-6.52,-6.8303246
Cc1cc(C)ccc1,0.92,0.44283432
Fc1cc2Oc3cc(Br)c(Br)cc3Oc2cc1F,-7.74,-8.0533
C1C=CC2C3CC(C=C3)C12,-0.9400581,0.05255647
C[Se][Se]C,0.45,0.6295703
CC1=C(C)C(C)=C(O)C(C)=C1C,-2.6695862,-2.7908766
O=C(Cl)c1ccccc1,-0.15,-0.20222633
COC(=O)c1c(Cl)c(Cl)c(c(Cl)c1Cl)C(=O)OC,-5.6,-4.800996
C/C=C/CC(C)C,0.38021123,1.0617832
CCc1cccc(CC)c1N,-2.42,-2.0992272
C#CCCCC#C,1.4031205,1.5154825
OCC1CCCCO1,-1.0,-0.937131
CCN(CC)C(=O)/C(Cl)=C(\C)OP(=O)(OC)OC,-4.60206,-4.5491896
CC1(C)Cc2cccc(OC(=O)NC)c2O1,-5.31,-5.955923
CCC(C)c1ccc(O)cc1,-1.43,-1.6156546
CC1=CC=C2C(C=CC3=C2C=CC=C3)=C1,-4.3001623,-4.513622
C[Si]1(C)O[Si](C)(C)O[Si](C)(C)O[Si](C)(C)O[Si](C)(C)O[Si](C)(C)O1,-1.65,-1.5795733
CC(C)NC(C)C,1.9,1.5567855
Cc1cc2ccccc2o1,-0.31,-0.591815
CC(C)COC(=O)Cl,0.92,1.0871402
C1CO1,3.12,2.421142
CC[Si](CC)(CC)CC,0.7,0.69349
CCS,1.2088201,2.1188865
CCCC(C)C(C)(C)CC,-0.8535619,-0.04241754
NCCNCCN,-0.64,-0.4917072
COc1cc[s]c1CN(C(=O)CCl)c1c(C)cccc1C,-6.68,-6.1733074
CSC#N,1.08,0.7471814
CC(CC)C(C)(C)CC,0.95,0.4647432
C=CC(=O)OCCOC(=O)C=C,-1.18,-0.9061062
Cc1cc[n]c2ccccc21,-2.2,-2.0237443
CC(CC)(CC)CC,1.36,0.85496205
Clc1cc(Cl)c(Cl)c(Cl)c1,-1.26,-1.5614582
CC(=O)c1ccc(cc1)OC,-2.19,-1.4376713
CC(=O)C(C)=O,1.75,0.8733749
CCCCCC(C)CC,-0.59859943,0.2794807
CC1c2ccc(cc2OC(=O)C=1Cl)OP(=S)(OCC)OCC,-7.01,-6.3628025
CCOP(=S)(NC(C)C)Oc1ccccc1C(=O)OC(C)C,-5.5228786,-5.3398256
Cc1ccc(C(C)C)c(O)c1,-2.66,-1.6588634
CCCCCC(O)=O,-1.36,-1.5410986
CC(CC)=CCC,1.91,1.0019052
CC\C=C(C)/CC,0.25551373,1.0019052
COC1=CC(O)=C(C=C1)C(C)=O,-3.1655793,-2.6842039
Fc1ccccc1,1.89,1.5422438
CCc1cc(C)ccc1C,-0.03,-0.011525109
CCC(=C)CC,2.24,1.410727
Nc1ccccc1,-1.5934598,-0.6609893
CN(SN(CCCC)CCCC)C(=O)Oc1cccc2CC(C)(C)Oc21,-6.51,-6.5984035
C[C@H]1CCC[C@H](C)C1,-0.18648572,0.40695655
CCOP(=O)(OCC)Oc1ccc([N+](=O)[O-])cc1,-5.958607,-5.531924
CCCCOC(=O)C1=CC(=O)CC(C)(C)O1,-3.52,-3.0474744
O=C1c2ccccc2C(=O)C(Cl)=C1Cl,-5.96,-5.303184
C=CCOC(C[n]1c[n]cc1)c1ccc(Cl)cc1Cl,-5.92,-5.6383123
CCCO,1.32,1.0236124
CCOC(=O)C1CC(=O)C(=C(O)C2CC2)C(=O)C1,-4.79,-6.2765183
Oc1ccc(Cl)cc1Cl,-1.05,-1.3407601
N#CCCC#N,-2.11,-1.4460603
C=CF,4.3,4.320675
C=C[Si](Cl)(Cl)Cl,1.82,1.8814002
CCCCCCCCCCCCF,-0.68,-0.72139525
C(NCc1ccccc1)c1ccccc1,-3.1,-3.5704346
CNc1[n]c([n]c(NC(C)C)[n]1)SC,-6.0,-5.8843384
FCCF,2.79,2.896792
C[Si](C)(OCC)OCC,1.3,1.2422131
CCCC(CC)CC,1.3,0.6672031
O[C@H]1[C@@H]2OC[C@@H](O2)[C@@H](O)[C@@H]1O,-7.12,-8.050124
CCOP(=S)(NC(C)C)Oc1ccccc1C(=O)OC(C)C,-5.52,-5.3398256
CCCCOC(=O)CCCCCCCCC(=O)OCCCC,-5.33,-5.1704803
C[CH]=[C]=[CH2],1.5654913,2.2621148
COc1c(O)cc(Cl)c(Cl)c1Cl,-3.05,-2.8205523
O=C1C=CNC(=O)N1,-4.33,-3.9178574
CCCCCCOCCOCCO,-2.93,-2.0097067
CCCCCCCCCCCCc1ccccc1,-4.29,-4.229453
CCCCOC(=O)c1ccccc1,-2.0,-1.7679691
CCOC(=O)CC(C)C,0.92,0.8066916
O=C(Oc1ccccc1)Oc1ccccc1,-3.82,-3.3140297
CCCCCCCCCCF,-0.2,-0.11328153
CCCCCCCC/C=C\CCCCCCCC(=O)OC,-5.2,-5.1296744
CCCCCCCC#C,0.8,0.41963184
CCC(C)(C)CO,0.4440448,0.8366422
c1c2ccccc2cc2ccccc21,-5.19,-4.052684
C1N2CN3CN1CN(C2)C3,-2.4,-2.3371944
CC(O)CO,-0.89,-0.8185715
CCO,0.36385632,1.1397932
Clc1cc(Cl)c(cc1)Oc1ccccc1,-3.04,-3.1186912
O=C(Nc1cc(Oc2[n]cc(cc2Cl)C(F)(F)F)c(Cl)cc1)NC(=O)c1c(F)cccc1F,-12.05,-11.884761
Clc1cc(Cl)c(cc1)-c1cc(Cl)c(Cl)cc1Cl,-4.66,-4.6188245
CC(N)=O,-1.4,-0.65087533
C[Si](C)(C)O[Si](C)(C)C,1.62,1.4453117
FC(F)(F)COC(F)(F)C(F)F,2.33,2.5994759
O=C(CCl)c1ccccc1,-2.27,-1.3033131
CNC(=O)Oc1cc(C)c(C)c(C)c1,-4.29,-3.8940098
ClCC(Cl)(Cl)Cl,1.08,0.9663997
Cc1ccc(c(O)c1)[N+]([O-])=O,-1.7,-2.540468
c1[n]c(c[s]1)-c1[nH]c2ccccc2[n]1,-8.4,-8.288689
Fc1c(F)c(F)c(Cl)c(F)c1F,1.25,1.2578169
CCOC(=O)CN1C(=O)Sc2cccc(Cl)c12,-5.56,-5.96766
O=S1(=O)OCC2C(CO1)C1(Cl)C(Cl)=C(Cl)C2(Cl)C1(Cl)Cl,-6.55,-6.4722524
CCCCC(C)(C)C,0.08639543,0.8446502
ICc1ccccc1,-0.9,-0.50480974
CC(Cl)CCl,1.73,1.33233
CC(C)(C)CC(C)(C)S,0.72,0.41095108
CCCCCCCCCCCCCCCCCCCCO,-7.34,-6.4338737
OCCOCCOCCOCCO,-4.33,-4.327698
c1c2c3ccccc3c3ccccc3c2cc2ccccc21,-10.0,-9.554898
CCC(C)(C)C(C)(C)C,-0.44213203,0.5492428
O=CC1=CC=C2OCOC2=C1,-3.0,-2.1833956
CC(C)N(C(=O)CCl)c1ccccc1,-3.64,-3.737196
CC1(C)[C@H]2C[C@@H](O)[C@@]1(C)CC2,-1.3,-0.9189515
CC(Cl)(Cl)C(O)=O,-0.82,-0.8223374
CC(C)CC(C)C,0.5176313,1.1285957
N#CCCCCC#N,-3.17,-2.3026004
CCCCCCCC=O,0.07,0.09116669
COC(OC)C(C)=O,0.92839587,0.8495483
CCCCCCCCCCCCCCO,-3.96,-3.5082326
CC(=O)C(C)(C)C,1.5,1.5449437
CCOC(C)OCC,1.440909,1.6004115
NC(=S)c1c(Cl)cccc1Cl,-6.0,-5.3936706
CCc1ccccc1C,-0.9633711,0.20128055
ClC(Cl)(Cl)c1ccccc1,-0.38,-0.36213905
Clc1cc(Cl)c(Cl)cc1-c1cc(Cl)c(Cl)cc1Cl,-5.46,-5.1215744
COP(=O)(OC)OC,-0.07058107,0.07556786
c1cccc2[s]ccc21,-0.62,-0.8262825
Nc1[n]c[n]c2[nH]c[n]c21,-10.35,-9.757355
COC(=O)C=C,1.94,1.4022135
CCCCCCCCCCCCCC,-3.0457575,-2.081592
CCC(O)=O,-0.80994856,-0.13704185
CCCOCCO,0.49,0.50459856
Clc1cc2oc3c(ccc(Cl)c3Cl)c2c(Cl)c1Cl,-8.65,-8.605634
CCC(=C)C=O,1.5611014,1.405305
CC[As](Cl)Cl,0.36,0.5212639
CCO,1.77,1.1397932
CC(C)=C,3.36,2.2935073
COc1ccccc1O,-0.99,-1.3418102
CCCCCOCCCCC,-0.07,-0.31021434
C#N,1.3562554,1.9576398
C1CCCS1,1.26,1.6237099
ClC1(Cl)C2(Cl)C3C(C(Cl)OC3Cl)C1(Cl)C(Cl)=C2Cl,-5.53,-4.7846303
Cc1cc(O)c(cc1Cl)[N+]([O-])=O,-3.07,-3.3050582
CC(C)(COCc1cc(ccc1)Oc1ccccc1)c1ccc(cc1)OC(F)(F)Br,-8.23,-8.607101
CCCC(C)=CC,1.7,1.0086063
CC(C)c1ccccc1O,-1.0,-1.1803125
CC(C)CCCCCOC(=O)C(C)Oc1ccc(Cl)cc1Cl,-5.47,-5.361135
CCCCCCCCCCCCCCCCCCCCCCCCCCCC,-8.8,-8.894147
C=O,2.0420003,2.3953152
CCCCCCC(C)CC,-1.0705811,-0.35206255
C1CC=CCCC=C1,0.69,0.9465185
Clc1cc(ccc1)-c1ccccc1,-2.13,-2.4516487
CCOC(=O)C(C)O,0.57,-0.21166994
CCCCCCCS,0.12,0.4726419
CCCC(Cl)Cl,1.36,1.2724085
CCOCCOCCOCCO,-2.0,-1.7011117
C1CCC(CC1)C1=CC=CC=C1,-1.5228788,-1.3751105
COC(=O)[C@@H]1C2CCC(C[C@@H]1OC(=O)c1ccccc1)[N@@]2C,-6.72,-7.3645444
Clc1c(Cl)cccc1Cl,-0.68,-0.6918401
CN(c1c(Br)cc(Br)cc1Br)c1c(cc(cc1C(F)(F)F)[N+]([O-])=O)[N+]([O-])=O,-7.01,-7.2692943
CCC(C)(O)CCCC(C)C,-2.0,-0.87928224
CC(C)=CC(=O)Oc1c(cc(cc1[N+]([O-])=O)[N+]([O-])=O)C(C)CC,-6.5,-6.2623715
CCOC(=O)C(C)C,1.4,1.1661516
CC(C)O,1.66,1.0936303
OCCS,0.24,0.48307818
CCC\C=C\CCC,-0.18045606,0.5548596
CC1(C)C2CC1C(C)(O)CC2,-1.154902,-1.274354
COc1c(O)c(Cl)c(Cl)c(Cl)c1Cl,-4.08,-3.5637026
Cc1cc2cc(C)ccc2cc1,-2.25,-1.7223196
O=P(O)(O)CCCl,-7.008774,-6.376228
CCOP(=S)(CC)Oc1cc(Cl)c(Cl)cc1Cl,-4.823909,-4.4124866
O=C1C2(Cl)C3(Cl)C4(Cl)C2(Cl)C2(Cl)C(Cl)(C3(Cl)C21Cl)C4(Cl)Cl,-6.65,-5.9538846
c1cc2c3ccccc3ccc2c2ccccc21,-8.21,-7.704752
CCC/C(=C\C)/C,0.2787536,1.0086064
CCCN(CCCl)c1c(cc(cc1[N+]([O-])=O)C(F)(F)F)[N+]([O-])=O,-4.52,-4.647042
NCCNCCNCCN,-3.39,-3.07828
CCc1ccc(C=C)cc1,-0.02,-0.22023974
CNC(=O)N(C)c1[n][n]c([s]1)C(C)(C)C,-5.7,-6.2215414
O=C(Br)c1ccccc1,-0.65,-0.63206077
Cc1ccccc1CCC,0.0,0.0022460967
CC(C)=C[C@@H]1[C@@H](C(=O)O[C@H]2CC(=O)C(C/C=C\C=C)=C2C)C1(C)C,-4.69,-5.4751267
COC1=CC=CC=C1,0.54900324,0.46842074
CCCCCCCCCCCC=O,-1.82,-1.8536049
FC(F)(F)c1ccc(Cl)cc1,0.88,1.0924531
Clc1ccc(cc1)Oc1c(Cl)cccc1Cl,-3.66,-3.8169963
O=C(C1=CC=CC=C1)C1=CC=CC=C1,-2.7144427,-3.3138924
CS(=O)(=O)N(C)S(=O)(=O)NC(O)=Nc1[n]c(cc([n]1)OC)OC,-6.78,-6.437531
CCC(C)(C)C(C)=C,1.48,0.88242215
CC(C)COC(=O)CC(C)C,0.27,0.054589406
CC1=CC(=CC=C1)C1=CC=CC=C1,-2.099087,-2.2201793
CC(C)CCCCCO,-0.46344155,-0.27280933
CC(C)CC(C)CC,1.48,0.81426233
O=Cc1ccco1,0.34,0.6313457
CCC(O)CO,-1.3,-1.4640741
C(OCc1ccccc1)c1ccccc1,-2.99,-2.8386092
O=CC(Br)(Br)Br,0.18,0.5800908
CCCCCCCCCOCCCCCCCCC,-4.28,-4.4977355
CC(C)c1cc(ccc1)C(C)C,-0.41,-0.4671783
CC(=NOC(=O)NC)SC,-5.27,-4.88945
CC(C)(C)C(=O)OC(=O)C(C)(C)C,-0.36,-0.31281668
OCCCC1=CC=CC=C1,-1.6307842,-1.2889419
CCCCC(CCl)CC,0.08,0.13152157
CC(=O)C(Cl)Cl,1.43,1.2242316
Brc1cc(Br)c(cc1)Oc1ccc(Br)cc1Br,-7.15,-6.858025
O=CCc1ccccc1,-0.41,-0.6668687
CCOC(=O)c1ccco1,-0.43,-0.55627286
CCC\C=C/CC,0.26766443,0.91208047
O=C(Nc1ccc(CO/N=C(\C2CC2)/c2ccc(Cl)cc2)cc1)NC(=O)c1c(F)cccc1F,-9.39,-10.284457
CC1=CC(=C(O)C(C)=C1)C(C)(C)C,-2.0,-2.1353781
CCCCCCCBr,0.1,0.31751925
CCOCCC,2.26,2.0210514
CCC(C)(C)CC,1.9175055,1.1745559
Cc1ccc2ccccc2c1C,-1.9,-1.7592865
CC(C)OP(C)(=O)F,0.46,0.63325566
CC(C)OC(C)=O,1.78,1.5234914
CCC1=C(C)C=CC=C1,0.41664052,0.2012804
Clc1cc(Cl)c2c3c(cc(Cl)cc3Cl)oc2c1,-7.73,-7.7504916
Nc1ccc(cc1)/N=N/c1ccccc1,-5.85,-5.7301526
CC(C)C#N,1.51,1.5342101
Clc1ccc(Br)cc1,-0.59,-0.16164912
CC(C)OC(=O)[C@@H](C)N(c1cc(Cl)c(F)cc1)C(=O)c1ccccc1,-6.2,-6.7921596
CCc1c[n]ccc1,0.4,0.30520302
COP(=S)(OC)Oc1ccc(C#N)cc1,-3.103474,-3.6589487
[O-][N+](=O)c1cc(ccc1O)[N+]([O-])=O,-3.41,-3.7705102
CCCCCCCCCCCCN,-2.09,-2.2476313
CC(C)(C)C#C,2.599883,1.885836
CC(F)F,3.66,3.1569738
CC(C=O)c1ccccc1,-0.57,-0.7951856
Clc1ccc(-c2ccc(Cl)c(Cl)c2Cl)c(Cl)c1Cl,-5.59,-5.182339
CC[C@H](C)CC=C,1.87,1.0331291
O=CC1=CC=CC=C1,0.103803724,-0.25731474
C1CN2CCN1CC2,-0.13,-0.11900519
FC(F)(C(F)(F)F)C(F)(F)F,3.82,3.6600134
CC(C)C(C(=O)OC(C#N)c1cccc(c1)Oc1ccc(Br)cc1)c1ccc(cc1)OC(F)F,-8.92,-8.792541
O=[N+]1[N-]C(=Nc2ccc(Cl)cc12)[n]1c[n]cc1,-8.65,-8.927504
CCCCC(C)=O,1.06,1.2164518
CCC\C=C\CCC,-0.17704776,0.5548596
Fc1ccc(F)c(F)c1F,1.69,1.7783397
CC=O,1.429447,2.0083308
C1C=CC2C3CC(C=C3)C21,0.36,0.05255647
COP(=O)(OC)OC(Br)C(Cl)(Cl)Br,-3.69897,-3.1810355
CC(C)(O)C#N,-0.47,-0.2987486
CCCC#C,1.1303338,2.0313413
CCC1CCCCC1,1.11,0.42137372
Brc1cc2Oc3cc(Br)c(Br)cc3Oc2cc1Br,-8.32,-8.543235
COCCO,0.98,0.8874796
CC(C)=C(C)C,2.1,1.5544058
CCC(C)O,-0.09930523,0.88404006
CC1=CC=CC2=C1C=CC=C2C,-2.0757208,-1.7654098
OC(=O)CCCCCCCC(O)=O,-7.97,-7.126616
O=C1CCCC=C1,0.55870855,1.0519495
ClCC(Br)CBr,-0.24,0.0050899982
CCCCCCCC/C=C\CCCCCCCC(O)=O,-5.85,-6.2186933
Clc1cc(Cl)c(Cl)c(-c2c(Cl)c(Cl)cc(Cl)c2Cl)c1Cl,-5.41,-5.8011546
CCCCCCCCCCCCCCc1ccccc1,-4.62,-5.088468
Cc1c2ccccc2cc2ccccc21,-4.4,-4.689895
C1C=CC2=C1C=CC=C2,0.041392684,0.120599434
C=Cc1ccc(Cl)cc1,-0.09,0.010267571
CCC1(CC2(CO2)c2cc(Cl)ccc2)C(=O)c2ccccc2C1=O,-7.7,-7.922218
CCCCC(O)(C[n]1c[n]c[n]1)c1ccc(Cl)cc1Cl,-6.87,-6.61424
CCC(=O)OCC,1.55,1.2300212
CC(C)C(CC)CC,1.38,0.68463594
C1=CC=C(C=C1)C1=CC=CC=C1,-2.0491486,-1.9507324
CC1=CC(O)=CC(C)=C1,-1.392545,-1.0420921
CCCCOC(=O)COc1cc(Cl)c(Cl)cc1Cl,-4.82,-4.7620616
COCCOC(C)=O,0.3,0.7674934
Oc1ccccc1,-0.46,-0.76507884
O=C1CCCCCCC1,-0.39,-0.25992134
CC(C)(C)c1cccc(O)c1,-1.7,-1.2777817
Cc1c(cccc1[N+]([O-])=O)[N+]([O-])=O,-3.25,-2.8458107
CC(C)(C)c1cc2cc3ccccc3cc2cc1,-6.19,-5.8462706
CCSC,2.2,1.7187914
O=S1(=O)CCCC1,-2.2076082,-1.7125276
CCCCCC#C,1.72,1.2971612
CC(C)C1=CC(=CC(=C1)C(C)C)C(C)C,-1.69897,-1.9257808
NNc1ccccc1,-1.59,-1.4771554
N#CC(C[n]1c[n]c[n]1)(CCc1ccc(Cl)cc1)c1ccccc1,-7.43,-8.433185
CCCCCCCCCCCCCS,-3.16,-2.718956
CC1(C)CC(=O)CC(=O)C1,-1.2218487,-1.1125981
O=C(c1ccccc1)C(=O)c1ccccc1,-3.68,-4.6851454
FC(F)(F)F,5.24,5.6233554
CC(C)CCCC(C)CCCC(C)CCCC(C)C,-2.3565474,-3.0927818
CCCCOCN(C(=O)CCl)c1c(CC)cccc1CC,-5.54,-5.6049385
CCC(CC)C(C)(C)C,-0.36673358,0.31984675
CCO[Si](OCC)(OCC)OCC,0.27,0.15091054
CC1=CC=C2C(C)=CC=CC2=C1,-1.8356471,-1.7307116
BrC(Br)(Br)Br,-0.57,-0.31034225
c1cccc2c1c1ccccc1c1ccccc12,-7.68,-8.050078
CCOC(=O)C(Cl)Cl,0.46,0.45168692
CCCCCCCC=C,0.73,0.20049976
Cc1ccc(cc1)C#N,-0.5,-0.8793228
CN(C)C(=O)Nc1ccc(cc1)Oc1ccc(Cl)cc1,-8.41,-8.208563
Clc1ccc(cc1)C(c1ccccc1Cl)C(Cl)(Cl)Cl,-5.87,-5.9516206
CC(C)(C)C(=O)C(Oc1ccc(Cl)cc1)[n]1c[n]c[n]1,-7.82,-6.730417
Oc1cccc2ccccc21,-3.56,-2.9202237
O=C1CCCCCO1,-0.87,-0.15973713
CCCC(C)C,0.82954174,1.4680742
CCCCCCCCC(O)=O,-2.78,-2.8620453
CCOP(=S)(Oc1cnc(C(C)(C)C)nc1)OC(C)C,-4.4259686,-4.2102947
CCN(CC)c1ccccc1,-0.87,-0.64464813
COCC(=O)N(C(C)C(=O)OC)c1c(C)cccc1C,-4.93,-5.1823373
CCOP(=S)(OCC)SC(CCl)N1C(=O)c2ccccc2C1=O,-7.207608,-6.9385295
CC1(C)C2CCC(C2)C1=C,0.39794,0.16363229
CCOC1Oc2ccc(cc2C1(C)C)OS(C)(=O)=O,-5.31,-5.164664
Nc1cc(Cl)ccc1,-1.18,-1.3330069
CCC=C=C,2.57,1.8395339
CCCCC(O)=O,-0.71,-0.98832375
CC(F)(Cl)Cl,2.78,2.8322637
CCCCCCCCC,0.65,0.14604174
CCCCCCCC,-0.27010658,0.64259976
CCCCOC,2.14,1.9501694
ClC1(Cl)C2(Cl)C3CC(Cl)C(Cl)C3C1(Cl)C(Cl)=C2Cl,-4.69,-4.3893747
CCSCSP(=S)(OCC)OCC,-3.2,-3.531066
CC(C)=C(C)CC,1.7,1.0924922
CCC(C)(C)C=C,0.54654264,1.1631593
CCCCCCCCCCCCC(=O)OC,-2.89,-2.5886369
CC1=CCC2C(C1)C2(C)C,0.57054293,0.19277366
O=C(Cl)C(Cl)Cl,1.36,1.3219725
O=C(OC(=O)C(Cl)(Cl)Cl)C(Cl)(Cl)Cl,-0.91,-0.3736692
CCOP(=S)(Oc1c[n]c2ccccc2[n]1)OCC,-5.59,-5.749952
CCC(C)CC(C)(C)C,-0.24048324,0.40913707
FC1(F)C(F)(F)C(F)(F)C(F)(F)C(F)(F)C1(F)F,2.23,2.4021597
CC12CCC(CC1)(O2)C(C)C,0.29,0.14565219
Cc1ccc(N)cc1N,-3.77,-3.1303298
NC1CCCCC1,1.0,0.30466163
CCCC=C,2.8,1.7592787
OC1=CC=C2C=CC=CC2=C1,-2.537602,-2.9104562
C1CCCN1,1.8,1.8224331
ClCCOCCCl,0.19,0.6366367
FC(F)(Cl)C(F)(F)C(F)Cl,2.46,2.7080674
CCOP(=S)(OCC)Oc1ncn(-c2ccccc2)n1,-5.537602,-5.6820674
CCCC(C)(C)C(C)C,0.99,0.44438976
CC(C)C(C)C(C)CC,0.96,0.4388364
CCCCCC=C,0.29289818,0.9137234
CCCC=C(C)C,1.73,1.0273707
CC(O)(CC)CC,0.75,0.6812923
CC(C)C1CCCC1,1.21,0.4575922
Clc1cc(Cl)c(Cl)cc1Cl,-2.27,-1.6113082
Clc1ccc(cc1Cl)-c1cc(Cl)c(Cl)cc1Cl,-5.05,-4.6551023
CC(N)Cc1ccccc1,-0.62,-0.96330494
CC1(C)C2CC1CCC2=C,0.47,0.28824395
O=C1C(=O)C2=CC=CC3=C2C1=CC=C3,-4.8041005,-5.5544586
[O-][N+](=O)N1CN(CN(C1)[N+]([O-])=O)[N+]([O-])=O,-8.39,-9.026074
CCCC(=O)OCCCC,0.26,0.2627092
CCCN,0.998865,1.4476165
CCCC(Br)CBr,0.15,0.06357674
CCCC(O)CCC,0.0,0.12673883
CCCCCCC=C,1.24,0.59060025
CC(C)c1ccc(O)cc1,-1.34,-1.1902934
COc1cccc(O)c1,-1.71,-1.294094
CCC(=O)OC(=O)CC,0.13,0.22861882
C/C(=N\OC(=O)NC)/C(C)S(C)(=O)=O,-5.7,-4.9283442
COCC(F)F,2.48,2.2444563
CCCC(C)(C)CC,0.01321654,0.83357424
[O-][N+](=O)c1ccc(cc1)-c1ccc(cc1)[N+]([O-])=O,-7.56,-7.288196
OCCNc1ccccc1,-2.66,-2.2429228
Clc1cc2Oc3c(Oc2c(Cl)c1Cl)c(Cl)c(Cl)c(Cl)c3Cl,-10.19,-10.859172
Cc1cccc[n]1,1.05,0.6323168
CCCCOCCOCCCC,-1.05,-0.5047872
COC1=CC(OC)=CC=C1,-0.28399664,-0.24931853
Cc1ccccc1Cl,0.54,0.30224967
C[C@@H]1CC(C[C@@H]1C)C,-0.070632175,0.39240855
c1cco[n]1,1.66,2.045239
[O-][N+](=O)C([N+]([O-])=O)([N+]([O-])=O)[N+]([O-])=O,0.93,0.30115968
COC(C)=O,0.8519734,1.5344774
O1C2=C(C=CC=C2)C2=C1C=CC=C2,-2.6055484,-3.104523
Cc1cc(CC)cc(CC)c1,0.0,-0.4421032
Clc1c(Cl)c(Cl)[n]c(Cl)c1Cl,-1.85,-1.2012985
Cc1cccc(C)c1N(C1CCOC1=O)C(=O)CCl,-6.82,-6.483528
CCOC(C)(C)C,2.09,1.8218781
CC(C)CCC(C)C,0.040364955,0.8499376
CC(C)=C1CC=C(C)CC1,-0.13,0.1482629
CCCCCCCCI,-0.6,-0.7386419
N#Cc1c[nH]cc1-c1cccc2OC(F)(F)Oc21,-8.53,-8.847659
O=CCC1=CC=CC=C1,-0.4089354,-0.6668687
CCOP(=S)(OCC)O/N=C(\C#N)c1ccccc1,-4.801343,-5.123323
CC=CC(C)C,2.3159704,1.4114599
O=C(Cl)Oc1ccccc1,-0.25,-0.3537143
CC(C)CCCCCCCOC(=O)c1ccccc1C(=O)OCCCCCCCC(C)C,-6.28,-7.277963
CCC(C)CC(C)C,0.040167037,0.81426257
ClC(Cl)=C(Cl)C(Cl)(Cl)Cl,-0.61,-0.5416837
CCNc1ccccc1,-0.69,-0.4751072
CCOCC(C)O,0.8750613,0.661609
COc1ccc(cc1OC)C(=CC(=O)N1CCOCC1)c1ccc(Cl)cc1,-8.13,-7.67798
OC(=O)CCCC(O)=O,-5.54,-5.5467067
CC(=O)CC(C)(C)N,-0.7,-0.54695153
CC(C)(C)[N+]([O-])=O,1.08,1.0222406
COP(=S)(OC)SCN1N=Nc2ccccc2C1=O,-5.8,-5.9484773
CC(O)COC(C)(C)C,0.6812412,0.7496108
CCOCCO,0.73,0.6603461
CCCCOC(=O)C=C,0.74,0.67861754
CC(=O)C1=CC=C(O)C=C1,-2.1260984,-2.479241
CC(=C)C1=CC=CC=C1,0.2787536,0.18165927
OC(C(=O)c1ccccc1)c1ccccc1,-5.28,-5.2229896
CC(=O)C(O)=O,0.11,-0.5634635
CC(C)(C)c1cc(ccc1O)C(C)(C)C,-2.32,-1.9671448
O=C=Nc1cccc2c1cccc2N=C=O,-4.47,-4.878156
CC#C,3.63,2.7417464
[O-][N+](=O)[N+]([O-])=O,1.3113321,1.5797504
CC(C)CCS,1.31,1.4495178
Clc1cc2Oc3c(cc(Cl)c(Cl)c3Cl)Oc2c(Cl)c1Cl,-10.44,-9.935479
CCC,3.85,2.6215396
CCCCCCCCCCCl,-2.01,-0.86428314
Oc1cc(Cl)ccc1Cl,-1.25,-1.338788
[O-][N+]=O,1.487807,2.2800925
CCCCOCC(C)O,0.14612803,0.06711654
Cc1cc(O)c(C)cc1,-0.81,-0.98424065
CCOP(=S)(OCC)Oc1cnccn1,-2.5228786,-2.365365
CC1CCC(C)C(C)C1C,0.12,0.11816065
CC(=O)CCC(=O)OCC,-0.68,-0.36496425
CC(C)Cl,2.71,2.6560216
c1ccc2ncccc2c1,-2.481486,-1.953311
N#CO,2.91,2.345085
CCCOC(=O)c1ccccc1,-0.87,-1.5172372
OC(=O)c1ccc(cc1)C(O)=O,-5.04,-5.712919
COC(F)(F)C(F)(F)C(F)(F)F,2.75,2.6521497
CC1(OC(=O)N(Nc2ccccc2)C1=O)c1ccc(cc1)Oc1ccccc1,-8.32,-9.374232
Brc1cccc2Oc3ccccc3Oc21,-4.58,-4.5874887
CCC1CCCC1,1.6,0.955918
CCNc1[n]c(NC(C)(C)C)[n]c([n]1)SC,-5.77,-5.8743825
CC(F)(F)Cl,3.41,3.6235847
OCC#CCO,-3.25,-2.4514568
COC(=O)/C=C(\C)OP(=O)(OC)OC,-3.89279,-3.7262049
C=CCl,3.47,3.311503
CCC(C)(C)CCC,1.46,0.83357424
Cc1ccc(cc1)C(=O)COc1c(C(=O)c2ccc(Cl)c(C)c2Cl)c(C)[n][n]1C,-7.01,-7.5885887
CN(C)C(=O)Nc1cc(ccc1)C(F)(F)F,-6.03,-5.8292723
OC1CCCC1,0.4,0.41764814
CC(C)(OC)OC,2.01,1.9617966
NCCOCCO,-2.81,-2.6088126
CCOc1cc(ccc1C1COC(=N1)c1c(F)cccc1F)C(C)(C)C,-7.79,-7.5155945
O=C(C(F)(F)Cl)C(F)(F)F,3.15,2.8306885
CCC(C)C(C)=O,1.06,1.3461279
C[Si](Cl)(Cl)Cl,2.22,2.3364124
CC(C)C1CCC(C)CC1O,-1.08,-1.1582083
CCC(C)/C=C\C,0.41497335,1.0280972
Cc1ccc(C)c(C)c1C,-0.44,-0.22863914
Nc1ccc(cc1)Nc1ccccc1,-4.92,-5.0093036
FC(F)(F)c1ccc(Cl)cc1Cl,0.04,0.22481035
C[Si]1(C)O[Si](C)(C)O[Si](C)(C)O[Si](C)(C)O[Si](C)(C)O[Si](C)(C)O[Si](C)(C)O1,-1.95,-1.8877329
CC(C)N(C(C)C)C(=O)SCC(Cl)=CCl,-3.82,-3.1435773
CCOP(=S)(OCC)SC(CCl)N1C(=O)c2ccccc2C1=O,-7.21,-6.9385295
COC(=O)C(Cl)Cl,0.65,0.8236032
CC(CO[N+]([O-])=O)O[N+]([O-])=O,-0.42,-0.18629268
CCCCC(CO)(CO)CC,-4.0,-3.029653
[O-][N+](=O)c1ccc(cc1O)[N+]([O-])=O,-3.91,-3.7466185
O=CC(Cl)Cl,1.74,1.6043857
CCC1=CC=C2C=CC=CC2=C1,-1.5228788,-1.7735077
CC(=NOC(=O)NC)C(C)SC,-4.1,-4.3780217
N#CCC#N,-0.7,-0.8928681
CC(C)C(O)C(C)(C)COC(=O)C(C)C,-2.0132282,-2.2156847
Cc1cc(C)c(C)cc1C,-0.28,-0.1637183
CCOS(C)(=O)=O,-0.69,-0.36391068
c1c[n]cc[n]1,1.03,1.1700158
CC(C)C(C)=C,2.4,1.573125
Fc1ccc(cc1)Oc1cc[n]c2cc(Cl)cc(Cl)c21,-6.82,-6.8341937
CC1=CC=C(C=C1)C(C)(C)C,-0.18708664,0.07844652
CCC#C,1.6132613,2.389145
CCOC(OCC)OCC,0.59,0.87385994
CC1(C)OC2(C)CCC1CC2,0.28,0.23345034
CC1=CC=C2C=CC=C(C)C2=C1,-2.0757208,-1.7360955
CCN(Cc1c[n]ccc1)CC,-2.37,-1.7074691
CCOC(=O)C=Cc1ccccc1,-2.49,-1.9300423
CC#CCC,2.37,2.0272765
Cc1ccc[s]1,1.4,1.2301021
CCCC(CC)C=C,0.0,0.6831928
OC(=O)CCl,-1.19,-0.3621701
CCCCCCC(=O)OCC,-0.17,-0.20780937
C1COCCO1,1.58,1.0671362
Clc1cc(Cl)[n]c([n]1)-c1ccccc1,-4.05,-4.5302963
CC1COc2ccccc2N1C(=O)C(Cl)Cl,-5.35,-5.915787
Cc1cc(S)ccc1,-0.26,-0.21666823
COC(C)(C)C,2.4,2.0927181
CCCCC(CC)CO,-0.8664611,-0.45669225
CCOC(=O)NC,-0.04,0.34932232
[O-][N+](=O)OCC(CO[N+]([O-])=O)(CO[N+]([O-])=O)CO[N+]([O-])=O,-8.26,-8.7613
CC1CCC(C1)CC,0.8,0.43122232
C1CC2=C(C=CC=C2)C2=CC=CC=C12,-3.3535962,-3.461354
CBr,3.21,2.8637772
CCCOCC=C,1.78,1.5774117
CCN(Cc1c(F)cccc1Cl)c1c(cc(cc1[N+]([O-])=O)C(F)(F)F)[N+]([O-])=O,-6.62,-6.766951
OCC1CO1,-0.04575749,0.29824787
Brc1ccc(cc1)-c1ccccc1,-2.63,-2.6459243
CCCCOC(=O)C(C)Oc1ccc(cc1)Oc1ccc(c[n]1)C(F)(F)F,-6.5,-7.041588
CC(O)CC(C)(C)O,-1.89,-1.4481272
Cc1cc(ccc1)OC(O)=NC,-2.97,-3.2823644
CC(C)CS,1.84,1.7797688
CCCC=O,0.5775607,1.5072964
CCCC(=O)OC,1.51,1.2027422
CC1CCC(=O)O1,-0.30103,0.12884198
O=CC=Cc1ccccc1,-1.54,-1.0148598
Cc1cc(Cl)ccc1O[C@H](C)C(O)=O,-5.58,-5.2405524
CCSCCSP(=O)(OC)OC,-3.52,-3.8812652
CCCC(=O)OC,0.079506844,1.2027422
[CH2]=[C]=[CH2],2.159997,2.6390874
C[Se]C,2.38,2.6549554
N#Cc1c[nH]cc1-c1cccc(Cl)c1Cl,-7.08,-7.236554
Cc1cc(c(O)c(c1)C(C)(C)C)C(C)(C)C,-2.29,-2.2621732
C=Cc1cccc[n]1,0.44,0.28644514
ClCCBr,1.52,1.1547152
C1CCCCCCC1,-0.6540384,0.4043147
CCO[Si](C)(C)C,2.06,1.7983791
C1CCCCC1,1.99,1.6241804
CCc1ccccc1,0.98,0.19547783
CC=C=C,3.1,2.2621148
Cc1cccc(N)c1C,-1.12,-1.1266422
CC(Br)Br,1.41,1.5259733
CCCCCCCCCCCC#N,-2.63,-2.254305
CCCCCCCCCCCCC,-2.5086384,-1.6207409
CC(C)=CC(C)=O,0.91,1.3510362
Clc1ccc(cc1Cl)Oc1ccccc1,-3.19,-3.118978
COc1c(cccc1OC)C(O)=O,-5.73,-4.609796
Cc1cc(C)c(O)c(C)c1,-1.76,-1.4844886
O=S(=O)(Cl)c1ccccc1,-1.24,-1.0735608
CC(C)(C)OOC(C)(C)C,1.4,1.435896
[O-][N+](=O)c1ccccc1Nc1ccccc1,-5.0,-5.498593
Cc1cc(C)[n]c(Nc2ccccc2)[n]1,-4.78,-4.9338474
Brc1ccc[s]1,1.37,1.443687
CCCCF,2.76,2.6812308
CCCCC(C)=C,1.78,1.0200616
CCOC(=O)C(C)OC(=O)c1cc(ccc1[N+]([O-])=O)Oc1ccc(cc1Cl)C(F)(F)F,-7.15,-7.520975
Clc1cc2c(oc3c2c(Cl)c(Cl)c(Cl)c3Cl)c(Cl)c1Cl,-10.45,-10.454197
Clc1cc(-c2c(Cl)c(Cl)cc(Cl)c2Cl)c(Cl)cc1,-5.64,-5.1190004
SC1CCCC1,1.06,1.2976036
CCCCC(COP(=O)(OCC(CCCC)CC)OCC(CCCC)CC)CC,-7.08,-6.883432
COc1c(C(O)=O)c(Cl)ccc1Cl,-4.47,-4.25613
Clc1cc(cc(Cl)c1)Oc1ccccc1,-3.0,-3.0878723
O=CC1=CC(C=O)=CC=C1,-2.1018236,-1.9285582
CCOP(O)OCC,1.05,0.56283754
Clc1ccccc1-c1[n][n]c([n][n]1)-c1ccccc1Cl,-9.01,-8.456901
FC(Cl)Cl,1.6008357,3.0970783
CCCCCO[N+]([O-])=O,0.71,0.7121493
Nc1cc2ccc[n]c2cc1,-4.79,-4.3954434
FC(F)(F)C(Cl)(Cl)Cl,2.56,2.5393271
CC(C)C1CCC(C)CC1,0.43,0.1055751
CCC(C)(C)C(O)=O,-0.83,-0.63969815
CC(C)CC(C)OC(C)=O,0.6,0.36420155
COC(=O)/C(/C)=C/[C@@H]1[C@@H](C(=O)O[C@H]2CC(=O)C(C/C=C\C=C)=C2C)C1(C)C,-6.4,-6.419667
CC(C)CC=O,1.7,1.4993218
CNC(=O)Oc1cc(cc(c1)C(C)(C)C)C(C)(C)C,-5.7,-5.602235
CC1=CC=CC(C)=C1C,0.2278867,0.24288718
OCc1ccccc1,-1.03,-0.80137664
CC[Si](Cl)(Cl)Cl,1.67,1.8502458
CCC[Si](Cl)(Cl)Cl,1.46,1.2988105
CC(C)=CCC/C(/C)=C/COC(C)=O,-1.48,-1.2838405
C/C=C/C=C/CCCCCCCO,-3.29,-2.4767542
CCCCC1CCCC1,0.6,0.084253624
CCCCCCCCC(C)=O,-0.57,-0.62699175
FC(F)(F)C(F)(F)C(F)(F)C(F)(F)F,3.3,3.1247852
C=C(Cl)C(Cl)CCl,0.27,0.6454814
CC/C=C(\C)/CC,0.29159084,1.0019052
CC(C)CCCO,0.23044892,0.6231564
CCCCCCCCCCCCCBr,-2.87,-2.602079
ClC(Cl)=C(Cl)C(Cl)=C(Cl)Cl,-0.66,-0.65509266
CCCOC/C(=N\c1ccc(Cl)cc1C(F)(F)F)/[n]1c[n]cc1,-5.85,-6.188639
CCCCCCCCCCc1ccccc1,-2.89,-3.181157
CC(C)C(O)=O,-1.0824945,-0.27165842
CC1=CC=C2C=C3C=CC=CC3=CC2=C1,-4.3001623,-4.474505
C=CCC1=CC=CC=C1,0.2278867,0.10649316
Clc1ccc[s]1,1.38,1.5539037
CC(C#C)OC(=O)Nc1cccc(Cl)c1,-4.8,-5.393785
CC1=CC(C)=C(C)C(C)=C1,-0.30980393,-0.1452692
CC(C)CC=C(C)C,1.4,0.86447734
CCCCCCCCCCCCCCCCCCC,-4.0,-4.663239
CCCCCCCCC,-0.74593556,0.14604174
O=C(OC1CCCCC1)c1ccccc1C(=O)OC1CCCCC1,-6.06,-6.7797937
CCC(CC)CO,0.18469143,0.59026265
Clc1cc(Cl)c(Cl)c2Oc3cc(Cl)c(Cl)cc3Oc12,-9.23,-9.115121
CCOC(=O)C(C)(C)Br,0.42,0.47122866
OCCOCC1=CC=CC=C1,-1.69897,-2.006166
CC1=CC(C)=C(C)C=C1,0.32221928,0.27601546
CCCCCC(C)CCC,-1.0222764,-0.38734174
C1=CC2=C(C=C1)C=CC=C2,-1.0705811,-1.1581143
CC(C)(N)CO,0.0,-0.07393631
CCNc1[n]c(Cl)[n]c(NC(C)(C)C#N)[n]1,-6.86,-7.063777
CC(=O)CCC=C,1.02,1.2364053
CCCCCCCCCC,-1.2153827,-0.49599713
CCCCC(=O)CCCC,-0.26,-0.23338285
COC(=O)CCC(=O)OC,-0.39,-0.4708464
C/C=C\C=C,1.072658,1.8167144
OCCOCCOCCO,-2.88,-3.257627
CC1=C(C=O)C=CC=C1,-0.4749552,-0.51200527
CP(=O)(F)OC1CCCCC1,-1.3565474,-1.1910052
CCOCC,2.73,2.4035077
CCCCCCCCCCCCCCCCCCCCCl,-5.62,-5.5767913
C1CCC2=C(C1)C=CC=C2,-0.42596874,-0.20586483
COP(=O)(OC)OC,-0.07,0.07556786
CP(=O)(OC(C)C)OC(C)C,-0.56,-0.5459317
C[C@H](O)C(F)(F)F,1.78,1.964034
c1ccc[s]1,1.9,1.556086
Cc1cc(O)c(C)c(C)c1,-2.42,-1.4823282
Cc1ccc(C=O)cc1,-0.6,-0.46900403
CCC=C(C)C,0.7140111,1.4067587
CCCCC(C)CCCC,-1.0096612,-0.36788845
NCCNCCO,-2.09,-1.5775955
CCCCCCCCCCCCCC(O)=O,-5.85,-5.277161
[O-][N+](=O)c1cccc2c1C(=O)c1ccccc1C2=O,-8.4,-8.712129
C/C(=N/Nc1[n]c(C)cc(C)[n]1)/c1ccccc1C,-7.51,-7.1775594
CN(C)c1ccc(cc1)N=Nc1ccc(cc1)[N+]([O-])=O,-10.0,-8.114589
CN(C)c1ccc(C=O)cc1,-2.43,-1.5650395
CC1=CC=CC(C)=C1,0.91855454,0.44283438
CCOP(=O)(OCC)O/C(=C\Cl)c1ccc(Cl)cc1Cl,-5.124939,-5.14711
Cc1ccccc1,1.45,0.54732007
CCCCCCCCCCCCCCC=C,-2.58,-2.8888795
OCCSCCO,-2.49,-2.5746799
O=CCCl,1.81,1.3729898
Clc1c(Br)c(Br)c2Oc3c(Oc2c1Br)c(Br)c(Br)c(Cl)c3Br,-12.5,-12.123658
CC=CC=CC=O,0.6812412,0.92599887
CCOc1ccc(cc1)C(COCc1cc(ccc1)Oc1ccc(Cl)cc1)C(F)(F)F,-9.01,-8.519264
CCCC(C)CC,1.7888751,1.1287202
CCCSP(=S)(OCC)Oc1ccc(SC)cc1,-5.920819,-5.166735
CC(C)(C)NSc1[n]c2ccccc2[s]1,-6.34,-6.2191057
C\C=C/C,1.6603597,2.1940386
COP(=S)(Oc1cc(Cl)c(Br)cc1Cl)c1ccccc1,-7.6382723,-7.0333037
CCCCCCCC(=O)CCCCCCC,-3.39,-3.3871088
Oc1ccccc1C(O)=O,-4.09,-4.261166
C1OC1C1CO1,1.59,1.1322842
CCOC(=O)C(=O)Cl,0.88,0.3156286
CC(=O)Oc1ccccc1C(O)=O,-4.6,-4.5234876
CCCCC1CCCCC1,0.12,-0.21120228
OC(=O)c1ccccc1C(O)=O,-6.2,-5.82826
C1CCCCC1C1CCCCC1,-0.97,-0.78458947
CCCC(C)C=O,1.252853,1.1864454
CCCC/C=C/CC,-0.18045606,0.5566233
CCOc1cc(ccc1[N+]([O-])=O)Oc1ccc(cc1Cl)C(F)(F)F,-6.7,-6.936931
CN(C)C(=O)Cl,0.29,0.85277814
OCC(Br)CBr,-1.04,-0.60456246
[O-][N+](=O)C(F)(F)F,3.85,3.5260906
ClC(Cl)(Br)CBr,-0.05,0.115708604
OC1=CC=C2CCCC2=C1,-2.0,-1.9304944
CC(C)(C)C#N,1.54,1.462555
C1CS1,2.4,2.266882
CN1CCCC1=O,-0.46,-0.81922275
CC(C)CCC(C)C,1.48,0.8499376
CC(O)COC1=CC=CC=C1,-2.6615436,-2.1816337
CCCC(C)(C)CC,1.4563661,0.83357424
C[C@H]1CC[C@H](C)C1,0.34421536,0.9071929
Clc1c2Oc3ccccc3Oc2c(Cl)c(Cl)c1Cl,-7.32,-7.833883
Cc1cccc2cccc(C)c12,-2.32,-1.7550396
Clc1ccc2c(oc3cc(Cl)c(Cl)cc23)c1Cl,-7.68,-7.7507415
COP(=S)(OC)Oc1ccc([N+](=O)[O-])cc1Cl,-5.4436975,-5.134487
CCCC(C)CCC,1.3117539,0.67705375
Clc1cc(-c2ccccc2)c(Cl)cc1Cl,-3.01,-3.5159593
Clc1c2ccccc2c(Cl)c(Cl)c1Cl,-5.54,-4.8222337
C1=CC=C(C=C1)C1=CC=C(C=C1)C1=CC=CC=C1,-6.468521,-5.308468
CCCCCCBr,0.59,0.8964333
CC(OC)OC,2.23,2.019519
C[Si](C)(C)Cl,2.37,2.3085983
CCC\C=C/C,0.6908072,1.3519508
CCCCCCCCC(Br)CBr,-2.43,-2.167314
O=[S]=O,1.9445838,1.9790767
CC(C)OC=O,2.14,1.4843653
CCCCCCCCCCCC(=O)OC(C)C,-2.57,-2.9236054
CC(C)C(Cl)Cl,1.6,1.3396105
CCCCOCCOCCOC(C)=O,-1.4,-1.1742426
Cc1ccccc1Br,0.02,0.15017681
Cc1[n]c(NC(=O)NS(=O)(=O)c2cc[s]c2C(=O)OC)[n]c([n]1)OC,-9.89,-9.414638
Brc1cc2Oc3ccc(Br)cc3Oc2cc1,-5.95,-6.0943327
OCCC1CCCCC1,-0.78,-0.74882585
CCC=O,1.0057337,1.7504158
[O-][N+](=O)c1c2c(ccc1[N+]([O-])=O)C(=O)c1ccccc1C2=O,-11.15,-10.62568
CCCCCCCCSC(=O)Oc1cc(Cl)[n][n]c1-c1ccccc1,-9.01,-7.8607574
CCC1=C(CC)C=CC=C1,0.021189298,-0.03575848
CCCC(=C)CC,0.30103,0.9897427
CCCC(CC)CC,-0.12743586,0.6672031
Clc1cc(-c2ccccc2Cl)c(Cl)cc1,-2.98,-3.5240636
Cc1ccccc1C(=O)Nc1cc(ccc1)OC(C)C,-6.38,-6.8647647
C1CCCC=C1,1.95,1.8078202
CC(C)C1CCC(Cc2ccc(Cl)cc2)C1(O)C[n]1c[n]c[n]1,-7.4,-7.4414253
CCCCCCCCCCCCCCCC,-4.0,-2.9998546
CC(=O)CC1=CC=CC=C1,-0.79588,-0.87514377
CC1COC(=O)O1,-1.35,-0.26683748
c1c2c3ccccc3ccc2cc2ccccc21,-6.68,-7.485657
CCCCCCCCCCCCCCCCCCI,-5.72,-5.8345637
CCOC(=O)CC(SP(=O)(OC)OC)C(=O)OCC,-5.008774,-4.976456
COC1=CC=C(C)C=C1,0.056904852,0.20577897
CCCCCCCCCCCCO,-3.07,-2.5183392
CC(C)CCCC=C,1.4014006,0.8093696
Cc1cc(ccc1C)OC(=O)NC,-3.24,-3.5611777
Cc1ccccc1[N+]([O-])=O,-0.73,-1.2512252
CNC(=O)O/N=C/C(C)(C)S(C)=O,-4.0,-4.22455
C[Si](C)(F)c1ccccc1,0.46,0.52525085
C[N+]([O-])=O,1.55,1.815046
CCCCC=CC,1.6848453,0.9217687
CC/C=C\C/C=C\C/C=C\CCCCCCCC(O)=O,-6.27,-5.9976273
Clc1c2Oc3c(Oc2c(Cl)c(Cl)c1Cl)c(Cl)c(Cl)c(Cl)c3Cl,-12.08,-11.559865
C1CCC2CCCCC2C1,0.36172783,-0.20926075
CC(CCl)OC(C)CCl,-0.25,0.250032
CC(=O)Cl,2.46,2.372644
CCI,2.13,2.5153365
CCCCC(COC(=O)Cl)CC,-0.77,-0.7339075
COC1=C(O)C=CC(CC=C)=C1,-1.6556077,-1.937252
C/C(/C=C/CC(C)CCCC(C)(C)OC)=C\C(=O)OC(C)C,-4.63,-4.4779267
Clc1cc2Oc3cc(Cl)c(Cl)cc3Oc2c(Cl)c1,-8.2,-8.155688
Brc1cc(Br)ccc1Oc1ccc(Br)cc1,-6.17,-5.6967816
CCCCC(CO)CC,-0.87,-0.45669225
CCCCCCCCBr,-0.42,-0.24032137
CCCCC(CN)CC,0.15,-0.2210018
CCCCCCCCCCCCCCCCC=C,-4.17,-4.012587
CCCCCCCCCCCCCCC(O)=O,-6.36,-5.6593213
ClC(Cl)(Cl)C(Cl)(Cl)Cl,-0.68,-0.28919804
CC1(C)C(/C=C(\Cl)/C(F)(F)F)C1C(=O)OCc1c(F)c(F)c(C)c(F)c1F,-4.22,-4.31848
ClC(Cl)=C(c1ccccc1Cl)c1ccc(Cl)cc1,-5.21,-5.0396705
COc1nn(CSP(=S)(OC)OC)c(=O)s1,-5.47237,-5.526063
Nc1ccc(Cl)cc1,-1.57,-1.390829
CN(C)P(=O)(F)N(C)C,-0.9586073,-1.3456955
Clc1cc2Oc3c(Oc2cc1Cl)c(Cl)c(Cl)c(Cl)c3Cl,-10.42,-9.938582
CCCCCCC(=O)CCCCCC,-2.18,-2.3170714
O=C=S,2.3926213,2.8654687
CCCCN(CC)c1c(cc(cc1[N+]([O-])=O)C(F)(F)F)[N+]([O-])=O,-4.19,-4.2166324
CC(=C)C(=O)OCC(C)C,0.56,0.6170723
CC(C)C(C)(C)C,2.01,1.2096155
C=C(F)F,4.48,4.348044
CN(C)S(=O)(=O)N(SC(F)(Cl)Cl)c1ccc(C)cc1,-5.82,-5.4526076
CC(=O)CC(=O)Nc1ccccc1,-4.28,-4.7138305
COCC(C)OC(C)=O,0.59,0.5632691
c1ccccc1C(c1ccccc1)c1ccccc1,-5.25,-5.4331536
ClCCN(CCCl)CCCl,-1.96,-1.6998135
CCSC(=O)N1CCCCCC1,-2.25,-2.0784698
CN1C=CC(=O)NC1=O,-3.29,-3.1632373
CCC(CC)CC=C,-0.03151705,0.68514234
CCCCOCCOC(C)=O,-0.43,-0.18360478
O=C1CCCCCC1,0.1,0.3103692
CCCCCCCCCCCCCCCCCl,-4.21,-3.7893918
COC1CCC=CO1,1.04,0.99093574
Cc1ccccc1F,1.39,1.1949809
COP(=S)(OC)SCN1C(=O)c2ccccc2C1=O,-6.309804,-6.47555
C1CCC=C1,2.58,2.2155085
CC=C(Cl)Cl,1.96,2.0376778
O=C1CCCCC1,0.64,0.7212196
CC(=C)C(C)=C,2.18,1.6613976
CCN(CC)N=O,-0.07,0.30469257
CC(O)CCO,-1.7,-1.2415113
ClCC(Cl)=CCl,0.64,0.9819862
CCC(C(C)C)C(C)C,-0.41623464,0.2314562
CC1(C)C(C)C(C)(C)c2cc3COCC(C)c3cc12,-3.26,-3.4983413
FC(Cl)C(F)(F)Cl,2.79,2.948244
CCC/C=C/C,0.70708454,1.3519508
ClCC1CO1,1.22,1.270122
CCCCCN,1.48,0.9020625
COP(=S)(Oc1[n]c(Cl)c(Cl)cc1Cl)OC,-4.38,-4.004058
CCCCCC1CCCCC1,-0.43,-0.5057631
CCC(CC)=CC,1.722634,0.95196134
CC1=CC(=O)CC(C)(C)C1,-0.3585259,-0.2556535
CC(C)c1cc(C(C)C)c(cc1C(C)C)C(C)C,-2.7,-3.1034942
CCC(C)C(C)=C,0.44715804,1.1011473
CCC=CCC,2.22,1.3335004
CCNc1[n]c(Cl)[n]c(NC(C)(C)C)[n]1,-5.95,-6.134953
CC(=O)OCCOC(C)=O,-1.11,-0.32826388
CCO[N+]([O-])=O,1.81,1.3860224
C\C=C/C(C)C,0.8890943,1.4114599
C1CCCO1,2.21,2.1600628
CC(C)C=O,2.24,1.6916525
Cc1cc(Cl)ccc1N=CN(C)C,-3.03,-3.165513
Clc1cc2c(c(Cl)c1Cl)c(Cl)c(Cl)cc2Cl,-6.46,-6.0795026
c1c2ccccc2c2ccc3cccc4ccc1c2c34,-8.26,-8.92697
CCOC(=O)C(C)Oc1ccc(cc1)Oc1c[n]c2cc(Cl)ccc2[n]1,-8.19,-8.230273
CCSC(=O)N(CCC)CCC,-1.62,-1.3922226
Clc1ccc(Cl)c(Cl)c1Cl,-1.41,-1.6874448
Clc1cc(ccc1)-c1cc(Cl)ccc1,-3.19,-2.8780508
ClC(CCl)CCl,0.57,0.42880207
CCCCCCS,0.62,1.0488347
O=C(Cl)c1cc(Cl)ccc1,-0.85,-0.9592751
C[Si](C)(Cl)c1ccccc1,-0.14,-0.055256322
[O-][N+](=O)c1cccc(c1)C=O,-2.14,-1.9550202
CCOP(=S)(Oc1[n]c(Cl)c(Cl)cc1Cl)OCC,-4.69,-4.1494856
O=C1CCCCCCCCCC1,-1.31,-1.2756698
Cc1[n]c(NCC)[n]c(O)c1CCCC,-5.7,-5.1578364
CCCCCCCCCCCCCCCCCCCl,-4.77,-4.718492
S=C=NCc1ccccc1,-1.81,-1.3650625
ICI,0.08,0.46713012
CC(C)(C)C1=CC=C(O)C=C1,-2.0366845,-1.301873
C=CCOC(=O)Cl,1.3,1.5743586
CCCCCCCCCCCCCCCC(O)=O,-6.42,-6.006108
Oc1ccccc1-c1ccccc1,-2.7,-3.5524747
CCCCOC(=O)C(C)O,-0.4,-0.9422509
C=CCO,1.42,1.378621
CC(Oc1cccc2ccccc21)C(=O)N(CC)CC,-6.76,-6.7410026
OC(=O)C(O)=O,-3.63,-2.889817
CCCCCCCC,1.15,0.64259976
NC(=O)N=NC(N)=O,-9.73,-9.803207
COP(=S)(OC)SCc1[n]c(N)[n]c(N)[n]1,-6.01,-6.259479
O=C1CCCCCCCCCCC1,-2.1249387,-1.7251462
CCCSSCCC,-0.29,0.027892187
CCCCCCC(C)Cl,0.14,0.3701921
Clc1ccccc1,1.08,0.5461928
CC(C)C(C)Nc1[n]c(NCC)[n]c([n]1)SC,-5.85,-5.9799237
Cc1cc(N)ccc1C,-1.55,-1.0496223
COC(=O)c1ccc(cc1)C(=O)OC,-2.0,-2.1736445
Cc1ccc2ccccc2[n]1,-2.02,-2.1069016
C1CC2=C(C=C1)C=CC=C2,-0.55284196,-0.12914212
CC(c1ccccc1)c2ccccc2,-3.2218487,-2.4483569
CCCCC(C)Cl,1.13,1.3290149
Nc1ccccc1N,-2.69,-2.7314878
OCCOc1ccc(cc1)N=Nc1ccccc1,-7.67,-6.974675
CC(C)C(C)N(CC)C(=O)SCc1ccccc1,-5.12,-5.3813486
O=C(Cl)OCCOCCOC(=O)Cl,-2.83,-2.970327
CC(=C)CN(CC)c1c(cc(cc1[N+]([O-])=O)C(F)(F)F)[N+]([O-])=O,-4.06,-4.166678
COB(OC)OC,2.13,2.0123496
CCCCCCC1=CC=CC=C1,-0.92081875,-0.6158416
OC(=O)c1cc2ccccc2cc1,-5.18,-4.8434205
CC1CC=CC=1,2.09,1.9027139
C=CCCl,2.57,2.255724
O=CNC(N1CCN(CC1)C(NC=O)C(Cl)(Cl)Cl)C(Cl)(Cl)Cl,-6.7,-6.4397845
CCCCCC=C,1.77,0.9137234
CC(C)=C(C)C(C)C,1.35,0.8868715
C=Cc1ccccc1,0.81,0.26218712
O=C(Cl)/C=C/C(=O)Cl,0.32,0.16235243
[Na+].C[As]([O-])(O)=O,-7.12,-7.2700696
Brc1cccc[n]1,-0.11,0.25604928
CP(=O)(F)OC1CCCCC1,-1.36,-1.1910052
CCCCCCCCN,-0.01,-0.21449724
CCCCCCCCCCCCC,-1.25,-1.6207409
Cc1cc(ccc1)Nc1ccccc1,-3.83,-3.0004926
C=CC1CCC=CC1,1.1958996,1.0094262
[O-][N+](=O)c1cc(ccc1)C(F)(F)F,-0.59,-0.3857867
CC1=CC(OCC2CO2)=CC=C1,-1.39794,-1.7507566
CCC(Cl)Cl,1.83,1.6515864
CCCCCCCCCCCCCCC,-3.69897,-2.5110517
Clc1ccccc1Oc1ccccc1,-2.4,-2.6450448
Cl[Si](Cl)(Cl)c1ccccc1,-0.37,-0.13499995
NC1C=NN(C(=O)C=1Cl)c1ccccc1,-6.35,-6.6925473
CCCCCCCCCCCCCCCCCCCCCCCCCCCCCCCCCCC,-11.27,-11.476529
CC1(C)CCC(Cc2ccc(Cl)cc2)C1(O)C[n]1c[n]c[n]1,-7.03,-7.213042
CCc1ccccc1N,-0.77,-1.0396364
CCCCCCCCCCCCCO,-3.36,-2.977283
CC[C@H](O)CCC,0.68,0.5769704
CCC(C)C=C,0.9264968,1.4498287
Cc1ccc(cc1)[N+]([O-])=O,-1.8,-1.2561514
Clc1cc2Oc3cc(Cl)c(Cl)cc3Oc2cc1Cl,-8.82,-8.099962
CC(C)C,1.8608229,2.3331304
CCCCCCCCCl,-0.02,0.11954884
C1CCCCC1,0.5160856,1.6241804
c1cccc2c3ccc[n]c3ccc21,-4.25,-4.3667245
CCC(C)CC(C)(C)CC,-0.75895184,0.0025789738
FC(F)(F)C(F)(F)Cl,3.84,3.7400331
CCCCCCCCCCCCCCCCCCCCBr,-6.08,-5.956669
CCCCCCCCCCCC=C,-1.2,-1.6635054
O=C(C(F)(F)F)C(F)(F)F,3.35,3.081945
c1ccccc1Sc1ccccc1,-2.12,-2.529971
CC(C)CCC=C,0.43136376,1.05659
C1COCCN1,-0.43332687,0.42648643
OP(O)(=O)CN(CP(O)(O)=O)CP(O)(O)=O,-11.16,-10.334406
CC(CC(C)(C)C)CC(C)(C)CC(C)(C)C,0.0,-0.12870625
CC(=O)CCO,-0.07058107,-0.08196966
C1OCOCO1,1.24,1.0629336
c1[n]cco1,2.12,1.823577
CCOP(=O)(Sc1ccccc1)Sc1ccccc1,-6.57,-6.84421
Clc1cc(Cl)c(Cl)cc1,-0.34,-0.68337363
CCCCC,2.71,1.7875429
Cc1cc(Cl)ccc1OCCCC(O)=O,-6.36,-5.3846183
CCC(Br)CBr,0.49,0.47240323
CCCC(C)=C,2.29,1.396685
Fc1ccccc1F,1.73,1.9277247
Oc1ccc2ccc3cccc4ccc1c2c34,-8.32,-7.9197717
CCCCCC,2.18,1.3945822
O=C(Cl)Cc1ccccc1,-0.7,-0.91786504
Cc1ccc(cc1)C(C)C,0.19,0.08637749
CCCCCCCCCCCCCCCCCCBr,-5.23,-5.085145
CC(C)(O)C#C,1.2,0.8669458
CC(CCC)CCCC,0.83,0.21269424
CCC(=O)OCCC,1.14,1.0168058
CC(=C)C#N,1.85,1.7582122
CCCCCCCCS,-0.37,-0.1221116
CCOP(=S)(Oc1c[n]cc[n]1)OCC,-2.52,-2.365365
CC(C)C1CCC(C)CC1=O,-0.56863624,-0.6347545
CCOP(C)(=O)SCCN(C(C)C)C(C)C,-3.15,-2.8339522
CC[CH]=[C]=[CH2],1.0603578,1.8395339
NCCNCCNCCNCCN,-6.1,-5.4672008
CC(C)Cc1ccccc1,-1.0851282,0.12997098
Cc1ccc(C)c2ccccc12,-1.67,-1.7647086
CC(C)C(C)CC(C)(C)C,0.78,0.16034786
CC1(C)[C@@H]([C@@H]1/C=C(\Cl)/C(F)(F)F)C(=O)OCc1cccc(-c2ccccc2)c1C,-6.74,-7.349575
FC(F)(F)C1(F)C(F)(F)C(F)(F)C(F)(F)C(F)(F)C1(F)F,2.02,2.0533373
CCCCCCCCCI,-1.56,-1.2041738
OC(=O)C(F)(F)C(F)(F)C(F)(F)C(F)(F)C(F)(F)C(F)(F)C(F)(F)F,-0.28,-0.36953688
CC=C(C)C,2.67,1.9082536
CC(C)(C)C1=CC=CC=C1,0.3424227,0.30130738
C/C(/OP(=O)(OC)OC)=C(\Cl)/C(=O)N(CC)CC,-4.78,-4.549189
CCCCC(=O)OCC,0.68,0.7310201
CCOP(=S)(CC)Sc1ccccc1,-3.4710834,-3.1634898
CCC(O)(CC)CC,0.33243847,0.25199848
N#Cc1c(Cl)cccc1Cl,-3.18,-2.3378882
COP(=O)(OC1C2CC=CC2C=1Cl)OC,-2.89,-3.126315
CCOC(C)=O,1.97,1.4417988
CCSSCC,0.63,0.63689023
[O-][N+](=O)c1ccccc1C=O,-1.75,-1.9596092
CC(=O)I,1.51,1.8667907
CCOc1ccc(N)cc1,-1.98,-2.1468384
CC(C)Nc1[n]c(Cl)[n]c(NC(C)C)[n]1,-6.88,-6.1569676
c1c(ccc2ccccc21)-c1ccccc1,-4.46,-4.423205
CCC(C)C(C)CO,0.0,0.41429847
OC(=O)c1ccc(Br)cc1,-5.0,-3.6708426
CCN(CC)c1ccc(cc1)/N=N/c1ccccc1,-7.07,-6.7819
CC1=CC(O)=C(C=C1)C(C)(C)C,-1.69897,-1.6925689
CC(=O)C1C(=O)C=C(C)OC1=O,-2.9,-2.6679673
CCCCCCCCC=C,0.22,-0.26254845
CN1CCCC1,2.0,1.6602486
CCOP(=O)(OP(=O)(OCC)OCC)OCC,-3.59,-3.4377456
CCCC(=O)OCCC(C)C,-0.02,-0.08650026
CC\C=C/C(C)(C)C,0.11693965,0.8823592
CC1=CCC2CC1C2(C)C,0.68,0.29244637
Clc1cccc2c1oc1c2cc(Cl)c(Cl)c1Cl,-7.4,-7.696117
CCC(C)Br,1.76,1.966339
NCCCCCCN,-0.93,-1.1610577
Cl.CNC(=O)Oc1cc(ccc1)N=CN(C)C,-7.92,-7.667645
Cc1cccc2c1Cc1ccccc-21,-3.52,-3.2573729
Clc1cc2c(c(Cl)c1Cl)c(Cl)ccc2Cl,-6.0,-5.5748425
N#CCN(CC#N)CC#N,-6.5,-6.280435
CC1CCC(=O)CC1,0.18,0.50353426
CN(C=O)C(=O)CSP(=S)(OC)OC,-6.07,-5.587711
CCCCOCCO,-0.06,0.266446
CCC(CO)C(O)CCC,-2.52,-2.8712475
FC(Cl)=C(F)Cl,2.95,2.988674
C=CCCCCCCCCC(O)=O,-3.03,-3.4425375
CN(C)C(=S)SSC(=S)N(C)C,-4.76,-4.7586894
CC[C@@H]1CCC[C@@H]1C,-0.2594794,0.373479
c1c2cc3ccccc3cc2cc2ccccc21,-8.6,-7.850803
CNC(=O)O/N=C/C(C)(C)S(C)(=O)=O,-4.05,-4.5701566
CP(=O)(OC)OC,-0.02,0.2614755
CNC(=O)Oc1cc(C)cc(C)c1,-3.44,-3.3100564
OC(=O)CCCCCCC(O)=O,-6.54,-7.0113587
OC(CO)CO,-3.77,-3.4498565
C1CCCCCCC1,0.74,0.4043147
C=CC1=CC=CC=C1,0.80618,0.26218712
CCCCC(=O)OC,1.28,1.031324
CC1=CC[C@H](CC1=O)C(C)=C,-0.99,-0.7581742
Clc1cc(Cl)c(Cl)cc1-c1cc(Cl)c(Cl)c(Cl)c1Cl,-6.01,-5.5002112
FC(F)(F)C(F)(F)C(F)(F)C(F)(F)N(C(F)(F)C(F)(F)C(F)(F)C(F)(F)F)C(F)(F)C(F)(F)C(F)(F)C(F)(F)F,-0.26,0.17308615
CN1CSC(=S)N(C)C1,-5.55,-5.326007
OC(=O)CNCP(O)(O)=O,-7.01,-7.501212
O=C1C2=C(C=CC=C2)C2=C1C=CC=C2,-4.242604,-4.331186
CCN(CCCl)CCCl,-0.6,-0.4082596
CC1(C)[C@H]([C@H]1/C=C(\Cl)/C(F)(F)F)C(=O)O[C@H](C#N)c1cccc(c1)Oc1ccccc1,-8.47,-8.300027
Cc1cc(cc(c1)OC(=O)NC)C(C)C,-4.52,-4.2210155
O1C=CC=C1,2.7781513,2.2974524
CCCCCCCCCCCCCCCCS,-4.99,-4.346849
C1c2c3ccccc3ccc2-c2ccccc21,-6.61,-6.1994233
c1cccc2[nH]c3ccccc3c21,-6.12,-5.379985
Cc1c(C)cccc1C,0.23,0.24288721
CCCCC(C)CCC,-0.5635193,0.21269424
CCCCCCCCC(C)C,-0.22,-0.6866699
CC(C)=CCO,0.021189298,0.9976322
BrCBr,1.65,1.8332742
CCCCCCCCCN,-0.56,-0.7111212
O=C1CCC(CC1)C1=CC=CC=C1,-2.6326442,-2.8901796
CCc1cc(C=C)ccc1,-0.09,-0.19732939
CCCC(C)CO,0.28,0.60801303
CC(C)N(C(=O)COc1[n][n]c([s]1)C(F)(F)F)c1ccc(F)cc1,-6.17,-6.259703
FCOC(F)(F)C(F)F,2.37,2.9409807
FC(F)OC(F)C(F)(F)F,2.82,3.1788807
OCCCCCCO,-3.3,-2.372366
CC#C,2.0768297,2.7417464
CC(=C)C(=O)OCCCC,0.33,0.45567077
CCOC(=O)[C@@H](C)Oc1ccc(cc1)Oc1[n]c2ccc(Cl)cc2o1,-7.52,-7.8895197
CCC(=O)CBr,0.56,0.8399572
COC(=O)C(C)C,1.69,1.2700802
Brc1ccc(Br)cc1,-1.24,-0.7080007
Clc1c(Cl)c2Oc3cc(Cl)c(Cl)cc3Oc2cc1Cl,-9.36,-9.112871
Clc1cc(-c2cc(Cl)c(Cl)cc2)c(Cl)cc1,-4.39,-4.164337
Cc1cccc(CC)c1,0.48,0.20839374
Cc1ccc(Cl)cc1Cl,-0.34,-0.23398946
C=CC(Cl)CCl,1.34,1.295236
OC(c1ccccc1)c1ccccc1,-4.56,-3.712842
O=C=NC1CCCCC1,0.01,-0.9476304
OC1=CC=C(OCC2=CC=CC=C2)C=C1,-4.6478176,-3.98528
CN(C)P(=O)(OP(=O)(N(C)C)N(C)C)N(C)C,-3.0,-2.548228
COC(C)=C,2.71,2.6439815
C=C(Cl)Cl,2.78,3.0066342
CCC1=CC(O)=CC=C1,-1.30103,-1.0950692
CN(C)[N+]([O-])=O,-0.44,0.047066852
CC(=O)C1=CC=CC(C)=C1,-0.65757734,-0.79811496
FC(F)F,4.55,5.086081
CCOB(OCC)OCC,1.22,0.9860948
CC(C)C(C)=C,0.90174156,1.573125
CC1=CCCCC1,1.4857215,1.3790995
CCC(C)=C,1.2650703,1.8978795
CC(=C)C=O,0.6978481,1.7722143
CC(O)COCc1c(Cl)c(Cl)ccc1Cl,-4.0,-3.7465081
CC(Cc1ccc(cc1)C(C)(C)C)CN1C[C@@H](C)O[C@@H](C)C1,-4.59,-4.538783
CC(C)(C)C(CC)CC,1.05,0.3198468
CC(CCC=C(C)C)CC=O,-0.60206,-0.3052174
CC=CCCCCC,1.21,0.57953244
CCCCC(CC)C=O,0.26,0.1469538
COCC(F)(F)C(F)C(F)(F)F,1.79,1.9330558
CCCCCC#N,0.45,0.72643423
COC(C)(C)C,0.90161085,2.0927181
C1CCC=CCC1,1.2944663,1.3576771
Oc1ccccc1,-1.5985994,-0.76507884
ClC(Cl)=C(Cl)Cl,1.27,1.2496892
CCC(C)OC(C)=O,1.23,1.2785863
CCc1ccc(C)cc1,-0.90343755,0.1835287
CCCC(C)=C(C)C,-0.1674911,0.80840296
COP(=S)(OC)Oc1ccc([N+](=O)[O-])c(Cl)c1,-5.39794,-5.1112123
CC(C)C(C)=O,1.72,1.6032922
CC(C)Br,2.34,2.4828155
CCOP(=S)(OCC)OP(=S)(OCC)OCC,-3.9788108,-3.666726
CC(C)=CC(C)(C)C,0.10991586,0.91972846
CCCCSP(=O)(SCCCC)SCCCC,-5.28,-4.874189
CCCN(CCC)C(=O)SCc1ccccc1,-6.29,-5.252528
CCCC(C)C=C,0.44715804,1.0181102
[nH]1ccc2ccccc12,-3.09691,-2.9171338
COC1=CC(C=O)=C(OC)C=C1,-2.0,-1.8078696
CCC(C)C(C)(C)C,1.506505,0.9010133
CCC(C)C=O,1.6757784,1.447497
CCSCCSP(=S)(OC)OC,-4.7695513,-4.3224034
CC(O)CCC(=O)C1=COC=C1,-3.199283,-2.8383963
CCCCC/C=C/C,-0.21467017,0.57953244
CCCCCCN,0.95,0.7347215
BrC(Br)Br,0.73,1.0176166
COP(=S)(Oc1cc(Cl)c(I)cc1Cl)OC,-6.08,-4.8326035
C1CCCc2ccccc21,-0.43,-0.2058648
CC1OC(C)OC(C)O1,1.04,0.6527565
C1CCCCCCCCC1,-0.25,-0.3588373
CCOP(=S)(OC1C=CC(=O)N(N=1)c1ccccc1)OCC,-7.96,-6.9257507
CN1CC(=CCC1)C(=O)OC,-1.1,-1.1209357
CCCCCCCCCBr,-0.92,-0.6520973
CSc1[n]c(NC(C)C)[n]c(NC(C)C)[n]1,-5.91,-5.879522
CCCOCCC,1.8,1.6128632
CCC(O)=O,0.55,-0.13704185
COC1=C(OC)C=CC=C1,-0.32790214,-0.3100341
ClCCCBr,0.81,1.1560935
ClCCCl,0.4360672,1.1966742
COP(=S)(Oc1cc(Cl)c(Br)cc1Cl)c1ccccc1,-7.64,-7.0333037
CC(C)[C@@H]1CC[C@@H](C)C[C@H]1OC(C)=O,-0.98,-1.4061772
C[Si](C)(O[Si](C)(C)C)O[Si](C)(C)C,0.52,0.39734244
Clc1cc2c3c(oc2cc1)c(Cl)c(Cl)c(Cl)c3Cl,-8.44,-8.560239
Cc1ccccc1N,-0.59,-0.7591631
O=C(F)F,4.65,4.5869718
CC(C)C(=O)OC(C)C,1.2,1.0708342
CCSCCO,-0.7212464,-0.2960212
CCC(C)(C)C1=CC(=C(O)C=C1)C(C)(C)CC,-4.075204,-3.4423938
CC(C)(C)NC=O,-0.57,-0.030236885
COCCCNc1[n]c([n]c(NC(C)C)[n]1)SC,-6.55,-5.9672856
ClCCCCCCl,0.05,0.7003223
CCOC(=O)C(CC(=O)OCC)SP(=O)(OC)OC,-5.01,-4.976456
COc1cc(Cl)c(Cl)cc1O,-2.35,-2.3335776
OC(=O)C(Cl)(Cl)Cl,-1.22,-0.48520476
COC(=O)C=Cc1ccccc1,-1.46,-1.727288
CC1=CC2=C(C=C1)C=CC1=CC=C(C)C=C21,-4.7399287,-5.2356405
CCCCC,1.1924002,1.7875429
Cc1ccc(CC)c[n]1,0.16,0.013063535
CC(C)(C)C(O)=O,-0.3,-0.14393768
CC(C)OC(=O)Nc1cccc(Cl)c1,-3.74,-3.7889216
CC(C)N(CCO)C(C)C,-1.1,-0.28194302
CCCC(C)C(C)(C)C,-0.36673358,0.4521107
ClC(Cl)(Cl)C(c1ccc(Cl)cc1)c1ccc(Cl)cc1,-6.8,-6.049647
CCC(C)C(O)=O,-0.31,-0.82107097
CCC1=CC=CC=C1,0.98227125,0.19547783
CNC(=O)ON=CC(C)(C)SC,-4.46,-4.070467
CC1=CC(C)=C(O)C(C)=C1,-1.30103,-1.4844886
CCN(CCCC)C(=O)SCCC,-1.05,-1.4376285
CCC[N+]([O-])=O,1.0,1.1241593
c1ccncc1,-0.107905395,0.7262918
C1CCCCC1c1ccccc1,-1.4,-1.3751105
OCC(S)CS,-2.3,-2.03674
CCC(C)(C)CC(C)C,-0.2906452,0.38953382
Clc1cc(Cl)c(-c2ccccc2)c(Cl)c1,-3.15,-3.5108917
CC1CCC1,3.17,2.3512812
Clc1cc(Cl)ccc1,0.33,0.28312886
CCC(=O)C(C)C,1.26,1.2753633
CC(C)=CCCC(C)=CCO,-1.5228788,-0.9802856
CCCCCCCCCC=C,-0.31,-0.831518
CC1CCCCC1C,1.2,0.52330655
Cc1cc2cccc(C)c2cc1,-1.84,-1.7307116
CCCCBr,1.62,1.6928132
CC(N)CN,1.03,0.7999312
C=CCC#N,1.27,1.602928
[O-][N+](=O)c1cc(c(O)c(c1)[N+]([O-])=O)[N+]([O-])=O,-6.12,-5.5777383
Nc1cccc2c1C(=O)c1ccccc1C2=O,-8.3,-8.007598
OCC(F)(F)C(F)F,1.17,1.705653
CCCCCCC=O,0.55,0.7406128
Cc1cccc(CC)c1N(COC(C)C)C(=O)CCl,-4.52,-4.828152
CCCS,2.19,2.0796456
COCCN(C(=O)CCl)c1c(C)cccc1C,-4.95,-4.2113857
CCCOC(=O)C=C,1.16,0.93019325
CCCCCCCCCCC,-0.39,-0.92446893
CCOP(=S)(OCC)Oc1ccc(S(C)=O)cc1,-4.30103,-4.0703955
CCOC1=C(O)C=CC=C1,-1.69897,-1.7285608
Cc1c[n]ccc1,0.78,0.7921179
CCCCCCC[C@H](C)O,-1.17,-0.8634339
CCCCCCO[N+]([O-])=O,0.2,0.24692418
CC1(C)COC(=O)C1O,-1.2218487,-1.4637893
Cc1cccc(C)[n]1,0.75,0.490344
CC(CO)CO,-1.68,-1.1745871
O=C1C=CC(=O)C=C1,-1.05,-0.67788476
C[C@@H](Oc1ccc(cc1)Oc1[n]cc(Cl)cc1F)C(=O)OCC#C,-7.62,-7.55761
CC(C)COCC(C)O,0.11,0.283426
Cc1cc(C)[n]c2ccccc12,-2.1,-2.147585
CC(=O)CC(C1=C(O)c2ccccc2OC1=O)c1ccccc1,-6.94,-8.028522
Clc1cc(-c2ccccc2)c(Cl)cc1,-2.86,-2.8692603
CC1CC(O)CCC1,-0.32,-0.15024813
CCOC(=O)/C=C\C(=O)OCC,-0.98,-0.84121644
CCCCC(C)CC,-0.1364987,0.77433413
C1CCS1,1.72,1.8855306
OCC(F)(F)C(F)(F)C(F)(F)F,1.52,1.9313515
Cc1c(N)cccc1N,-2.61,-3.1487398
CC1CCCC1,2.139879,1.6231887
CCNc1[n]c(NC(C)C)[n]c([n]1)OC,-5.54,-5.6581445
ClC(Cl)C(Cl)Cl,0.66,0.91764086
CCCl,3.0,2.8341541
CC1CCC(C)CC1,1.25,0.54563326
O=Cc1ccccc1Cl,-0.64,-0.66454417
CCc1cccc(C)c1,-0.8982529,0.2083938
C/C(=C\C(=O)NC)/OP(=O)(OC)OC,-5.66,-4.8735356
CCCCCCCCCCCC,-0.87,-1.226548
FCc1ccccc1,0.83,0.9635677
CCCC,1.7135409,2.2613425
CC1(C)C2CC(C)(CC2)C1=O,-0.09,-0.4197424
OC(CCl)CCl,-0.12,0.14469092
CCSCc1ccccc1OC(=O)NC,-5.15,-5.0437016
O=C(OCc1ccccc1)c1ccccc1,-3.65,-3.7357254
c1ccc2c3c(cccc31)c1cccc3cccc2c31,-8.28,-9.251269
CC(C)C(C(C)C)C(C)C,-0.7577071,-0.008144751
COP(=S)(Oc1cc(Cl)c(Br)cc1Cl)OC,-3.89,-4.055747
CCOC(=O)CCCCC(=O)OCC,-1.24,-1.434207
NC(=O)C(O)=O,-6.33,-5.861461
CC1=CC(C=C)=CC=C1,0.23044892,0.1753711
COP(=O)(OC(Br)C(Cl)(Cl)Br)OC,-3.7,-3.1810355
C[Si]1(C)O[Si](C)(C)O[Si](C)(C)O1,0.55,0.43991178
COc1cc(Cl)c(cc1Cl)OC,-2.52,-2.021875
CCOC=O,0.90191036,1.5119394
CCCCOc1ccccc1,-0.53,-0.4691605
OC[C@H]1O[C@H](O)[C@H](O)[C@@H](O)[C@@H]1O,-13.1,-12.113594
CCC(C)(C)CC,0.4422602,1.1745559
C[Si](C)(C)O[Si](C)(C)O[Si](C)(C)O[Si](C)(C)O[Si](C)(C)O[Si](C)(C)O[Si](C)(C)O[Si](C)(C)C,-2.5,-2.3439226
Ic1ccc[s]1,0.91,0.8965022
[O-][N+](=O)c1ccccc1,-0.61,-0.856862
CC\C=C\CC,0.7175873,1.3335004
CCCCc1ccccc1O,-1.99,-1.7740846
CCCCCCCCCCCCCCCc1ccccc1,-5.14,-5.5442104
CC1CCC(CC=1)C(C)=C,0.22,0.16345535
O=CC1=CC=CO1,0.34439227,0.6313457
C\C=C\C,1.6979448,2.1940386
CNC(=O)/C=C(\C)OP(=O)(OC)OC,-5.6615434,-4.8735356
SCc1ccccc1,-0.38,-0.40494484
c1c2c3ccccc3ccc2cc2c3ccccc3ccc21,-9.02,-9.55469
CN1C=C(C(=O)C(=C1)c1ccccc1)c1cc(ccc1)C(F)(F)F,-7.01,-7.4426403
OC(=O)COc1[n]c(Cl)c(Cl)cc1Cl,-5.9,-5.416934
CC[Si](F)(CC)CC,1.57,1.5814742
Fc1cc(F)ccc1,1.92,2.120459
CCCCCCCCCCCCCCCCCBr,-4.74,-4.639859
C=COCCCl,1.43,1.7769545
C[C@H]1CC(C[C@@H]1C)C,0.06539296,0.39240855
C1C=CCO1,2.2,2.3056376
O=CC1=C(C=O)C=CC=C1,-2.3766928,-1.9484876
C=CC=O,2.44,1.8858718
C1CNCCN1,-0.8,0.024493918
C1C=CCC=C1,1.82,1.8231086
ON=C1CCCCC1,-1.55,-0.9419332
CC(C)C(O)(c1ccc(cc1)OC(F)(F)F)c1c[n]c[n]c1,-6.44,-6.5301657
CCC/C=C/CC,0.2787536,0.91208047
CC(C)C(=O)C(C)C,1.13,1.0639817
N#CCCCC#N,-2.08,-1.9497794
C/C(/C=C/CC(C)CCCC(C)C)=C\C(=O)OCC#C,-5.14,-4.6418657
BrC(Br)C(Br)Br,-1.7,-1.2042892
FC(Cl)(Cl)Cl,2.9,2.5857084
Clc1cc(Cl)ccc1-c1cc(Cl)ccc1Cl,-5.07,-4.1287193
CC1=C(O)C=CC=C1,-0.7447275,-0.77453977
CCNc1[n]c(Cl)[n]c(NCC)[n]1,-7.66,-6.7079787
CC(=O)OC(COC(C)=O)COC(C)=O,-2.61,-2.5763197
CC(=C)C(=O)OCC=C,0.76,0.5442748
Fc1c(F)c(F)c(Br)c(F)c1F,0.9,0.9226605
CCCCCCCCCCCCCCCCCCCCCCCCCCCCC,-9.37,-9.2872
CF,2.8783476,3.5223935
C[Si](F)(F)c1ccccc1,0.88,0.846301
CCNc1[n]c(NC(C)(C)C)[n]c([n]1)OC,-5.7,-5.384703
CC1=CC(C=O)=CC=C1,-0.4213608,-0.49054855
CCc1cc[n]cc1,0.36,0.34103793
CCC(C)C1=C(O)C=CC=C1,-1.154282,-1.645262
C1C2CCC21,2.56,2.236961
O=C1CCCC1,1.06,1.209658
CCOC(=O)CC(=O)OCC,-0.57,-0.7139036
CCCCCCC(=O)Cl,-0.35,0.19152291
CCCC=C(CC)C=O,0.11,0.16532429
C1CN1,2.33,2.2241993
c1ccccc1N=Nc1ccccc1,-3.44,-3.2180905
Cc1ccccc1C(C)C,0.18,0.10163869
COP(=S)(Oc1ccc(cc1Cl)[N+]([O-])=O)OC,-5.44,-5.134487
Cc1cc(C)c(N)cc1,-0.88,-1.0495033
CCC(C)(C)CC(C)C,1.13,0.38953382
CCC(C)=C(C)C,0.2552725,1.0924922
O=C1C2CC=CCC2C(=O)N1SC(Cl)(Cl)Cl,-7.05,-6.6305137
COCC(C)C,2.32,1.928852
ClC1(Cl)[C@@]2(Cl)[C@@H]3[C@@H]4C[C@@H](C=C4)[C@@H]3[C@]1(Cl)C(Cl)=C2Cl,-3.92,-4.1074634
C=Cc1ccc(Br)cc1,-0.11,-0.21523167
CCC(O)CC,0.94,0.59716934
CC(=C)C=C,2.74,1.9693478
C(Nc1:[nH]:c:[n]:c2:[n]:c:[n]:c-2:1)c1ccccc1,-10.75,-10.7856865
c1ccc2c3c(cccc31)-c1ccccc1-2,-5.04,-5.88478
FC(F)(Cl)CCl,2.53,2.566042
CCOP(=O)(OCC)O/C(=C\Cl)c1ccc(Cl)cc1Cl,-5.124939,-5.14711
C=CCC1=CC2=C(OCO2)C=C1,-1.1511953,-1.4361205
CC[N+]([O-])=O,1.32,1.4118636
OC(=O)c1ccccc1Cl,-3.18,-3.3130498
CCCCCCCCF,0.77,0.9142472
CCCC/C=C/CC,-0.19118157,0.5566233
Brc1cc2Oc3cc(Br)ccc3Oc2cc1,-5.89,-6.092605
CCC(C)(C)C,2.5,1.5995559
C1CCOCC1,1.854306,1.9597472
CC(C)CCO[N+]([O-])=O,0.71,0.8916418
Cc1cccc2c1cccc2C,-2.3,-1.7654098
OCCN(CCO)CCO,-5.44,-5.263002
C/C=C/CC=C,2.24,1.4391823
CCCOC(=O)CC(C)C,0.41,0.3720714
CC(CCO)CCC=C(C)C,-1.36,-1.0677826
CN(C)C,3.21,2.4732547
CON,2.46,2.081297
CC(C)C1CCC(=C)C=C1,0.2,0.22791348
CC(=O)Oc1ccccc1[N+]([O-])=O,-2.66,-2.4637437
CSC1=NN=C(C(=O)N1N)C(C)(C)C,-6.36,-6.3557673
CCN(CC)c1c(cc(c(N)c1[N+]([O-])=O)C(F)(F)F)[N+]([O-])=O,-5.44,-5.298383
O=C1C2CCCC=2NC(=O)N1C1CCCCC1,-8.82,-8.652598
CC(C)CC(O)=O,-1.6439742,-0.70651543
Nc1cc2ccccc2[n]c1,-4.54,-4.3733954
CCOCCOCCO,-0.9,-0.57567006
CC1=CC(O)=CC=C1,-0.9586073,-0.76073134
CCC(=O)c1ccccc1,-0.77,-0.8770406
CCC(=O)CCC,1.14,1.1070701
c1ccccc1Nc1ccccc1,-3.17,-2.7607973
CCC(Cl)CCl,1.32,1.1487263
CC(CO)C(C)=O,-0.65,-0.25049877
Cc1[n]c([n]c([n]1)OC)N(C)C(=O)NS(=O)(=O)c1ccccc1C(=O)OC,-9.41,-9.029178
O=S1OCC2C(CO1)C1(Cl)C(Cl)=C(Cl)C2(Cl)C1(Cl)Cl,-6.17,-6.102877
CCCCCCC,1.66,1.0093693
CCCCC(=C)CC,-0.13733205,0.6698059
CC1(C)CCCCC1,1.36,0.4888242
CCCCCCCCCCCCCCCCI,-4.78,-4.972473
Cc1c(cccc1N=C=O)N=C=O,-1.68,-1.9067608
CC1CC(C)CCC1,1.3,0.4069566
NCCC#N,-0.07,-0.17960317
CCc1ccc(O)cc1,-1.43,-1.1110566
c1cc2cccc3c2c2c(cccc21)c1ccccc31,-8.24,-9.078895
CC(OP(C)(=O)F)C(C)(C)C,-0.4,-0.22653882
C1CCCCO1,1.85,1.9597472
CC(C)NC(=O)N1CC(=O)N(c2cc(Cl)cc(Cl)c2)C1=O,-8.43,-8.415307
C#CCO,1.19,1.0323881
CC(C)=CC(C)(C)C,1.56,0.91972846
CS(=O)(=O)F,1.04,0.9600279
ClCC(Cl)Cl,-0.06879648,1.0655109
CCCC(C)I,1.04,0.9927909
CN(C)C(=O)Nc1cc(Cl)c(Cl)cc1,-7.16,-6.759148
CC(C)C(C)CCC,1.37,0.85819715
Clc1ccc(-c2cc(Cl)c(Cl)cc2Cl)c(Cl)c1Cl,-5.42,-5.152996
CCCCCCCCCCCCCCCCCC,-4.0,-4.15456
CCCC(=O)CCC,0.79,0.7719671
Nc1cccc2[n]cccc21,-4.77,-4.403067
C\C=C/C(C)(C)C,0.52517444,1.138007
CCC(C)(C)C(C)C,-0.014753209,0.9086495
O=CNc1ccccc1,-2.45,-2.524066
CC(C)=CC(C)(C)CC(C)(C)C,0.59106463,0.08924119
CCCCCCCCCCCCCl,-2.2,-1.8919811
CCC=CBr,1.89,1.8719476
c1c2ccccc2[n]c2ccccc21,-3.87,-4.546886
CCC(C)O,1.26,0.88404006
CCC(C)Cl,2.19,2.2136083
Cc1cc(O)ccc1,-0.96,-0.76073134
c1ccccc1/C=C/c1ccccc1,-2.61,-2.3781385
CCOP(=S)(OCC)Oc1ccc(=O)n(-c2ccccc2)n1,-7.958607,-6.925751
CC(=C)CC(C)(C)C,1.65,0.91002005
CC(O)=O,-0.2186037,0.42736804
CCCCCCCCCCCc1ccccc1,-3.62,-3.6940267
NCCO,-0.39,-0.018596426
Clc1cc(Cl)c(Cl)c2Oc3c(Oc12)c(Cl)c(Cl)cc3Cl,-10.29,-9.924068
CCCCCCCCCCCCCCCl,-3.14,-2.7932532
CCS,2.72,2.1188865
COP(=S)(OC)SCC(=O)N(C)C=O,-6.0716043,-5.587711
C=CC=O,0.93946934,1.8858718
CC1(C)[C@@H]([C@@H]1/C=C\C(=O)OC(C(F)(F)F)C(F)(F)F)C(=O)O[C@H](C#N)c1cc(ccc1)Oc1ccccc1,-9.48,-9.148784
CCCCCCCCCCCCCC(=O)OC,-3.31,-3.2234473
CC1(C)[C@@H]([C@H]1C=C(Cl)Cl)C(=O)OCc1c(F)c(F)cc(F)c1F,-5.52,-5.5185933
COP(=O)(OC(=CCl)c1cc(Cl)c(Cl)cc1Cl)OC,-7.38,-6.296382
OC(=O)c1cc(Cl)cc(Cl)c1Cl,-3.51,-3.6330383
C1CCCCN1,1.51,1.4212615
Cc1c(cc(cc1[N+]([O-])=O)[N+]([O-])=O)[N+]([O-])=O,-5.1,-4.6999893
CCN(CC)C(=O)SCc1ccccc1Cl,-4.03,-4.7869477
CCCCCCOCCCCCC,-1.34,-1.0902612
CCC=C,1.8012493,2.1908813
COCC(=O)N(c1c(C)cccc1C)N1CCOC1=O,-7.61,-6.9062057
C1C2CCCCC12,1.3579348,0.9056558
CC(C)(C)C(C)(C)C,1.32,0.89404577
CCOC(=O)C=C,1.59,1.2511935
O=CC1=COC=C1,0.7267272,0.6752989
ClC1(Cl)[C@@]2(Cl)[C@@H]3[C@@H]4C[C@@H]([C@H]5O[C@H]54)[C@@H]3[C@]1(Cl)C(Cl)=C2Cl,-5.38,-4.618503
C=Cc1cccc(Cl)c1,-0.01,0.03135757
CC(CC)OC(C)CC,1.21,1.2061287
NCCN,1.08,1.1360805
OCC=Cc1ccccc1,-1.62,-1.0677506
CCCc1ccccc1,-0.84832376,0.0106860995
OCC1=CC=C(O1)C=O,-2.2773662,-1.8380086
CC(=C)C(N)=O,-1.07,-1.0409935
C1CN2CCC1CC2,0.28,0.5189036
CC1CCC2CC1C2(C)C,0.34044412,0.18718512
C=CC(Cl)Cl,1.85,1.9069875
FC(F)OC(C(F)(F)F)C(F)(F)F,2.59,2.6735532
CCOP(=S)(OCC)SC(CCl)N1C(=O)c2ccccc2C1=O,-7.207608,-6.9385295
CCCCC1CCCCC1,-1.2403321,-0.21120228
C1C2CCCCC21,1.36,0.9056558
CSC1=NN=C(C(=O)N1/N=C/C(C)C)C(C)(C)C,-6.46,-6.183949
COS(=O)(=O)OC,-0.17,-0.0023550093
Clc1cc(Cl)c(Cl)c2Oc3ccccc3Oc12,-6.12,-6.795716
CCC(C)S,1.91,1.9425784
Cc1cc(C)[n]cc1,0.5,0.60041684
Cc1c(C)c(C)cc(C)c1C,-1.46,-1.1484667
Clc1cc(-c2ccccc2)c(Cl)c(Cl)c1Cl,-4.43,-4.22719
COP(=O)(OC)C(O)C(Cl)(Cl)Cl,-5.1079054,-4.6599965
[O-][N+](=O)c1cc(Cl)c(Cl)cc1,-1.99,-1.9885932
CCCOC=O,0.45721558,1.29679
CCCCCCC#C,1.13,0.9727692
CCCI,1.63,1.7905501
[O-][N+](=O)c1c(Cl)c(Cl)cc(Cl)c1Cl,-2.74,-2.9246023
CCOP(=O)(OCC)SCc1ccccc1,-4.3925447,-4.0649533
CCOP(=O)(CC)OCC,-1.1402614,-0.7026896
CC1=CC=CC(C)=C1O,-0.5622494,-1.023564
CC(=O)CCC=C(C)C,-0.124938734,0.654925
C=C(Cl)CCl,1.79,1.8095974
CCC(C)C(C)CC,1.3364598,0.8478653
CC(F)F,2.0961938,3.1569738
CCCCCCCCc1ccccc1,-1.95,-2.0990877
Cc1cc(C)c(cc1)[N+]([O-])=O,-1.24,-1.4424497
FC(F)=C(F)F,4.39,3.9074874
ClC1(Cl)C2(Cl)C3(Cl)C4(Cl)C2(Cl)C2(Cl)C(Cl)(C3(Cl)C12Cl)C4(Cl)Cl,-6.1,-5.7206264
COP(=S)(OC)Oc1cc(Cl)c(Cl)cc1Cl,-4.124939,-3.8106976
CON=C(Cc1c[n]ccc1)c1ccc(Cl)cc1Cl,-4.89,-5.563151
CCC(C)(O)C#C,0.72,0.68164784
CCCCCCCCCCCBr,-1.92,-1.6695187
O=C(Cl)CCl,1.4,1.4363807
CC(Cl)C(C)Cl,1.39,1.3876712
CCC(C)C(C)(C)C,0.057704132,0.9010133
Brc1c[s]cc1,1.22,1.5265332
CC(C)=CC1C(C(=O)OCC2=C(C)C=C(C)C=C2)C1(C)C,-4.7644715,-4.8892274
CN1CC[C@@]23[C@H]4Oc5c2c(C[C@@H]1[C@@H]3C=C[C@@H]4OC(C)=O)ccc5OC(C)=O,-9.12,-9.6755
c1ccc2C=Cc3cccc1c32,-2.18,-2.3414805
FC(F)CC(F)(F)F,3.05,3.7375517
Cc1cc(C)c(C)cc1,0.32,0.27601546
COc1ccccc1[N+]([O-])=O,-2.44,-1.5516096
CCCCCCCCC1=CC=C(O)C=C1,-4.008774,-3.6615496
COP(=O)(NC(C)=O)SC,-5.77,-5.280399
CCCBr,2.04,2.079662
CCC(C)(C)OC,1.88,1.7602583
O=C1CCO1,0.53147894,0.7577827
C/C=C/Cl,2.71,2.3882966
C1CC2CCC1C2,1.5185139,0.7521531
Cc1cc(O)c(C)cc1C,-2.17,-1.5277768
CCCCO[N+]([O-])=O,0.92,1.0419004
Nc1ccccc1Cl,-0.69,-1.4114541
CNC(=O)Oc1ccccc1C1OCCO1,-6.52,-5.9835668
CCCC(C)C=C,1.92,1.0181102
Clc1cc(Cl)ccc1Oc1ccc(Cl)cc1,-3.82,-3.7728462
Clc1cccc[n]1,0.34,0.50873727
CCCCOC(=O)c1ccccc1C(=O)OCCCC,-4.7,-4.7434125
CN(c1ccccc1)c1ccccc1,-2.51,-2.4071636
CCCCCCCCCCCCCC,-1.94,-2.081592
CCc1ccccc1O,-0.82,-1.100206
CCCCC=O,1.42,1.312023
CCc1ccccc1,-0.42805836,0.19547783
Clc1cc2c(oc3cc(Cl)c(Cl)cc32)c(Cl)c1,-7.71,-7.7486315
CCN(C1CCCCC1)C(=O)N1N=NN(c2ccccc2Cl)C1=O,-9.43,-8.636161
CC=O,2.96,2.0083308
CCCCC(CC)CC,-0.54287535,0.16017629
OCC(F)(F)C(F)(F)F,1.66,2.213839
CCCCCCCCCCCCCCC,-2.46,-2.5110517
COP(=S)(OC)SCn1nnc2ccccc2c1=O,-5.79588,-5.9484773
C=CCN=C=S,0.57,0.80091304
CCCCCCCCCCCCCCCC(=O)OCC,-4.63,-4.8570747
ClC=CCl,2.3,1.9812516
O=C1C=CC(=O)O1,-0.6,-0.43984693
C1CCC(CC1)C1CCCCC1,-1.0,-0.78458947
CC1(C=C)OC(=O)N(c2cc(Cl)cc(Cl)c2)C1=O,-6.92,-6.519132
CC(C)(OO)c1ccccc1,-2.49,-1.678916
C=CC(=C)Cl,2.33,2.389486
CC\C(C)=C\C,0.6640776,1.446349
FC(F)(F)C(F)(F)C(Cl)Cl,2.38,2.6156964
CCOc1ccccc1,0.18,0.17363684
CCC(C)C(C)C,0.37147424,1.2012538
CCC(C)CCC,1.79,1.1287202
CC(C)(C)N1N=CC(SCc2ccc(cc2)C(C)(C)C)=C(Cl)C1=O,-5.93,-6.1919227
CC=C(C)C(C)C,1.83,1.1119184
CCOC(=O)CI,-0.2,-0.02340062
CC(=C)Cl,2.91,2.9492235
c1cc2ccc3cccc4c3c2c2c3c4cccc3ccc21,-10.0,-10.140708
O=C(Nc1cc(Cl)c(F)c(Cl)c1F)NC(=O)c1c(F)cccc1F,-11.22,-10.60435
CCCCCCCCCCCC(C)=O,-1.98,-2.1715577
Nc1cc2ccccc2cc1,-3.59,-3.3450315
CCC(C)(C)C=C,2.02,1.1631593
Clc1c(Cl)c2c(cc1Cl)oc1cc(Cl)c(Cl)cc12,-8.76,-8.691239
CC(O)CO,-2.1191864,-0.8185715
CC(C)C1=CC=C(C)C=C1,0.17609125,0.08637743
CC(=C)C=C,1.2221648,1.9693478
COC(=O)CCCC(=O)OC,-0.74,-0.6856123
OCCOC1=CC=CC=C1,-2.154902,-2.0615742
[O-][N+](=O)c1c(Cl)c(Cl)c(Cl)c(Cl)c1Cl,-4.3,-3.5981631
CCCC(C)C,2.32,1.4680742
C1=CC2=CC=CC3=C2C1=CC=C3,-2.3187587,-2.3414805
ClC(C(Cl)Cl)C(Cl)Cl,-0.03,0.11273445
[Na+].[O-]C(=O)C(F)(F)C(F)F,-3.52,-3.1169934
CCC(C)(C)C,0.9937183,1.5995559
CC1(C)C2CC1CC1OC12C,-0.09,0.04199563
CCOCc1ccccc1,-0.03,-0.075997785
[O-][N+](=O)c1cccc(Br)c1,-1.15,-1.4182582
OC1=CC=CC=CC1=O,-3.1681302,-2.7946997
CCCC(=O)C1=CC=CC=C1,-1.09691,-1.1821111
c1cc(ccc1Nc1ccccc1)Nc1ccccc1,-8.2,-8.090332
CC(C)OP(=O)(OC(C)C)SCc1ccccc1,-4.39,-4.460324
CC[As],2.7,2.373306
FC(F)(F)C(F)=C(F)C(F)(F)F,3.3,3.4655342
CCCCC=C(C)C,1.25,0.74876064
Cc1cccc(CCC)c1,0.42,0.02718012
CC1=CCCC(C)(C)C1/C=C/C(C)=O,-1.76,-1.4981778
NCCCC[C@H](N)C(O)=O,-8.28,-7.759283
CCCCCCCCCC(C)=O,-1.38,-1.2071447
Fc1ccccc1C(F)(F)F,1.58,1.7108861
CC(C)c1cc2ccccc2cc1,-2.29,-2.1424763
COC(=O)C(C)Oc1ccc(cc1)Oc1ccc(Cl)cc1Cl,-5.46,-6.24824
Sc1ccccc1,0.29,-0.07701005
c1ccccc1C#Cc1ccccc1,-2.64,-2.713768
Cc1[n]c(NCC)[n]c(OS(=O)(=O)N(C)C)c1CCCC,-6.12,-5.8126173
C\C=C/CC(C)C,0.36172783,1.0617832
CCC(CC#N)C#N,-1.72,-2.2581387
CC(O)CN,-0.33,-0.5175321
O=C1C2=C(SC3=C1C=CC=C3)C=CC=C2,-4.869666,-5.549433
CCBr,2.67,2.9194674
COP(=O)(OC=C(Cl)Cl)OC,-1.8,-1.7739812
CC1CCCC(C)(C)C=1C=CC(C)=O,-1.27,-1.5408579
Clc1ccc(cc1)Oc1ccc(Cl)cc1,-3.3,-3.1616883
CC(C)(O)C(O)=O,-2.06,-1.6924509
CCCCCCCCOC(=O)C=C,-0.99,-1.2503244
C1CC2=CC=CC3=C2C1=CC=C3,-2.6575773,-2.6289072
C[CH]=[C]=[CH]C,1.0062093,1.8257817
CCC1CCCCC1,-0.31569335,0.42137372
CCCCOC(=O)COc1ccc(Cl)cc1Cl,-4.21,-4.099702
CC(C)(C)O,0.24529053,1.0444497
CCCCCCCCOC(=O)CCCCC(=O)OCCCCCCCC,-6.07,-6.311587
FCC(F)(F)OC(F)F,2.57,3.0505264
C=CCOC(=O)OCC=C,-0.99,0.45260733
CCCCOCCOC(=O)COc1cc(Cl)c(Cl)cc1Cl,-5.82,-5.6821566
CC1CC(C)(C)CC(=O)C=1,-0.36,-0.25565338
C\C=C(/C)C(C)C,0.3424227,1.1119184
CC(C)c1ccccc1-c1ccccc1,-3.3,-3.06985
CCCCCCCCCCCCCCCCCCC,-4.31,-4.663239
C[Si](C)(C)O[Si](C)(C)O[Si](C)(C)O[Si](C)(C)O[Si](C)(C)C,-0.99,-1.3231663
CN(SN(CCC(=O)OCC)C(C)C)C(=O)Oc1cccc2CC(C)(C)Oc12,-6.7,-6.651449
CC(C)OC(=O)CCl,0.61,0.8055876
Cc1ccccc1I,-0.34,-0.2730586
CCCCCCC1CCCCC1,-0.94,-0.85836446
Cc1ccc[n]c1C,0.43,0.5561244
OCC(F)(F)F,1.85,2.2999473
CC1=CC(C)=C(O)C=C1,-0.9913998,-0.98944634
COC(=O)CC#N,-0.86,-0.23596573
CC(CC)SP(=O)(OCC)N1CCSC1=O,-5.38,-5.053371
CCP(=O)(OCC)OCC,-1.14,-0.7026895
CCCCCON=O,0.6,1.0426024
Brc1cccc2ccccc21,-2.01,-2.1185215
COC1=C(C)C=CC=C1,0.17609125,0.13107766
O=C(Cl)C(Cl)(Cl)Cl,1.33,1.1182393
CCc1cccc[n]1,0.69,0.14343537
CN(C)C1=NC(=O)N(C2CCCCC2)C(=O)N1C,-6.65,-6.711286
CCCCCCCCCCCCCCCC=C,-3.34,-3.439334
FC(F)(F)c1ccccc1Cl,0.71,1.045551
CON(C)C(=O)Nc1cc(Cl)c(Cl)cc1,-5.84,-6.167318
O=C(Cl)CCCC(=O)Cl,-0.93,-0.7871615
CCCCOP(=O)(OCCCC)OCCCC,-2.95,-2.7651463
FCC(F)(F)C(F)F,2.88,3.0029306
CC=CC(O)=O,-0.54,-0.27105796
C=CBr,3.01,3.3874474
CN(C)C(=O)SCCCCOc1ccccc1,-5.9,-5.348849
Cc1cc(C=C)c(C)cc1,0.0,-0.23334913
C[C@@H]1CCC[C@H]1C,0.34099904,1.0300142
O=C1CC2CCC1C2,0.3201463,-0.09980126
Fc1c(F)c(F)c(c(F)c1F)C(F)(F)F,1.46,1.6053382
CC1CCCCC1=O,0.35,0.44183606
CCCCCCCCOC(=O)c1ccccc1C(=O)OCCCCCCCC,-7.0,-6.609555
Clc1cc2Oc3cc(Br)c(Br)cc3Oc2cc1Cl,-8.33,-8.369482
CC(C)COC=O,1.6,1.2516662
CCC(C)(C)C(C)=C,0.041392684,0.88242215
Clc1cc2Oc3cc(Cl)c(Cl)c(Cl)c3Oc2cc1,-8.12,-8.058146
Brc1cc(Br)ccc1,-0.57,-0.5346175
Cc1ccccc1S,-0.19,-0.251881
CC1=CC=C(C=C)C=C1,0.25767857,0.13936497
CCOP(=S)(OCC)Oc1ccc(Cl)cc1Cl,-3.251812,-3.8118937
COP(N)(=O)SC,-4.455932,-4.5496173
OCCOCCO,-2.24,-1.9645742
COC1=C(O)C=CC=C1,-0.98716277,-1.3418102
CC(C)(C)CO,1.2,1.1703868
Cc1cc2ccccc2cc1,-1.26,-1.3287023
CCCCCCCCCCCCCCCCCC(O)=O,-6.14,-6.6409154
C=C=C,3.73,2.6390874
CCCCCCI,0.15,0.25417638
CC(C)C1(O)CCC(C)=CC1,-1.39794,-0.9602342
CCCC[N+]([O-])=O,0.58,0.84690756
CCOCC=C,2.18,2.051926
CC(C)Oc1cc(ccc1)NC(=O)c1ccccc1C(F)(F)F,-7.31,-7.0621076
CC(C)OC(=O)c1cc(-c2[n][n](C)c(c2Br)C(F)(F)F)c(F)cc1Cl,-7.15,-7.003285
CC(C)C1=C(O)C=C(C)C=C1,-1.79588,-1.6588634
COP(=S)(Oc1cc(Cl)c(cc1)[N+]([O-])=O)OC,-5.4,-5.1112123
C[C@H]1CC[C@@H](C)C1,0.3601388,0.9071929
CCC(C)c1ccccc1OC(=O)NC,-3.85,-4.3479075
CC(C)=O,0.87512493,1.9877874
CN(C)N=O,0.43,0.5915503
CNc1ccccc1,-0.34,-0.28978425
CCCCOC(=O)/C=C\C(=O)OCCCC,-3.21,-2.663416
CCCCCCC(C)OC(=O)COc1[n]c(F)c(Cl)c(N)c1Cl,-8.0,-6.828449
Clc1cc2c(oc3c2ccc(Cl)c3Cl)c(Cl)c1,-7.48,-7.71888
CCCC(C[n]1c[n]c[n]1)c1ccc(Cl)cc1Cl,-5.56,-5.779879
CCCCCC[C@H](C)S,-0.15,0.060974106
CCCCOCC,1.71,1.7102911
CC1(C)C(O)C2(C)CC1CC2,-1.2,-0.8599977
Brc1c[n]ccc1,0.24,0.49697942
CC(C)c1ccccc1C(C)C,-0.44,-0.57701087
Oc1c(Cl)cc(Cl)c(Cl)c1Cl,-3.18,-2.7045317
CCSc1[n]c(NC(C)C)[n]c(NC(C)C)[n]1,-5.8,-5.909488
CCCCCCC(C)C,-0.59998035,0.32501978
COP(=S)(OC)Oc1ccc(SC)c(C)c1,-4.978811,-4.2539353
CNC(=O)CSP(=O)(OC)OC,-4.61,-5.2383113
c1ccccc1-c1ccccc1,-2.05,-1.9507324
OCC1CCC(CC1)CO,-3.51,-3.6234531
CCCCCCCCl,0.45,0.7215587
CCCCI,1.14,1.393912
CN(C)C(=O)C(c1ccccc1)c1ccccc1,-7.52,-6.472707
Cc1cc2ccc[n]c2cc1,-2.19,-2.0104542
CC=C(C)C,1.1557398,1.9082536
CCCCCCCCCCCF,-0.68,-0.48141485
CCCC(C)C(C)C,-0.064996846,0.85819715
CC(C)=CC=C(C)C,1.2455127,0.8438751
CC(=O)C1=CC=C(C=C1)C(C)=O,-2.1408617,-2.0569258
CC1=CCC(CC1)C(C)(C)O,-1.3736596,-0.89242435
CC1(C)CCCCC1,-0.086557046,0.4888242
CCCCCC(C)=C,1.3,0.74870247
Cc1ccccc1C,0.82,0.41048604
CC(C)(C)c1ccc(cc1)OC1CCCCC1OS(=O)OCC#C,-6.52,-6.4397564
[O-][N+](=O)OC(CO[N+]([O-])=O)CO[N+]([O-])=O,-3.4,-3.5797222
ClC(Cl)(Cl)Cl,0.57720447,1.491103
CC(O)=O,1.2,0.42736804
CC(C)COC(C)=O,1.25,1.299806
COCCOCCOCCOC,-1.39,-0.7152186
O=C1C=Cc2cccc3cccc1c23,-5.17,-4.7807746
CC(C)I,1.63,1.9316324
CCC(CN1C(=O)C2C(C3CC2C=C3)C1=O)CCCC,-4.74,-5.4019656
Cc1cc(CC)cc(O)c1,-2.06,-1.462877
CCC(C(C)C)C(C)C,1.0,0.2314562
CCCCCC(C)=C,-0.124938734,0.74870247
CCC(C)C(C)(C)CC,-0.45136493,0.4647432
C/C(=C\C(=O)OC(C)C)/OP(=S)(NCC)OC,-4.84,-4.3135376
OCC1=C2C=CC=CC2=CC2=C1C=CC=C2,-7.30103,-6.6544423
CC=C1CC2CC1C=C2,0.6232493,0.3058471
CC1=CC(=O)OC2=CC(O)=CC=C12,-5.1402617,-4.8204217
O=C(Nc1ccc(Cl)cc1)NC(=O)c1c(F)cccc1F,-9.05,-9.236293
CCCl,1.5458413,2.8341541
CCCCCCCC(=O)OC,-0.27,-0.26146132
CCC(C)C1=CC=CC=C1,0.24303804,-0.04617627
CC(CO)c1ccccc1,-1.72,-1.139402
CC(C)(C)C1=CC(=C(O)C(=C1)C(C)(C)C)C(C)(C)C,-3.1797986,-3.0924714
ClCc1ccc(Cl)cc1Cl,-1.49,-1.2513888
CCCOP(=O)(OCCC)Oc1ccc(SC)cc1,-6.0457573,-5.4137826
O=C(Cc1ccccc1)c1ccccc1,-3.74,-3.7013295
CCCCCCC(C)=O,0.13,0.30423385
C[n]1:c:[n]:c2:[n]:c:[n]:c-2:c:1N,-11.8,-11.474732
CCC(C)=CC,2.2,1.446349
OC(=O)CS,-1.06,-0.6792151
CC(=C)CCl,2.01,2.010064
CCCCC=C,0.7786504,1.3406036
CCCCCCCC(O)=O,-2.43,-2.3100572
CN(C)P(=O)(N(C)C)N(C)C,-1.34,-1.2714137
OC(=O)COc1ccc(Cl)cc1CO,-6.18,-6.2258477
OC1CCCCCCCCCCC1,-3.4213607,-2.5875242
CC(C)=CC1C(C(=O)OCc2cccc(c2)Oc2ccccc2)C1(C)C,-6.84,-7.0427513
OC(=O)c1[n]c(Cl)ccc1Cl,-4.92,-4.0589795
CC(O)C(C)=O,0.4297523,0.2150542
CC(C)c1cccc2ccccc21,-2.22,-2.154268
Brc1ccccc1,0.62,0.3287384
CC(C)C(O)CCC,0.13,0.4233845
[O-][N+](=O)c1ccccc1Cl,-1.74,-1.1035892
N#CCNCC#N,-2.47,-2.2247536
CC1=C(C)C(C)=C(C)C(C)=C1C,-3.0655015,-2.339388
CCC(COC(=O)C=C)CC,0.23,-0.17225467
OC(=O)CCCCC(O)=O,-6.5,-6.1648827
CC1=CC(=C(O)C(=C1)C(C)(C)C)C(C)(C)C,-2.0,-2.2621732
ClC(Cl)(Cl)Br,1.59,1.2623972
Brc1cc(Br)cc(Br)c1,-2.82,-2.349058
CC(=O)C1=CC=CC=C1,-0.4012095,-0.51771873
CCC,2.2756338,2.6215396
CC(=O)C1=CC=C(C)C=C1,-0.65757734,-0.80883473
CC(=C)C=O,2.19,1.7722143
CC1=CC(=O)C2=C(C=CC=C2)C1=O,-3.7258422,-3.5926273
CC(C)=CCCC(C)(O)C=C,-0.8,-0.66790974
CCOC(=O)CCCCCCCCC(=O)OCC,-3.29,-3.477054
COC(=O)C(=O)OC,0.06,0.14791764
OC1=CC=CC=C1,-0.45593196,-0.76507884
CC(CCC=C(C)C)C=C,0.40993312,0.21546741
CCCCCCCCCC(O)=O,-3.44,-3.3965144
CCCCCCCC(C)C,-1.0695604,-0.2869165
CCc1cc(CC)ccc1,0.05,-0.041854575
CCCCNCCCC,0.41,0.68173116
CC(=C)c1ccccc1,0.28,0.18165927
CCP(=S)(Oc1cc(Cl)c(Cl)cc1Cl)OCC,-4.82,-4.412486
COC=C,3.12,2.9058042
CCCCCC,0.69545543,1.3945822
CCCCCCCCCCCO,-2.53,-2.0740898
C[C@@H]1CC[C@@H](C)CC1,-0.08613319,0.54563326
CC(C)OP(=S)(OC(C)C)SCCNS(=O)(=O)c1ccccc1,-6.09691,-5.865849
COP(=S)(OC)Oc1cc(Cl)c(Br)cc1Cl,-3.89279,-4.055747
CCCCC(COP(=O)OCC(CCCC)CC)CC,-4.24,-3.9818304
CCCCCC(C)O,0.09,0.300211
C[Si](C)(C)O[Si](C)(C)O[Si](C)(C)O[Si](C)(C)O[Si](C)(C)O[Si](C)(C)C,-1.53,-1.5272373
CC1CCCC=C1,1.54,1.366944
CC(Cl)(Cl)Cl,0.6133343,1.5589045
CCCSP(=O)(OCC)SCCC,-3.4202163,-3.2672238
CCCCCCC,0.20954183,1.0093693
CC(C)=CC1C(C(=O)OCN2C(=O)C3CCCCC=3C2=O)C1(C)C,-5.15,-6.2887864
BrCC(Br)c1ccccc1,-1.97,-1.7372769
C=CCN(CC=C)CC=C,0.56,0.83978146
CNC(=O)Oc1ccccc1C(C)C,-4.68,-3.8479476
OCCCCO,-1.98,-1.6497612
C1CCN1,2.25,2.2866864
CCOP(=O)(Oc1ccc(cc1)[N+]([O-])=O)OCC,-5.96,-5.5319242
FC(F)=C(F)C(F)(F)F,3.69,3.8787947
CC(C)C(C)C(C)(C)C,1.1,0.48273605
CC(C)=O,2.36,1.9877874
NC(=O)C(N)=O,-7.2,-7.2138286
ClC(Cl)=C(Cl)CCl,0.43,0.67793554
Clc1cc2Oc3c(Oc2cc1)c(Cl)c(Cl)c(Cl)c3Cl,-9.18,-8.988204
CC(CC)CC,2.28,1.4948176
OCC(O)CCl,-0.7,-1.0221298
CC(C)(C)C1CCC(O)CC1,-1.15,-0.9009816
CC(C)(O)C=C,1.3710679,1.1135638
CC1=CC=C(C)C2=C1C=CC=C2,-2.0757208,-1.7647088
ClCBr,2.15,2.3352911
COCC(C)O,1.1,0.8426066
CC(C)(C)SCSP(=S)(OCC)OCC,-3.49,-3.369565
CC1=CC(=C(O)C=C1)C(C)(C)C,-1.60206,-1.6837381
COC1=CC=C(C=C1)C(C)=O,-2.1911142,-1.4376713
CCN(C1CCCCC1)C(=O)SCC,-2.7,-2.4628055
Clc1ccccc1-c1ccccc1,-2.86,-2.4665036
Cc1c(C)c(C)c(C)c(C)c1C,-3.07,-2.339388
CC(=NOC)c1cccc(Oc2[n]c(cc([n]2)OC)OC)c1C(=O)OC,-6.64,-7.198852
CCOP(=S)(OCC)Oc1nc(Cl)c(Cl)cc1Cl,-4.692504,-4.149485
CCc1c(C)cccc1C,-0.13,-0.011830971
CC1=CC=CO1,2.1522884,2.1074467
CC(C)CC(C)C,1.9,1.1285957
CCCCOCCOCC(C)O,-1.5228788,-1.2815808
CC1=CC=C(O)C=C1,-0.9586073,-0.77367586
O=P(c1ccccc1)(c1ccccc1)c1ccccc1,-8.59,-8.324125
Cc1[n]c([n]c(OC(=O)N(C)C)c1C)N(C)C,-5.14,-5.5624013
Clc1cc(Cl)c(-c2ccc(Cl)c(Cl)c2Cl)c(Cl)c1Cl,-5.85,-5.4997
C/C=C/C(C)(C)C,0.56878823,1.138007
S1C=CC=C1,1.9014583,1.5560856
C1OC2=C(O1)C=CC=C2,-0.24412514,0.21590067
CCC(C)c1ccccc1,-1.1152047,-0.04617627
CCOCC,1.2157565,2.4035077
CCSCCCl,0.53,0.6995351
CCOCCOCC,1.53,1.4075881
CC(C)CCC(C)=O,0.76,1.118985
CCCCOCCOCCO,-1.66,-1.1885628
[O-][N+](=O)CBr,0.49,1.0659095
Clc1cccc(-c2cccc(Cl)c2Cl)c1Cl,-4.13,-4.309639
Brc1c(-c2c(Br)c(Br)c(Br)c(Br)c2Br)c(Br)c(Br)c(Br)c1Br,-9.4,-9.1942625
C[C@@H]1[C@H](SC(=O)N1C(=O)NC1CCCCC1)c1ccc(Cl)cc1,-7.59,-8.133521
COc1ccc(N)cc1,-1.52,-1.8310727
Clc1cc2Oc3ccccc3Oc2cc1Cl,-5.53,-5.5935235
O=CC1=CC=CS1,-0.2596373,-0.13704865
CCCCCCCI,-0.35,-0.2993089
Nc1c(Cl)cc(cc1Cl)[N+]([O-])=O,-5.92,-4.81776
CSSC,0.018242666,0.21621911
CCCCC(O)CC,-0.13076828,0.229273
Cc1cc(ccc1NS(=O)(=O)C(F)(F)F)S(=O)(=O)c1ccccc1,-5.05,-5.338369
O=C(CCl)CCl,-0.2,0.5050237
CC(C)CCOC(C)=O,0.75,0.94284207
NCc1ccccc1,-0.19,-0.6904082
CC(C)(C)c1ccccc1O,-1.05,-1.3380748
Cc1cc(ccc1)C(=O)N(CC)CC,-2.7,-3.1738293
Cc1cc[n]2[n]c([n]c2[n]1)S(=O)(=O)Nc1c(F)cccc1F,-11.56,-10.797503
OC(=O)c1c(Cl)c(Cl)ccc1Cl,-3.26,-3.6573062
CCOC(=O)CCC,1.11,1.0695592
[O-][N+](=O)c1cccc2ccccc21,-3.32,-3.885037
CCCCCCOC(=O)c1ccccc1C(=O)OCCCCCC,-4.85,-5.66042
CC(C)(C)C=O,1.8524799,1.7083429
C1CCC2CCCCC2C1,-1.2668028,-0.20926075
O=CCCCC=O,-0.22,0.1797797
CCCC(C)Cl,1.69,1.6502258
CCCCSC,1.19,1.3301021
Brc1cccc2Oc3c(cccc3Br)Oc12,-5.95,-6.154364
COP(=S)(OC)Oc1ccc([N+](=O)[O-])cc1,-5.455932,-4.621262
Cc1cc(N)c(N)cc1,-3.2,-3.1060522
CSC(=O)c1cccc2[n][n][s]c12,-5.48,-5.8017282
CC(F)(F)C(F)(F)F,3.54,3.5676622
OC(=O)C(F)(F)F,2.04,1.6758041
CCCC1CCCCC1,-0.7695511,0.06183757
CC(C)(C)Br,2.13,2.269153
CC(C)N(C(C)C)C(=O)SCC(Cl)=C(Cl)Cl,-3.92,-3.5389733
Cc1ccc(F)cc1,1.32,1.2522496
CC(C)C1CC1,2.3117537,1.8935674
FC(F)(F)C(F)(Cl)Cl,3.21,3.2921839
CC(C)N1C(=O)c2ccccc2NS1(=O)=O,-5.46,-5.7223825
CC(C)CI,1.19,1.3964461
CCOP(=S)(OCC)Oc1ccc2c(C)c(Cl)c(=O)oc2c1,-7.0132284,-6.3628025
Cc1ccc(O)cc1,-2.2146702,-0.77367586
CCCCCCCCCCOC(=O)Cl,-1.59,-1.2955803
CC(C)c1cccc(O)c1,-1.16,-1.171055
CCCCC#N,0.86,0.9638079
CCCCCCC(O)=O,-1.97,-1.9733621
CO[SiH](OC)OC,1.88,1.7547001
CCOC(=O)c1ccccc1,-0.57,-1.2230136
Cc1cc(N)c(C)cc1C,-2.05,-1.4134156
Cc1c[n]cc(C)c1,0.24,0.46075612
Clc1c(ccc(Cl)c1Cl)-c1cc(Cl)c(Cl)c(Cl)c1Cl,-6.2,-5.533462
CCOP(=O)(OCC)OCC,-0.41,-0.3951286
O=C(C1C(=O)c2ccccc2C1=O)C(c1ccccc1)c1ccccc1,-9.99,-9.406024
CCCCC(O)=O,-1.8860567,-0.98832375
CC(=C)C(C)(C)C,0.5660838,1.2002362
CCOC(=O)C(CC(=O)OCC)SP(=S)(OC)OC,-5.47,-4.9009833
CC[C@H](C)C(C)(C)C,1.51,0.9010133
COC=O,2.77,2.0619016
COC(=O)OC,1.74,1.9150842
COc1ccccc1OC,-0.33,-0.31003404
CCCN(CCC)c1c(cc(cc1[N+]([O-])=O)C(F)(F)F)[N+]([O-])=O,-4.34,-4.2041426
CC(=O)OCCc1ccccc1,-1.5,-1.678139
FC(F)C(F)(F)OCC(C[n]1c[n]c[n]1)c1ccc(Cl)cc1Cl,-5.87,-5.723726
OC(c1ccc(Cl)cc1)(c1ccc(Cl)cc1)C(Cl)(Cl)Cl,-6.4,-6.6360984
c1ccccc1SSc1ccccc1,-3.66,-3.4720314
CC(C)O[N+]([O-])=O,1.53,1.4106617
CCC(C)C=C,2.43,1.4498287
Cc1cc(Cl)ccc1OCC(=O)SCC,-3.8,-3.614091
c1c[n]ccc1-c1cc[n]cc1,-4.25,-3.567064
CCc1cc(C)cc(C)c1,0.01,0.037254438
CCCCCCCCCCCCCCCCCC(=O)OC,-4.87,-5.2777715
CC(C)Cc1c(C2=NCCS2)c([n]c(C(F)F)c1C(=O)OC)C(F)(F)F,-5.65,-5.2844806
CC(=CC(O)OC)OP(O)(OC)OC,-3.89,-4.034237
CCCOCC(C)O,0.23,0.4700681
CC(C)OP(=O)(F)OC(C)C,-0.24,-0.045560107
[O-][N+](=O)c1ccc(F)cc1O,-1.64,-1.5325552
COC1=CC=C(O)C=C1,-2.1706963,-1.2956386
C=CC=CC=C,1.95,1.6152467
CC1CC1,3.2,2.8547125
CC1=CC(C)=C(C)C(C)=C1C,-1.5228788,-1.1484667
COC(=O)c1ccccc1C(=O)OC,-2.51,-2.2530494
CCCCN=C=O,1.25,0.8462288
CCCC,3.26,2.2613425
[C-]#[N+]c1ccccc1,0.38,0.13662927
CCOC(=O)[C@H](C)Cl,0.56,0.74761444
Nc1[n]c[nH][n]1,-6.36,-6.004151
COC1=CC=C(C=O)C=C1,-1.4828041,-1.2294402
Clc1cc(-c2ccc(Cl)c(Cl)c2Cl)c(Cl)cc1,-4.77,-4.6930985
Brc1cc(Br)c(cc1)Oc1cc(Br)c(Br)cc1Br,-7.51,-7.4368224
Clc1c(Cl)c(Cl)cc(Cl)c1Cl,-3.0,-2.3377867
CCC1=CC=C(O)C=C1,-1.4294571,-1.1110566
CCCSCCC,0.81,1.0542244
Clc1cccc([n]1)C(Cl)(Cl)Cl,-2.32,-1.7412368
CN1C(=O)NC=CC1=O,-3.15,-3.1144907
CCN(CC)c1nc(C)cc(OP(=S)(OC)OC)n1,-4.823909,-4.3637943
CCCCCCCCCCCCCCCCCCCCCC,-5.89,-6.13557
COC(=O)COc1ccc(Cl)cc1Cl,-2.64,-2.725115
CCC(C)c1ccccc1,0.24,-0.04617627
CCC(=O)CC,0.1254162,1.2817411
Oc1ccccc1O,-2.44,-2.9295888
CNCCO,0.03,0.07531892
CCOCOCC,1.53,1.7946757
CSc1ccc(cc1)OP(=S)(OCC)SCCC,-5.92,-5.166735
FCC(F)(F)F,3.7,3.5956511
C=CC[Si](Cl)(Cl)Cl,1.25,1.4509315
CC(O)C(C)O,-0.68,-0.9600933
CC1(C)C2CC(=O)C1(C)CC2,-0.66,-0.42008317
Brc1c2Oc3c(Oc2c(Br)c(Br)c1Br)c(Br)c(Br)c(Br)c3Br,-12.51,-12.174561
Cc1ccc(C=C)cc1,0.26,0.13936497
CCSCCSP(=O)(OC)OC,-3.5228786,-3.8812652
CCCCOCCOCCOCCO,-2.6,-2.2703543
N#CC(=Cc1ccccc1Cl)C#N,-4.47,-4.243873
Clc1ccc(Cl)c(-c2cc(Cl)c(Cl)cc2Cl)c1Cl,-5.07,-5.1361995
C=Cc1ccccc1,-0.6081831,0.26218712
CC(C)CN,0.6765747,1.2674028
COP(=O)(OC)SCN1c2[n]cc(Cl)cc2OC1=O,-7.44,-7.021726
CC(C)(C)CC(C)(C)C,-0.13709378,0.43095726
ClC1CCCCC1,0.83,0.95438164
CC1=CC(O)=C(C)C=C1,-0.8068754,-0.98424065
OC(=O)C(F)(F)C(F)(F)C(F)(F)C(F)(F)C(F)(F)C(F)(F)F,-0.88,-0.27443457
COP(=S)(OC)Oc1nc(Cl)c(Cl)cc1Cl,-4.376751,-4.0040574
C/C(=C\C(=O)N(C)C)/OP(=O)(OC)OC,-3.8,-4.0607753
CCCCSP(=O)(SCCCC)SCCCC,-4.860121,-4.874189
CCOC(=O)CCCCCC(=O)OCC,-2.51,-1.9350435
CC(C)CCSCCC(C)C,-0.5,-0.4664377
CCCCOC(=O)c1ccccc1C(=O)OCc1ccccc1,-5.08,-6.33407
CCCCCCCl,0.97,1.1643357
CCOC(C)=O,0.51462746,1.4417988
CCc1cccc2ccccc21,-1.6,-1.8009299
CN(C)C(=O)Oc1cc(C)[n][n]1C(C)C,-3.0,-2.8200564
COP(=S)(Cl)OC,-0.3,-0.06796315
CCC1=CC(C)=CC=C1,0.4828736,0.20839374
CC(C)CCCCCCC=O,-0.537602,-0.54934716
CCON=C(CCC)C1=C(O)CC(CC1=O)C1CSCCC1,-7.12,-7.3726053
Cc1ccc(cc1)NC(O)=NC(C)(C)c1ccccc1,-8.47,-8.449133
CC1=CC=C(C)O1,1.7242758,1.8329552
CC(C)C(C)(C)C(C)C,-0.45655283,0.5426487
COc1ccc(cc1)C(O)(C1CC1)c1c[n]c[n]c1,-6.7,-7.48852
ClC(Cl)C(c1ccc(Cl)cc1)c1ccc(Cl)cc1,-5.87,-5.351404
CCOc1[n]c([n][s]1)C(Cl)(Cl)Cl,-4.0,-3.6645627
Cc1cc(C)[n]c(C)c1,0.3,0.32433927
Cc1ccc(cc1[N+]([O-])=O)[N+]([O-])=O,-3.83,-2.9426827
ClC=C[As](Cl)Cl,-0.24,0.083674744
CCSCCC,1.27,1.4098333
CCCCCCCCCCC,-1.6903698,-0.92446893
Cc1cc(Cl)c(OP(=S)(OC)OC)c(Cl)c1,-3.37,-3.7938185
CCC1=CC=C(CC)C=C1,0.012837225,-0.07333757
Cc1ccc(CC)cc1,0.48,0.18352877
CC(C)CCCC=C,1.4,0.8093696
CCC(CC)(CC)CC,-0.54898155,0.12568925
NCCCCCCO,-2.62,-1.8883647
C[n]1cccc1,1.33,1.7305193
CC(=O)COC(C)=O,0.0,0.2864558
COP(N)(=O)SC,-4.45,-4.5496173
Cc1cccc(C)c1O,-0.77,-1.023564
CCCSP(=O)(Oc1ccc(Br)cc1Cl)OCC,-6.05,-5.574286
CCOP(=S)(OCC)SCC(=O)NC(C)C,-4.0109954,-4.7024746
CCC1=CC=C2C=C3C=CC=CC3=CC2=C1,-4.673664,-5.2995334
CCCCCCCCO,-1.1,-0.5229045
CCCCCCCCCCCCCCCCO,-5.22,-4.4905705
CC(C)CCCCCCC1=CC=C(O)C=C1,-4.025949,-3.7985647
CC(=C)C(C)(C)C,2.05,1.2002362
CCOC=C,2.71,2.7419565
C[C@@H]1CCCCN1,1.29,1.1462029
C1OCC2=C1C=CC=C2,-0.13076828,0.28942305
CCCCSSCCCC,-1.2,-0.87747115
CCC(N)=O,-1.42,-1.1923423
C[Si](C)(C)N[Si](C)(C)C,1.14,1.0851406
CC(C)=C1CCC(C)=CC1,-0.13076828,0.1482629
CC[Si](Cl)(CC)CC,0.83,1.0541717
CC1=C(C)C(O)=C(C)C=C1,-1.5228788,-1.5073309
Cc1cc(Cl)c(Cl)cc1,-0.5,-0.31981766
CC=CC(C)O,0.77887446,0.8012963
[O-][N+](=O)c1cccc(Cl)c1,-1.01,-1.0825907
C[C](C)=[C]=[CH2],1.1206101,1.9867042
Clc1cc(Cl)c2c(c1)oc1c2cc(Cl)cc1Cl,-7.57,-7.729407
CCOC(=O)CC(=O)c1ccccc1,-3.39,-2.7534943
Fc1cc2Oc3cc(Cl)c(Cl)cc3Oc2cc1F,-7.76,-7.62542
CCCC/C=C/C,0.23044892,0.9217687
CC(C)OC(=O)COc1ccc(Cl)cc1Cl,-3.63,-3.4668822
CCCCC(CC)COCCO,-1.69897,-1.7118076
OCC([O-])=O,-1.69897,-1.636859
CCCCC(C)O,0.4,0.5560843
CCC(C)CC(C)C,1.4828736,0.81426257
CCCOC(C)=O,0.093246534,1.3237699
C/C=C/C=C,1.1040123,1.8167144
CC\C=C/CC,0.7306208,1.3335004
Nc1[n]c(N)[n]c(N)[n]1,-9.44,-9.462686
CCCN(CC1CC1)c1c(cc(cc1[N+]([O-])=O)C(F)(F)F)[N+]([O-])=O,-4.2,-5.056262
CC(C)(c1ccccc1)c1ccc(O)cc1,-4.23,-4.3925643
CCCCCCCCCCCCC=C,-2.9586072,-2.078672
COC1=CC=CC(C)=C1,0.17609125,0.16188447
FC(F)(F)C(F)(F)C(F)(F)C(F)(F)C(F)(F)C(F)(F)C(F)(F)F,1.88,1.8089958
CC1=C2CC3=CC=CC=C3C2=CC=C1,-3.400117,-3.257373
OC=O,0.17207725,0.761483
CCCC[C@@H](O)CC,-0.13,0.229273
Clc1c(-c2c(Cl)c(Cl)c(Cl)c(Cl)c2Cl)c(Cl)c(Cl)c(Cl)c1Cl,-6.97,-6.8248587
Clc1ccccc1C(Cl)(Cl)Cl,-1.3,-1.3527263
CCCN(CCC)CCC,0.18,0.34469157
c1[n]cc[s]1,1.23,1.5124203
CC(C)C1=CC=C(C=C1)C(C)C,-0.61978877,-0.44719806
Cc1cccc2ccccc21,-1.17,-1.3461959
CC(C)OC(=O)Nc1ccccc1,-3.85,-2.9960346
Cc1ccccc1O,-1.7986028,-0.7745399
CC(=O)Oc1ccc(CC=C)cc1OC,-2.5,-2.6304612
CCCC\C=C/C,0.22750106,0.9217687
COP(=S)(Oc1ccc(cc1)[N+]([O-])=O)OC,-5.46,-4.621262
CCOC(=O)Nc1cccc(c1)OC(=O)Nc1ccccc1,-8.52,-8.656457
CN(C)C(=O)Nc1ccc(Cl)cc1,-6.3,-5.972542
CCCCCC(C)C,1.32,0.8077056
CCCCCC=O,1.05,1.0893068
CC(C)OC(C)=O,0.32876682,1.5234914
CC1(C)C2CCC1(C)C(=O)C2,-0.18708664,-0.4200831
CC(C)C1=C(C)C=CC=C1,0.17609125,0.10163863
C1C2C=CC1C=C2,1.4065402,1.4025332
Cc1cc2cc3ccccc3cc2cc1,-5.27,-4.474505
CCCOC(=O)C(C)C,0.92,0.87750405
CC(C)OP(=S)(OC(C)C)SCCNS(=O)(=O)c1ccccc1,-6.1,-5.865849
OC(=O)C(O)CC(O)=O,-7.48,-7.2465796
CCCCCNCCCCC,-0.82,-0.48269397
CCCCCCCCCCCCCC(=O)OC(C)C,-4.03,-4.162627
CC(=O)CBr,1.95,1.186922
O=Cc1cc2OCOc2cc1,-2.0,-2.1833959
Cc1cc(ccc1)[N+]([O-])=O,-0.69,-1.2162116
C1COC=C1,2.4,2.4190812
OCC1CCCO1,-0.1,-0.52953243
CCCCCCCCCC=O,-0.99,-0.824591
CC1CC(C)(C)CC1,1.05,0.39441472
CNC(=O)Oc1cccc2ccccc21,-5.87,-5.6791973
OC(C(F)(F)F)C(F)(F)F,2.2,2.6157382
COC(=O)/C(C)=C/OP(=S)(OC)OC,-2.9208188,-3.2292833
CC[C@H]1CC[C@H](C1)C,-0.14605856,0.43122226
C/C(=C\C)/C(O)=O,-0.87,-0.54953843
CCCCCC=CC=O,-0.22914799,0.119492635
CCC(C)C,1.3105872,1.964547
CC=CCCl,1.84,1.9173082
COC(=O)CCCCC(=O)OC,-1.22,-0.89131755
Cc1cc(ccc1)C(O)=O,-3.63,-3.2328725
CC(=C)C(=O)OC,1.59,1.2129619
Nc1cc(N)ccc1,-2.68,-2.6895673
CC(C)=CCCC(C)(C=C)OC(C)=O,-0.95,-1.1005347
FC(F)OCC(F)(F)F,2.81,3.0504441
CCSCCSP(=S)(OCC)OCC,-4.01,-3.8315394
C1Cc2cccc3cccc1c23,-2.67,-2.6289072
FC(F)(F)c1ccccc1,1.59,1.5325819
CCC=CC=C,2.11,1.4321877
C=COC=C,2.83,3.0593603
CCCC(=O)OC(=O)CCC,-0.55,-0.34566838
CC1=CC=C(C)C=C1,0.94645226,0.41729838
COc1ccccc1Cl,-0.62,-0.13186626
O=C1c2ccccc2C(=O)c2ccccc12,-6.94,-6.2565465
O=C=S,3.97,2.8654687
CC(OP(C)(=O)F)C(C)(C)C,-0.39794,-0.22653882
CC1CCCC1,2.14,1.6231887
c1c2-c3cccc4cccc(c43)-c2cc2ccccc21,-9.02,-8.776273
CCCCCCCCCCCCCCCCCCCCCCCCCCCCCC,-10.56,-9.686303
CCCCO,-0.49471432,0.73820734
C1CC21CC2,2.66,2.4959493
CC(c1ccccc1)c1ccccc1,-1.85,-2.4483569
C=CC(O)=O,0.6,0.1524617
NCCCO,-1.11,-0.61757356
CNC1C=NN(C(=O)C=1Cl)c1cc(ccc1)C(F)(F)F,-7.54,-6.7377768
COC(=O)Nc1[nH]c2ccccc2[n]1,-9.12,-8.448598
[O-][N+](=O)C(Cl)(Cl)Cl,1.38,1.2850269
CCNc1[n]c(Cl)[n]c(NC(C)C)[n]1,-6.54,-6.388223
CCC(C)(C)C(C)C,1.43,0.9086495
Cc1ccc(C)[s]1,0.99,0.9017803
S1C2=C(C=CC=C2)C2=C1C=CC=C2,-3.6882463,-3.5366573
CCCCCCCCCCCCCCCC1CCCCC1,-6.46,-5.984959
Cc1ccccc1C=C,0.27,0.13931279
CC(Br)C(C)Br,0.58,0.6226854
C=CC=C,3.32,2.2322178
Cc1cc([n]c([n]1)N(CC)CC)OP(=S)(OC)OC,-4.82,-4.3637943
C(COC1=CC=CC=C1)OC1=CC=CC=C1,-3.5030704,-3.4252808
Nc1ccc(cc1)Nc1ccc(cc1[N+]([O-])=O)[N+]([O-])=O,-10.22,-10.08281
CCCCCCCCCCCCCCC(=O)OC,-3.79,-3.79815
CC(O)C(C)(C)C,0.9449759,0.963692
C1CCCCCCCCCCC1,-1.530178,-1.0367911
COC,2.0873625,2.6795595
O=C1C(Cl)C(CN1c1cc(ccc1)C(F)(F)F)CCl,-5.48,-5.4857173
CC=Cc1ccc(cc1)OC,-1.15,-0.7124937
CCCCCCCCCCCCCCCCBr,-4.31,-4.1806965
CCCCOC=C,1.69,1.7943815
BrCCCCBr,-0.21,0.42593014
OC(C1=CC=CC=C1)C1=CC=CC=C1,-4.5638375,-3.712842
c1ccccc1N=NNc1ccccc1,-4.72,-4.886028
C1Cc2ccccc2-c2ccccc21,-3.22,-3.461354
CCCCOC=O,1.46,1.1315316
CCc1cc(C)c(C)cc1,-0.13,-0.04317002
Cc1ccco1,2.19,2.1074467
CN(C)O,1.33,1.694236
CC#CCCCCC,0.88,0.98550886
CCCCCCCCCCCCS,-2.07,-2.2101054
Cc1cc(ccc1C)[N+]([O-])=O,-2.44,-1.5717058
C1OC1c1ccccc1,-0.52,-0.13237788
CCCC(O)=O,-1.3400838,-0.5117882
OCCNCCO,-3.55,-2.7194433
OCC1=CC=CS1,-1.69897,-0.9751383
CC(C)C1=CC=CC(C)=C1,0.23552845,0.099469826
CN(C)C(=O)[n]1[n]c([n]c1SCC(=O)OCC)C(C)(C)C,-6.92,-6.3657966
CCCCCC(O)=O,-2.5686362,-1.5410986
BrCc1ccccc1,-0.35,-0.1724935
COc1cc(CC=C)ccc1O,-1.65,-1.937252
Cc1ccccc1O,-0.52,-0.7745399
Clc1ccc(cc1)Oc1cc(Cl)ccc1,-3.19,-3.1108928
CC(=O)CC(=O)OCC,-0.11,-0.032418564
CCNc1[n]c(NC(C)C)[n]c([n]1)SC,-5.56,-5.8218246
C/C(=C\C(=O)OC)/OP(=O)(OC)OC,-3.91,-3.7262046
C=CCN(CC=C)C(=O)C(Cl)Cl,-2.22,-2.3066158
Cc1cc(O)cc(C)c1,-1.39,-1.0420921
CCCCN(CCCC)CCCC,-1.03,-0.68381125
[O-][N+](=O)OCCOCCO[N+]([O-])=O,-2.23,-2.554109
CC1=CC=C(C=C1)C1=CC=CC=C1,-2.192465,-2.2251072
COC(=O)C(C)N(c1c(C)cccc1C)C(=O)c1ccco1,-6.28,-6.55877
ClCCSCCCl,-0.96,-0.42494172
CC1CCC(C1)(C)C,0.14395112,0.39441478
OC(c1ccccc1Cl)(c1ccc(Cl)cc1)c1c[n]c[n]c1,-6.65,-7.0239215
CC1NC(=O)N(C(C)CC)C(=O)C=1Br,-6.51,-6.2800317
CCCCCCCCCS,-0.88,-0.5482318
CCOC(=O)c1[n]c([n]([n]1)-c1ccc(Cl)cc1Cl)C(Cl)(Cl)Cl,-8.18,-7.633912
COC(OC)OC,1.9106244,1.5211915
O=C1CCCCCN1,-2.8,-2.007461
NC1=C(Cl)C(=O)c2ccccc2C1=O,-6.35,-6.8580146
C1CCCCS1,0.9,1.2167202
Clc1cc2ccccc2c(Cl)c1Cl,-4.7,-3.648674
CC1CCCC(=O)C1,0.17609125,0.4292242
CCC1(C)CCCC1,-0.13888396,0.48455912
Cc1cc(Cl)ccc1O,-1.62,-1.0518289
OC(=O)CN(CC(O)=O)CCN(CC(O)=O)CC(O)=O,-11.82,-11.595155
N#CC1SC2=C(SC=1C#N)C(=O)c1ccccc1C2=O,-10.69,-10.864339
CC(Cl)=CCl,1.96,2.0309157
CCS(=O)CCSP(=O)(OC)OC,-4.545155,-4.4485183
CCC(C)CC=C,1.8662874,1.0331291
CC(C)C=C(C)C,0.45773056,1.0955025
O=C(OCc1ccccc1)c1[s]c(Cl)[n]c1C(F)(F)F,-6.53,-5.7121754
Clc1cc(ccc1Cl)-c1ccccc1Cl,-3.99,-3.5304878
C1CCCCCC1,1.33,1.0206739
CN(SN(C)C(=O)O/N=C(\C)/SC)C(=O)O/N=C(\C)/SC,-4.15,-4.939223
CC(C)C1=CC=CC(=C1)C(C)C,-0.4089354,-0.46717814
Fc1cc(F)cc(F)c1,2.02,2.284117
Clc1ccccc1Nc1[n]c(Cl)[n]c(Cl)[n]1,-8.21,-8.11006
Cc1ccc(S)cc1,-0.19,-0.22224571
CC=Cc1cc(OC)c(O)cc1,-1.92,-1.8455577
Cc1cccc2ccc[n]c21,-1.6,-2.0225854
CC(O)C1=CC=CC=C1,-1.0,-0.9616177
Clc1ccccc1-c1ccccc1Cl,-2.56,-2.9046783
Cc1c[n]cc[n]1,0.91,0.91197044
O=C1CCC(=O)N1,-4.12,-4.2264643
CC(=C)CCC(C)=C,1.5728716,0.84877914
CCCCCCOCCO,-0.81,-0.8687354
CCCCC(COC(C)=O)CC,-0.64,-0.52901536
CCCCCCF,1.76,1.8821882
CC1=NN(c2cc(CC(Cl)C(=O)OCC)c(Cl)cc2F)C(=O)N1C(F)F,-6.92,-7.0227356
COC(=O)/C=C(/C)OP(=O)(OC)OC,-3.89279,-3.7262049
CCc1ccc(cc1)C(=O)NN(C(=O)c1cc(C)cc(C)c1)C(C)(C)C,-7.65,-7.800536
Clc1cc2c(cc1)c(Cl)cc(Cl)c2Cl,-5.07,-4.799043
CC(CCC=C(C)C)C=O,-0.11918641,0.07519458
CCCCOCCOC(=O)COc1ccc(Cl)cc1Cl,-5.35,-5.1454597
CCNCC,2.38,2.0643692
Clc1ccc(cc1)Oc1ccccc1Cl,-3.15,-3.1303127
CS(C)=O,-0.21,-0.1941962
Cc1cc(Br)ccc1,0.18,0.1833104
CCCC1=CC=CC=C1,0.5340261,0.0106860995
COP(=O)(OC)OC=C(Cl)Cl,-1.801343,-1.7739812
Clc1cc(Cl)c2oc3c(cc(Cl)c(Cl)c3Cl)c2c1,-8.73,-8.5969095
COC1=CC=C(C=CC)C=C1,-1.30103,-0.71249366
CC(=O)OC1CCC(CC1)C(C)(C)C,-2.12,-1.152769
CC(C)C(C)C=C,0.49554434,1.1405171
CC1CNC(C)CN1,0.42,0.024847075
CC(C)c1ccccc1,-0.7293212,0.18025242
CC(Cl)C=C,2.18,2.2218523
CCCCCCCC=C,-0.65757734,0.20049976
Oc1c(F)c(F)c(F)c(F)c1F,0.46,0.8742315
CNC(=O)N(C)c1[n]c2ccccc2[s]1,-6.95,-7.2062273
Brc1cc2Oc3ccccc3Oc2cc1,-4.52,-4.532608
CCC1=C(O)C=CC=C1,-0.8153086,-1.100206
CC1CCCC1(C)C,-0.000521466,0.5190204
CCCCCCC=C,-0.18302996,0.59060025
CS(=O)(=O)c1cc(ccc1C(=O)c1c[n]oc1C1CC1)C(F)(F)F,-8.12,-8.411982
CCN(CC)C(=O)SCc1ccc(Cl)cc1,-4.66,-4.8356805
CCCC1=C(C)C=CC=C1,-0.004364805,0.0022460073
CC1=CSC=C1,1.3463529,1.5106826
O=C(Nc1ccc(cc1)OC(F)(F)F)NC(=O)c1ccccc1Cl,-9.52,-9.004033
CC1CN1,2.15,2.0687442
CC(C)=CCCC(=C)C=C,0.3,0.2738827
CC(C)(SC(=O)N1CCCCC1)c1ccccc1,-5.4,-5.7592306
Cc1ccccc1,0.013300787,0.54732007
ClCOCCl,1.47,2.084835
CCOC(=O)Cl,1.35,1.9205557
CCOC(=O)c1ccccc1C(=O)OCC,-2.68,-3.0974894
CC(C)(C)C(C)(C)C,-0.082757145,0.89404577
CS(=O)(=O)c1cc(c(c(c1)[N+]([O-])=O)N(CCC)CCC)[N+]([O-])=O,-8.03,-7.305247
OC(=O)C1C(C2CCC1O2)C(O)=O,-9.8,-9.945758
CCCCCCCCCCl,-0.57,-0.4119326
ClC1(Cl)C2(Cl)C3C4OC4C(Cl)C3C1(Cl)C(Cl)=C2Cl,-4.71,-4.6767697
CCC(C)=C,2.79,1.8978795
CCC(CC)C(C)C,1.3802112,0.6846359
CCCCCCCCCCCCCCCO,-4.41,-3.991105
CCOP(=S)(Oc1[n][n](c[n]1)-c1ccccc1)OCC,-5.54,-5.6820674
COCC(C)N(C(=O)CCl)c1c(C)c[s]c1C,-3.56,-3.8089583
CCCCOCC1CO1,0.51,0.28744692
CC1CCCCC=1,1.49,1.3790995
CCCN,2.49,1.4476165
CCCCC(C)CCC,0.8344207,0.21269424
CC(C)OP(C)(=O)F,0.45636603,0.63325566
CC(=O)CCl,1.08,1.3242664
CCOP(C)(=O)SCCN(C(C)C)C(C)C,-3.154902,-2.8339522
CC(C)(C)C(C)(C)CC,0.98,0.5492428
CN1C=CC(=O)N(C)C1=O,-2.26,-2.2114868
CCO[Si](C=C)(OCC)OCC,0.36,0.49731463
CC(C)(C#C)NC(=O)c1cc(Cl)cc(Cl)c1,-6.36,-5.9102683
Cc1ccccc1CC,0.42,0.20128046
Fc1c(F)c(F)cc(F)c1F,1.83,1.7794985
OC(=O)CC(O)=O,-2.82,-3.8147118
CNN,1.7,2.0425575
CCN(O)CC,0.53,1.2486012
CCCC(C)=C,0.799375,1.396685
CSc1ccc(cc1)OP(=O)(OCCC)OCCC,-6.05,-5.4137836
CCCCCCCCCCCCCC=C,-2.34,-2.4678473
CCN(CCO)CC,0.15,0.4025514
CC(C)[C@H](C(=O)OC(C#N)c1cccc(c1)Oc1ccccc1)c1ccc(cc1)OC(F)F,-8.06,-8.623672
CC(Cl)CCl,0.25882876,1.33233
CC(=C)C1CC=C(C)C(=O)C1,-0.93930215,-0.7581742
CCOC(=O)CCl,0.69,0.8399386
CC(CC)SP(=O)(OCC)SC(C)CC,-3.05,-3.294497
Cl[As](Cl)c1ccccc1,-0.95,-0.8137701
CC(=O)Br,2.08,2.3566575
CC(C)=C1CC[C@@H](C)CC1=O,-0.91,-0.7012194
CC=CCCCC,1.68,0.9217687
c1c(cccc1-c1ccccc1)-c1ccccc1,-4.76,-5.2540298
CC1CCCCC1,0.20539385,1.03359
CCCC(C)O,-0.5442418,0.56593186
BrC=CBr,1.49,1.4153703
C=C(c1ccccc1)c1ccccc1,-1.88,-2.3708887
Nc1cc(ccc1)[N+]([O-])=O,-4.02,-3.4339607
CC(=O)c1cccc2ccccc21,-3.41,-2.9473224
CCCCCC(C)Br,0.36,0.5759093
C1CC=CCCC=CCCC=C1,-1.154902,-1.1551378
CCCCCC1=CC=CC=C1,-0.36653155,-0.22363706
FC(F)(Br)Br,2.91,2.9280171
O=C(c1ccccc1)c1ccccc1,-2.71,-3.3138924
CCC(C)C(C)(C)O,0.65705585,0.62063587
COP(=O)(OC)C(O)C(Cl)(Cl)Cl,-5.11,-4.6599965
C/C(=C\OP(=S)(OC)OC)/C(=O)OC,-2.92,-3.2292833
CC(C)CCO,0.37,0.74039674
c1[n]c2ccccc2c2ccccc21,-4.68,-4.418431
c1cccc2c(c3ccccc3c(c21)-c1ccccc1)-c1ccccc1,-9.84,-10.619634
C[S](C)=O,-1.5622494,-0.1941962
N#CCCOCCC#N,-3.76,-3.1797457
C1CCCCCN1,0.91,1.0804778
CC(=C)C1CCC(C)=CC1,0.1903317,0.16345535
Cc1ccc(Cl)cc1,0.43,0.33041173
OC(=O)CCCCCC(O)=O,-7.05,-6.6839957
CCOP(=S)(OCC)SCSC(C)(C)C,-3.49485,-3.369565
Clc1ccc2ccccc2c1Cl,-2.7,-2.643312
C[Si](O[Si](C)(C)C)(O[Si](C)(C)C)O[Si](C)(C)C,-1.4,-1.0999892
Cc1cc(c(O)c(C)c1)C(C)(C)C,-1.35,-2.1353781
Oc1cccc(Cl)c1Cl,-1.24,-1.4327108
C[Si](C)(Cl)Cl,2.16,2.1431704
COC(=O)CCl,0.88,1.0661426
CC(C)Oc1cc(c(Cl)cc1Cl)N1N=C(OC1=O)C(C)(C)C,-6.95,-7.0231013
CCCCN,0.5037771,1.0993421
CCCC=O,2.05,1.5072964
CC(C)CCCCC(C)C,-0.9186527,-0.08296232
CCCCOC(=O)CC,0.65,0.7531521
Cc1ccc(C)cc1,-0.4592952,0.41729838
Cc1[n]c2ccccc2[s]1,-1.52,-1.5762061
CCO/N=C(\OC(=O)c1ccccc1)/c1c(ccc(Cl)c1OC)OC,-5.47,-6.254189
Clc1c2oc3c(c2c(Cl)c(Cl)c1Cl)c(Cl)c(Cl)c(Cl)c3Cl,-11.43,-11.269885
Nc1c(c(C#N)[n][n]1-c1c(Cl)cc(cc1Cl)C(F)(F)F)S(=O)C(F)(F)F,-8.56,-8.2714815
CCCCOS(=O)(=O)OCCCC,-1.93,-1.6059183
CC(C)(CC)c1ccc(O)cc1,-2.7,-1.8357618
CC(C)C(O)C(C)C,0.48,0.5167641
O=C(C(c1ccc(Cl)cc1)c1ccccc1)C1C(=O)c2ccccc2C1=O,-9.12,-8.955271
CC(C)C(C)C(C)(C)C,-0.13709378,0.48273605
CCOP(=O)(SCCC)SCCC,-3.42,-3.2672238
C(c1ccccc1)c1ccccc1,-2.09,-2.1274185
CCCC(C)(C)C(C)(C)C,-0.8002448,0.14969508
CCC(C)OC,2.32,2.075123
CCCSP(=O)(OCC)Oc1cnn(-c2ccc(Cl)cc2)c1,-7.920819,-7.5394874
CCC(CC)C(C)C,-0.058886275,0.6846359
CCCc1ccccc1,0.53,0.0106860995
CC(O)CC=O,0.1172713,-0.04647498
OCc1ccco1,-0.22,-0.35685396
CC(C)=C=C,2.63,1.9867042
CC1=C(C)C=CC=C1,0.8228216,0.41048604
CC(C)=C,1.8101182,2.2935073
CC(=O)N(C)C,0.3,0.46358812
Clc1cccc2Oc3c(Oc12)c(Cl)c(Cl)c(Cl)c3Cl,-9.25,-8.89399
CC1=CC(C)=CC(C)=C1,0.39445168,0.3393628
CCOc1cc(OP(=S)(OC)OC)nc(CC)n1,-4.09691,-4.062102
CCOCCOCCOCC,-0.28,-0.13111836
CCC(C)CC,2.2787535,1.4948177
CC1=C(C=C)C=CC=C1,0.26717174,0.13931279
OC1CCCCC1,-0.1,0.14725666
OCCCc1ccccc1,-1.7,-1.2889419
C=CCN(CC=C)C(=O)CCl,-2.03,-1.9519074
CC(Cl)CO,0.72,0.88865095
COC=O,1.2635745,2.0619016
O=C1C=Cc2ccccc2O1,-3.01,-2.7713587
CCNP(=S)(OC)O/C(C)=C/C(=O)OC(C)C,-4.844664,-4.3135376
CCCC1CCCC1,-0.3269791,0.36713332
O=C1CC(=O)NC(=S)N1,-7.7,-7.5690494
CCCCCCCCCCC1CCCCC1,-2.99,-2.8703537
CC(C)=C(C)C,0.6194064,1.5544058
CN(C)CCCN,1.0,0.5831806
CCCCCCCC1CCCCC1,-1.4,-1.2620293
Clc1ccc(cc1)Oc1ccccc1,-2.57,-2.6353955
CC(C)C1CCCC1,-0.22105327,0.4575922
CC(Br)CBr,0.89,0.7295411
CC/C=C/C(C)C,0.35410845,1.048418
CN(C)CCO,0.5,0.6866413
CCCCOCCOCCOCCCC,-1.58,-1.3472475
C=CC(F)(F)F,3.64,3.5760078
C1CC2CCC1CC2,0.52,0.4689219
CC=Cc1ccccc1,-0.94309515,0.037205175
C1COCCN1,1.0,0.42648643
CCCCCCCCCC1CCCCC1,-2.61,-2.3130436
Cc1cc(O)ccc1C,-1.45,-1.0245901
CCOP(=S)(OCC)SCCSCC,-4.0109954,-3.8315394
C=CC#N,2.04,1.9729325
OCCc1ccccc1,-1.06,-1.1127386
CCCC(C)(C)O,0.93,0.60824525
CCCCCCCCCCCCCCCCCCO,-5.57,-5.573792
CCCC(=O)CC,1.1430148,1.1070703
CC(C)c1ccc(cc1)C(C)C,-0.61,-0.44719806
O=C(CCl)OC(=O)CCl,-1.43,-1.2211487
CCCCC/C=C\C/C=C\CCCCCCCC(O)=O,-6.06,-6.0177426
FC(F)(Cl)Br,3.31,3.2727773
CN1CCCCC1,1.29,1.2319664
CCCOCCOCCO,-1.30103,-0.9152006
C1CCc2ccccc21,0.17,0.12957744
Cc1cc(C)c(cc1)N=C1SC=CN1C,-4.74,-4.4729466
Oc1ccc2c(C(=O)c3ccccc3C2=O)c1O,-9.06,-8.872521
O=C1C(Cl)=C(Cl)C=NN1c1ccccc1,-4.05,-4.3334837
Fc1cc(F)c(F)c(F)c1,1.87,1.9824733
CC(C)C[N+]([O-])=O,0.84,0.9402105
CCCC(C)Br,1.33,1.4396974
CCCCC(C)CC,1.29,0.77433413
FC(F)=C(F)Cl,3.66,3.488812
CC(C)C(C)(C)O,0.51,0.8749904
COC(C)(C)CC(C)=O,0.34,0.8456424
CCCCCCCCCCCC(O)=O,-4.8,-4.388211
CC(C)CC(C)C(C)C,-0.3430398,0.42246377
CCCCCCCCCCc1ccccc1,-4.0,-3.181157
CCC(C)[N+]([O-])=O,0.89,0.9513734
CC1(CC(=NN1c1ccc(Cl)cc1Cl)C(=O)OCC)C(=O)OCC,-7.33,-7.007181
CCOC1=CC=CC=C1,0.18469143,0.17363684
CCOC(=O)C(C)(C)C,1.25,1.1432353
CC(C)OC(=O)C(O)(c1ccc(Br)cc1)c1ccc(Br)cc1,-7.09,-6.680804
CCc1cc2cc3ccccc3cc2cc1,-5.28,-5.2995334
CCOS(=O)(=O)OCC,-0.67,-0.44901502
CC(C)C(C(=O)OC(C#N)c1cc(ccc1)Oc1ccccc1)c1ccc(Cl)cc1,-8.82,-8.28018
OC(=O)/C=C/c1ccccc1,-4.49,-3.5269165
BrCCCBr,0.13,0.8045551
Cc1ccccc1N(C)C,-0.06,-0.013735503
CCCCCCCCCO,-1.64,-1.0661006
CC(C)CCBr,1.54,1.3397409
C[Si](C)(C)O[Si](C)(C)O[Si](C)(C)O[Si](C)(C)O[Si](C)(C)O[Si](C)(C)O[Si](C)(C)C,-2.5,-1.9004378
CC(C)C(O)C(C)(C)CO,-2.35,-1.9379958
CCCCCCCCCCCCCCCBr,-3.83,-3.6301012
CCCOC(=O)c1ccccc1C(=O)OCCC,-3.88,-4.05501
CC[C@H]1CCC[C@@H]1C,-0.14104195,0.373479
CC(C)S,2.44,2.371304
O=[S](=O)=O,1.0193781,1.1490868
OC1(CCCCC1)C#C,-0.88605666,-0.5588611
CC1CCCCC1NC(=O)Nc1ccccc1,-8.4,-7.7268558
CCCCSCCCC,0.08,0.05081193
CC(C)SC(C)C,1.28,1.3299434
Cc1cc(N)ccc1,-0.52,-0.68185085
C1C=CC=CC=CC=1,0.89,1.2017516
COc1ccccc1,0.55,0.46842074
c1cccc2oc3ccccc3c21,-2.61,-3.104523
O=C(OCC1CCC=CC1)C1CCC=CC1,-3.0,-2.862102
CC(C)C(C)CC(C)C,1.07,0.42246372
CC1(C)[C@@H]([C@@H]1C=C(Br)Br)C(=O)O[C@H](C#N)c1cccc(c1)Oc1ccccc1,-7.82,-8.156913
c1cccc2ccccc21,-1.07,-1.1581143
CCCCC(C)C=C,0.0,0.74649084
CCCOC(C)=O,1.56,1.3237699
CCC(CC)CC,0.30196273,1.0692605
CC(C)(C)CC(C)(C)C,1.3,0.43095726
CCCC1CCCCC1,0.62,0.06183757
COP(=O)OC,0.66,0.7126946
Cc1cc2ccc(C)cc2cc1,-2.37,-1.7232217
Clc1cc(Cl)c(cc1)-c1ccc(Cl)cc1Cl,-4.06,-4.155753
CCC\C(C)=C/C,0.2552725,1.0086063
O=C1c2ccccc2C(=O)N1SC(Cl)(Cl)Cl,-6.8,-6.6536975
Nc1ccc(N)c2c1C(=O)c1ccccc1C2=O,-9.7,-9.82434
Clc1c(Oc2ccccc2)c(Cl)ccc1Cl,-3.55,-3.807802
CCN(CC)C=O,0.08,-0.006995663
CC(C)C1CC=C(C)C=C1,0.15,0.24073468
Clc1ccc(Cl)cc1,0.24,0.19895361
CCCCCCCCCCC=C,-2.080922,-1.2154474
CC(C)(C)C1CCCCC1,0.37,0.13357224
COC(F)(F)C(F)(F)F,3.21,2.9918761
Cc1cc([n]c([n]1)C(C)C)OP(=S)(OCC)OCC,-4.05,-4.0045495
CCCCOCCCC,0.78,0.9504902
COc1cc(Cl)c(Cl)c(Cl)c1O,-2.73,-2.8426607
ClC(Cl)C(Cl)(Cl)Cl,0.54,0.5248353
ClCCOCCOCCCl,-1.22,-1.1137497
ClC(Cl)c1ccccc1,-0.33,-0.080594674
C/C(/C=C/CC(C)CCCC(C)C)=C\C(=O)OCC,-3.61,-3.9356823
c1ccccc1Oc1ccccc1,-1.65,-2.1251438
C1=CC=C(C=C1)C1=C2C=CC=CC2=CC2=C1C=CC=C2,-7.0457573,-8.11561
O=NN1CCCC1,-1.22,-1.2220211
CCCCC=C,2.26,1.3406036
COC1=C(O)C(C=O)=CC=C1,-2.9871628,-2.3634372
CCCCC(COC(=O)COc1cc(Cl)c(Cl)cc1Cl)CC,-5.92,-5.6065154
Clc1ccc(cc1)Oc1cccc(Cl)c1Cl,-3.94,-3.79491
COC(=O)CC(=O)OC,-0.05,-0.045119792
CNOC,2.58,2.0706832
Cc1cc2ccc(C)[n]c2cc1,-2.36,-2.2661312
OC[C@@H](O)[C@@H](O)[C@@H](O)C=O,-9.71,-9.499373
CCCCCCCCCCCCCc1ccccc1,-4.9,-4.654165
BrCCc1ccccc1,-0.61,-0.42666227
CCC(=O)C1=CC=CC=C1,-0.7695511,-0.8770406
CCC(C)CC(=O)CC,0.30103,0.40685517
CCC(C)CC=C,0.39794,1.0331291
CCCCOC(=O)CCCCCCCC,-1.67,-2.028313
CC1=CC=C(C)S1,0.47712126,0.9017803
OCCOc1ccc(Cl)cc1Cl,-3.7,-2.6976564
Fc1cc(F)c(F)cc1F,1.75,1.9624342
CCCC(C)C(C)(C)C,1.06,0.4521107
CCCCCCCCCCCCCCI,-3.85,-3.9425664
O=C(Cl)Cl,3.15,2.9423347
CC1CCCCN1C(=O)CSP(=S)(OCCC)OCCC,-6.62,-5.6949
Oc1cc(O)ccc1,-3.31,-2.9138284
Oc1cc(Cl)cc(Cl)c1,-2.07,-1.2704879
CI,2.61,2.4913566
CCOC(=O)CCCC(=O)OCC,-0.79,-1.1290488
CCCCCCCCC1CCCCC1,-2.04,-1.7816874
CC(C)CC1=CC=CC=C1,0.2855573,0.12997098
CCC(C)CS,1.3,1.4797851
Clc1c(cccc1Cl)-c1c(Cl)c(Cl)cc(Cl)c1Cl,-5.96,-5.129873
Cc1c[s]cc1,1.35,1.5106826
CCOP(=S)(OCC)Oc1cc(C)nc(C(C)C)n1,-4.045275,-4.0045495
Clc1ccc(cc1)-c1ccccc1,-1.98,-2.4595547
OC(=O)C(Cl)Cl,-0.75,-0.48788643
OC(=O)C1CC(=O)C(C(=O)C1)=C(O)C1CC1,-7.76,-8.419797
CC(=O)C=O,1.4265113,0.9273371
CC(C)[n]1[n]c([n]c1Cl)OP(=S)(OCC)OCC,-4.06,-3.8539128
CC(C)CC(O)CC(C)C,-0.52,-0.60185397
CCc1cccc(O)c1,-1.3,-1.0950692
OC1=CC=C(CC2=CC=CC=C2)C=C1,-4.1643095,-3.7120192
[O-][N+](=O)c1ccc(cc1)N=Nc1ccccc1,-5.93,-6.0083995
CC1NC(=O)N(C(=O)C=1Cl)C(C)(C)C,-6.33,-6.0031805
CCOCCOC(C)=O,0.37,0.51006
FC(F)(F)C(Cl)Cl,2.86,2.9295907
CC(OCC)OCC,1.44,1.6004115
ClC(Cl)(CCl)CCl,0.48,0.35948157
CCC(=O)OCC(C)C,0.81,0.91128
FC(C(F)(F)F)C(F)(F)F,3.53,3.6003675
C[Si]1(C)O[Si](C)(C)O[Si](C)(C)O[Si](C)(C)O1,0.02,-0.22971584
CC(O)CCl,0.69,0.8391642
ClC=C(Cl)Cl,1.84,1.5549494
Cc1ccccc1C,-0.57987916,0.41048604
Clc1ccc(cc1Cl)-c1cc(Cl)c(Cl)cc1,-4.78,-4.2366714
CC1CO1,2.73,2.4836183
CCCC1COC(C[n]2c[n]c[n]2)(O1)c1ccc(Cl)cc1Cl,-6.38,-6.701813
N#CCCO,-1.1,-0.7423892
CC1=C(C)C(=O)C(C)=C(C)C1=O,-2.5406075,-1.8538047
CC(C)(C)CCC(C)(C)C,-0.46180344,0.19391958
Cc1ccccc1C#N,-0.35,-0.88169175
CCCCCF,2.27,2.2715073
CC1CC(C(C1)C)C,-0.054826953,0.39240855
C[C@@H]1CCCC[C@H]1C,-0.1511953,0.52330655
COP(=O)(NC(C)=O)SC,-5.7695513,-5.280399
CCCCCBr,1.1,1.3082422
Cc1cc(ccc1O)C(C)(C)C,-1.55,-1.6219108
CCOC(=O)C1(C)OC(=O)N(c2cc(Cl)cc(Cl)c2)C1=O,-7.02,-6.8716054
CC#CC#CC,1.5118834,1.8804415
O=C1c2cc(F)ccc2N=C(N1c1ccc(Cl)cc1Cl)[n]1c[n]c[n]1,-10.32,-9.902056
C/C(=C\c1ccccc1)/C(O)=O,-3.04,-3.549198
FC(F)(F)/N=C1\C(=N\C(F)(F)F)\S/C(=N\c2ccccc2)/N\1c1ccccc1,-5.0,-5.5173426
CCCCCCCO,-0.67,0.070903406
[O-][N+](=O)c1cc(ccc1Nc1ccccc1)[N+]([O-])=O,-8.52,-8.070677
Brc1cc2Oc3ccccc3Oc2cc1Br,-5.92,-6.1471567
C(Cc1ccccc1)c1ccccc1,-2.14,-2.5362306
CCCNCCC,1.3,1.2764417
C=C1CC(=O)O1,1.03,1.1334459
c1cc2ccc3ccc4ccc5ccc6ccc1c1c6c5c4c3c21,-11.66,-11.890641
O=C1/C(/Nc2c1cc(Br)cc2Br)=C1\Nc2c(cc(Br)cc2Br)C\1=O,-11.1,-10.702462
C[C@@H]1CCC[C@H]1CC,1.3,0.373479
CCCCCCl,1.52,1.4845436
C(Oc1ccccc1)C1CO1,-2.0,-1.5079831
CCCCCCCCCCC=C,-0.8,-1.2154474
CC(=Cc1ccccc1)C=O,-1.82,-1.288974
CC(C)C1CCCCC1,0.68,0.16009034
Cc1cc(C)c(C)c(C)c1,-0.3,-0.1452692
CC(C)CCC(C)(C)C,1.22,0.50053114
CCOP(=O)(OCC)OCC,-0.40560746,-0.3951286
Cc1cc(ccc1SC)OP(=S)(OC)OC,-4.98,-4.2539353
COc1[n]c(NCC)[n]c(NC(C)CC)[n]1,-5.14,-5.701485
OCCCO,-1.36,-0.93114805
O=C(OC(=O)C(F)(F)F)C(F)(F)F,1.61,1.5207926
CC(CCC#N)C#N,-2.29,-2.1221733
CCN=C=S,1.06,1.0787212
CC(=O)CF,1.8,1.7833077
Cc1cc(C#CC)[n]c(Nc2ccccc2)[n]1,-6.76,-6.584148
CCCCCCCCCCCCCCCCCC=C,-4.42,-4.446442
COP(=O)(OC)O/C(=C\Cl)c1cc(Cl)c(Cl)cc1Cl,-7.376751,-6.2963815
O=C=Nc1ccc(Cl)cc1,-0.71,-1.0782762
CCCC(N)=O,-2.41,-1.740042
CC(C)OC(=O)Cl,1.57,1.575353
CC(=O)OO[N+]([O-])=O,1.47,1.4117926
Fc1c(F)c(F)c(F)c(F)c1F,1.93,1.6951679
CCOC(F)(F)C(F)F,2.34,2.426976
CCc1ccc(Br)cc1,-0.15,-0.17179777
Cc1cc(ccc1SC)OP(=O)(NC(C)C)OCC,-6.0,-5.62919
Cc1cc([n]c([n]1)N(CC)CC)OP(=S)(OCC)OCC,-3.54,-4.162697
Clc1cccc2c1cc(Cl)c(Cl)c2Cl,-4.96,-4.837827
COC1=CC=CC(OC)=C1OC,-1.2218487,-1.2507279
CCC=O,2.5,1.7504158
Clc1cc2Oc3cc(Cl)ccc3Oc2cc1,-5.98,-5.604983
CC(C)(C)C(C)(C)CCC,0.59,0.14969508
OCCCC=C,0.48572144,0.78685313
CCc1cc2ccccc2cc1,-1.5,-1.7735077
CCS(=O)CCSP(=O)(OC)OC,-4.55,-4.4485183
CC1(C)CCC(C)(C)O1,1.1583625,0.712274
CCCCCC(=O)OC,0.57,0.5949661
CCCCCCO,-0.03,0.5529487
CCCCCCCCCCCCCCCCCCC=C,-4.98,-4.886114
[O-][N+](=O)c1cc(ccc1Cl)[N+]([O-])=O,-4.07,-3.387152
CC(C)=C(C)CCC,1.26,0.80840296
FCF,4.1,4.37452
CC1CCC(C1C)C,-0.06930561,0.48514748
N[C@@H](CCC(O)=O)C(O)=O,-7.77,-8.192288
FC(F)(F)Cl,4.33,4.749706
Cc1ccc(cc1)C(=O)CC,-1.03,-1.2448665
CC(C)C(O)=O,0.26,-0.27165836
C1c2ccccc2-c2ccccc21,-3.22,-2.8670928
COCC(O)=O,-0.84,-0.16051032
CCCSC,1.71,1.603021
CCCCCC(C)OC(=O)COc1ccc(Cl)c2ccc[n]c12,-7.4,-6.733761
COP(=S)(Oc1cc([n]c(CC)[n]1)OCC)OC,-4.1,-4.062102
CC(C)CC(C)O,-0.63676417,0.58755755
C1=CC=C(C=C1)C1=CC=CC(=C1)C1=CC=CC=C1,-4.756962,-5.2540298
CCCO,-0.057297632,1.0236121
CC(C)C(C)CC,1.84,1.2012538
Cc1ccc(O)c(c1)C(C)(C)C,-1.6,-1.6837381
C1CCSCC1,0.90309,1.2167202
FC(Cl)(Cl)Cl,1.3768688,2.5857086
CCC(O)(C=CCl)C#C,-1.0,-1.1165476
OC1=C(C=CC=C1)C(=O)C1=CC=CC=C1,-5.0,-4.5529704
Cc1cccc(C)c1N,-0.89,-1.1147884
OC1=CC=CC2=C1C=CC=C2,-3.5622494,-2.9202235
CCOCCCO,0.9138138,0.57604593
CC1CCCC1C,1.67,1.0300142
CCSCCSP(=S)(OC)OC,-4.77,-4.322403
O=C1CCCC2=C1C=CC=C2,-1.69897,-1.6434871
COC(=O)CS,0.48,0.64717424
CC(C)c1ccccc1C(O)=O,-3.46,-3.4155767
CCOP(=O)(NC(C)C)Oc1ccc(SC)c(C)c1,-6.0,-5.629191
CCCCCCCCCCCCC=C,-1.82,-2.0786717
CCc1cc(c(O)cc1)C(C)(C)C,-1.74,-2.1899407
CNC(C)=O,-0.36,-0.17381285
CC(=O)CCC(C)=O,0.20411998,0.2638374
CCCOC,2.67,2.213183
C[C@@H]1CCC[C@@H](C1)C,-0.106848784,0.4069566
Clc1cc(ccc1Cl)Oc1ccccc1Cl,-3.85,-3.7804213
COC(=O)NC(=S)Nc1ccccc1NC(=S)NC(=O)OC,-7.15,-7.270451
CC(Cl)Br,1.93,1.8675915
Cc1ccc(C)[nH]1,-0.09,0.22274826
C[SiH](Cl)Cl,2.63,2.6659367
CNC(=O)Oc1ccccc1OC(C)C,-5.01,-4.782666
Cc1cc(ccc1[N+]([O-])=O)OP(=S)(OC)OC,-4.27,-4.7057853
CC(=C)CC(C)(C)C,0.19331942,0.91002005
C/C(=C\C(=O)OC(C)c1ccccc1)/OP(=O)(OC)OC,-4.85,-4.973502
CC(C)(C)CCO,0.39,0.7968604
COC1=CC=C(CC=C)C=C1,-0.78251606,-0.66470265
CNC(=O)CSP(=O)(OC)OC,-4.6055484,-5.2383113
CC(CC)C(C)CC,1.34,0.84786516
O=C(Cl)c1ccccc1C(=O)Cl,-1.79,-1.7394134
CCOP(=O)(N=C1SCS1)OCC,-5.19,-4.9046383
CCCCCCCC(=O)OC(C)C,-0.96,-0.7620241
Clc1ccccc1Cl,0.13,0.19519834
O=CF,3.46,3.3667269
CCN(CC)C(=S)SCC(=C)Cl,-2.66,-2.5939755
CCOCCOCCOC(C)=O,-1.0,-0.8336604
CC(Cl)c1ccccc1,-0.19,-0.009710386
CCCN(CCOc1c(Cl)cc(Cl)cc1Cl)C(=O)[n]1cc[n]c1,-5.95,-7.237503
OCCF,1.33,1.1890663
OC(=O)C(F)(F)C(F)(F)C(F)(F)F,0.8,1.1525747
Ic1ccccc1,0.03,-0.18339138
CC(C)CO[N+]([O-])=O,0.92,1.071188
Cc1cc(F)ccc1,1.34,1.2058595
Clc1cc2c(cc1Cl)c(Cl)c(Cl)c(Cl)c2Cl,-6.46,-6.080242
CCOC(=O)C(O)(c1ccc(Cl)cc1)c1ccc(Cl)cc1,-5.66,-6.2685404
CCCCCC(C)(C)C,1.03,0.4040802
COP(=O)(OC)O/C(C)=C/C(=O)N(C)C,-3.79588,-4.0607758
C1=CC=C(C=C1)CC1=CC=CC=C1,-2.085657,-2.1274183
COc1[n]c(NCC)[n]c(NCC)[n]1,-5.62,-5.882465
O=C1NC(=O)CC(=O)N1,-7.82,-7.950503
C[Si]1(C)O[Si](C)(C)O[Si](C)(C)O[Si](C)(C)O[Si](C)(C)O[Si](C)(C)O[Si](C)(C)O[Si](C)(C)O1,-2.54,-2.2180507
C=CCNCC=C,1.31,1.3439661
CC1CC(C)(C)C2=CC(C(C)=O)=C(C)C=C2C1(C)C,-3.29073,-3.5390038
C#CC#C,3.12,2.4844303
CC/C=C\C/C=C\C/C=C\CCCCCCCC(=O)OC,-5.3,-5.281372
CC(C)(C#N)/N=N/C(C)(C)C#N,-2.17,-2.2588296
CC1=CC=C2C=C(C)C(C)=CC2=C1,-2.5985994,-2.3646398
OC(=O)c1cccc(Br)c1,-4.04,-3.624977
Clc1cc(Cl)c(-c2c(Cl)cc(Cl)cc2Cl)c(Cl)c1,-4.92,-5.0156045
Clc1ccc(cc1)Oc1cc(Cl)cc(Cl)c1,-3.76,-3.7409148
CC(C)CCCC(C)CC,0.47,-0.153096
CC(=O)C=CC1C(C)=CCCC1(C)C,-1.7212464,-1.4981778
