smiles,band_gap
CC1(COC(=O)N1C)C,0.3018
NC(=O)C12C3C4C3N1C24,0.2335
CCC12CC(C1)OC2=N,0.2861
O=CC1N2CC2C11CO1,0.2096
C(CCOCC#N)CO,0.2824
COCC#CCC1CO1,0.2827
CC(C#C)N1N=CN=N1,0.2549
OCC1CC(O)C(=O)N1,0.259
CCC12COC1COC2,0.317
C1C2CCC3=C2N1C=C3,0.1937
C#CC1=CCCOCC1,0.2028
COC1CC2(O)CC1C2,0.3218
OCC1CC2C1N2C=O,0.2441
C12C3C4C1C1C2C3N41,0.2566
N=C1OC2C3C4CC13C24,0.278
OCCC1(O)CCC=C1,0.2588
COCC(=O)N,0.2738
O=CC1NC1(C#C)C#C,0.2051
CCC1C2CC3C2N13,0.3274
[NH3+]C1(CC2CC12)C([O-])=O,0.268
CC1(O)COCC1C=O,0.2176
CC1OCC2(CN2)C1O,0.304
C(CC(=O)CCO)C=O,0.2274
NC(=O)C(=N)OCC#C,0.2178
CC1(CCC1)C1CC1O,0.3078
CCC1C(C)C(=O)C1C,0.2205
COCCC12CC1CC2,0.3347
COC=NCC(=O)C#C,0.1913
Cc1noc(=O)n1C=O,0.2185
OC(COC=N)C1CN1,0.2629
C#CCOc1cnon1,0.2319
CCC12CN1CC2(C)C,0.3048
CC(C)(O)C1CN1C=O,0.2597
C#Cc1cc(c([nH]1)O)N,0.1882
CC1NC(=N)C1(O)C#N,0.2513
CC#CCC1CN1C=O,0.2499
CCN=C1C=CON=N1,0.2009
OC1C2NC2C=C1C#N,0.2034
CC1=CCC(=NO)C1=O,0.1623
Cn1c(cnc1O)C#C,0.1984
CC1=CN(C(=O)CC1)C,0.2064
COC(C)(C)C(O)C#C,0.2854
CCOC(=N)COC,0.296
CC1(CCOC1)C(N)=O,0.2735
OC1C2CC1N2C=O,0.2522
OC1C2C3COC1CN23,0.3078
CNc1ccc(cn1)N,0.1688
CC12OC3(C)CC1C23,0.3136
Cc1ccc(cc1C)O,0.2151
OC1COC(=O)NC1=N,0.255
NC1=NCC2(CO2)C1=O,0.1692
O=C1CC2=CCN3C1C23,0.1933
CCNC(C#N)C#CC,0.2615
CC(CO)CCOC=O,0.285
NC(=O)C(O)C(=O)C=O,0.1434
C1CC(C1)(C=O)NC=O,0.2184
CC1COC2C3CC2C13,0.3266
OC1CN=COC11CC1,0.2657
OC1C2CN2C(=O)C1=O,0.1487
CC(CCC#C)C#N,0.2983
COc1ccoc(=O)n1,0.2045
CCC1(NC1C)C#C,0.2751
CN=c1c(cnco1)N,0.1663
CCOC1COC=NC1,0.2682
C#CC1CC=CC2OC12,0.24
OC1CN2CC1C2C#N,0.2634
N=C1OCCCC2OC12,0.2583
C#CC(=O)NC1COC1,0.2236
c1cnc([nH]1)CC=O,0.1766
CC(C)C(=O)C(=O)C#N,0.1463
COC1CN2CC2(C)C1,0.2993
C#CC12CCN1C=NC2,0.2406
Cc1c(c(on1)N)N,0.2273
CC1NC1C(=O)CO,0.2274
CN=COCCOC=O,0.2734
OC12CN(C1)C2C#C,0.2713
Cc1cn[nH]c1N2CC2,0.2353
NC(C1CN1)C(F)(F)F,0.3242
CC1(C)CC2OC2C1,0.3407
OCC#CC1CCCO1,0.2767
OCC1=NC(=N)N=CN1,0.1979
CC1=CC2(O)CC1(C)C2,0.2359
C1CC1C(=O)CN2CC2,0.2255
CN(C)C1=CC(=O)NC1,0.2093
CC(CO)(CO)C1CO1,0.3036
Cc1c(cc([nH]1)O)C#N,0.2044
Cc1ncnc(n1)C#C,0.1973
O=C1NC2C(N1)C2C#N,0.2693
CC1OCC(C)=CC1C,0.2618
C1C2CC1C1=CN=CN21,0.2447
CC1CC2OC(=O)C2N1,0.2339
CC(CO)CC(N)=O,0.2785
N=COC1C2C3C1CN23,0.2626
OC1CCOC2CC2C1,0.3149
O=C1C2CC1N1CC1C2,0.1978
CC1CCC1CC#N,0.3381
CC1OC(C#N)C2NC12,0.2819
CC12CC1(O)C(=O)N2,0.2429
OC1CCC2OC1C2=O,0.2282
OC12CC3C1CC23,0.3347
COC=NC1C2COC12,0.2387
OC1=CNC=C1OC=N,0.1865
CC1(CO)CCC1O,0.3043
CC12CC3C4C3C1CC24,0.3481
CNc1nc(co1)O,0.2264
CC1COC1CC#C,0.2974
C1C2C3C4N=COC13C24,0.2615
O=C1OC2CCC1OC2,0.2561
CC12NC(C1C#C)C2=O,0.2431
N#CC1C2OC1C21OC1,0.2905
CC(=O)C(C#C)C#N,0.2216
CC1(C)COC(=N)CN1,0.2472
CN=C(C(=O)N)OC=O,0.1927
C1C2CC34CC(C3)C1C24,0.312
OCC(O)C12CC1OC2,0.2942
C1=C2C3C4C3C2N2C1C42,0.1729
CC1C2C3C4CC4C2N13,0.3091
O=C1CNC2CC2O1,0.247
OC1COC(C1)C#C,0.2857
N#CC1CCN=COC1,0.2572
CC1=CNC(OC=N)=C1,0.2112
O=C1C=CC2(NC12)C#C,0.1703
COC(=O)C(O)CC=O,0.2242
CCC1(O)CC=CC1,0.2681
CC1C(C#N)C(C)N1C,0.2606
NC(=O)NC1CC2OC12,0.2957
CC12CC3COC13CO2,0.2998
CN1C=C2COC2C1=O,0.1857
CCC1C2OC2CC1C,0.3308
C#CC1CCOC1C#C,0.2915
OC1(C=O)C2NC2C1=O,0.1785
CC1(CC=O)CC(O)C1,0.2253
CC1CCC2(C)OC12C,0.3291
OC1CC=CCNC1=O,0.2599
CCC(CC(C)O)C=O,0.2314
CC1(CC#C)OCC1O,0.2914
CC1N2CC11OCCC21,0.2967
CC(=O)C1(C)CC2NC12,0.2217
CC1C2CC(=O)C12,0.2297
O=C1OC(C#C)C2OC12,0.2504
C1C2CC3=C(CCC3)C12,0.2412
OC1C2C1C1C2OC1=N,0.2757
OC1CC11C2C3CN1C23,0.2926
CC1CC(C=O)C1(C)O,0.2192
CC1COC2=C1C=CO2,0.2213
COCC(C)C(C)=O,0.2296
C1CC(C1)C(=O)CC#N,0.2271
CC(=O)N1C2CC1(C)C2,0.2467
CC1(C=O)C2C3CC3C12,0.2032
O=C1NC=CC1N1CC1,0.2096
CC(=O)C1(CC1)C(=O)N,0.224
COC1C2OC3CC3C12,0.3035
CC1OC23CC4C2C1C34,0.3197
CC1(C)C2COC(=O)C12,0.2702
COCC1OCC1(C)O,0.3095
CC1=CCC2C(O)C12,0.2374
CC1OC(=N)N(C)C1=N,0.2471
OC1C2CC(O)(C2)C1=O,0.2178
C1C(CC1=O)CCCO,0.2228
O=CN1C2CC(=O)CC12,0.2237
OC1COC2CC12C=O,0.2213
CCN=C1N=CNC=N1,0.1847
Cc1cc(n(n1)C)C,0.2572
COC(=NCCO)C#C,0.2122
CC1=C(C)C2(C)CC1O2,0.2319
CC(C=O)C1COCO1,0.2214
CCC1=C(CCCC1)C,0.251
OCC12CC(C1)OC2,0.2996
CCC1=CC(=O)C2CC12,0.1888
C1C=CCC1=NO,0.2457
c1cc(oc1)C2COC2,0.2301
O=C(C#C)N1C2CC1C2,0.2088
CC1CC2(OC12)C=O,0.2205
CC1C(CO)C2CC12C,0.3176
CC1CCOC(CO)=N1,0.2736
OCCC12CC(O)C1O2,0.3216
CC1CC2OC1CC2=O,0.2149
CCC1(OC1C=O)C#N,0.2126
OC12C3NC1C3OC2=N,0.2561
CC1CC(C1)N1CC1,0.311
CC(=NC)NC(=O)C=O,0.1676
OC12CN3C4C(C1)C4C23,0.2812
COCCc1ncno1,0.2401
NC1=NC=NC=NC1=N,0.1756
OC12CN(C1)CC21CN1,0.2781
[NH3+]C1(CC([O-])=O)CCC1,0.2735
CCC1COC2C(O)C12,0.3099
NC1=CC(=N)OC=C1,0.1688
OC1CC2CCC=CC12,0.2544
CCCC1(CC1)C(C)C,0.3467
CCC1COCCC1C,0.3169
CC12CCOC1C2C=O,0.2167
CC1(C)CC2OCOC12,0.3238
C1OC2CCCN=C2O1,0.2652
CCCN(CC=O)C=O,0.212
C1CN1CCCC=O,0.2193
CC1(C)CC2CC12,0.3406
Cc1cncc(c1C)C,0.2263
CC(=O)CC(CO)C#N,0.2362
c1c2n(c(=O)o1)CCO2,0.247
CCN(C)C(=O)NC=N,0.2488
COC(C)(C#N)C(N)=O,0.2605
CC1CC2CCC12C,0.3366
COC1C(O)CCC1O,0.3065
CCCC(C)C1(O)CC1,0.3024
CCC1CN(C=O)C1=O,0.2168
CCC1CCC(C)=C1C,0.2533
c1cc(nc(c1N)F)O,0.1825
CCC12CC(CC1)C2C,0.3584
CCCNC(C=O)C#N,0.2038
C1C(=O)C(=C(C1=O)N)N,0.1485
N#CC1CCC11CO1,0.2979
CC1(CC#CC=O)CO1,0.2049
CCC1C2C1C(C)C2C,0.3297
CC#CC(O)CC1CO1,0.2861
OCC12CN1C(=O)C2O,0.2205
COCC(C)(O)C1CN1,0.3076
COC(CN)(C#N)C#N,0.2421
OCCCC(C#C)C#N,0.2872
CC(O)CC1(C)CCC1,0.3206
C1C2OC3C=CC1C3O2,0.2422
CC1OC2C3NC1C23O,0.2848
O=CC12CC1OC2=O,0.2231
CC12C3C4C1OC4C23O,0.2979
C1CC=CC=CC1,0.1902
OCC1(CC2CN12)C#N,0.271
N=C1CN=C2C=CCN12,0.1765
CC1(O)CC2(CN2)C=C1,0.2412
[NH3+]C1CC2(NC12)C([O-])=O,0.2588
c1c(cn[nH]1)OC2CC2,0.2333
N#CC1C2CC1N=CO2,0.2572
O=CNC1COC2CC12,0.2667
CC1CC(O1)C#CC=O,0.2021
CC1C2COC1C2(C)C,0.3211
CN1CC1C1CCC1,0.3018
NC(=O)C12OCC1C2O,0.2529
CCC12CC1C(C)(C)C2,0.3272
CCOc1cc(no1)O,0.2479
CC1CCOC(C1)C=O,0.2121
OC12C3OC1C1(CC1)C23,0.2946
CC1=CNC2CC2C1=O,0.1799
CNC(=O)CC=O,0.2215
CC12CC(=O)N1CC2O,0.237
CC1CCC11CC1CO,0.331
CC1C(C#N)N1C1CC1,0.2635
CC#CC(O)C1NC1C,0.2767
O=CC12CCC(CO1)C2,0.2227
CC1CN2CC1C2C#N,0.2659
C1OC2C3C4CN(C34)C12,0.3013
CC(C)(C1CC1)OC,0.3266
N=C1COC(=N)C2CN12,0.2405
Cc1cc(on1)C2CC2,0.2346
Cc1nnn(n1)CC#C,0.2568
C1CC2C1C=C1COC21,0.2405
CC(C)C1(O)CC(C)C1,0.317
OC(CC1CO1)C1CO1,0.3209
CCC1CC(O1)C1CN1,0.3128
O=C1C2CN3C2C13C#C,0.2248
Cc1c[nH]nc1N,0.2361
c1cnn2c1CCC=C2,0.2039
COCC12CN(C1)C2C,0.3049
CC#CC#CCOC=N,0.2171
CCC1C2C(O)C1C2O,0.3171
CC(C)CC1CCCC1,0.371
C1C2OC3(CCC3)C12,0.3085
OCC1C2CC1C(=O)C2,0.228
O=C1CC2(O1)C1COC21,0.2526
OC1C2N=C3NCC3C12,0.2325
C1C2C1C1CCC2O1,0.3277
CC12CC1C1(C)NC21,0.2838
OC1CCC1OC=O,0.2715
CCn1cncc1C=O,0.1892
CC12CC(=NO)C1C2O,0.2425
CC12C(O)C1CC1OC21,0.3014
CC1C2CN(C)C12C=O,0.1903
CC(O)C1CCC2CC12,0.3267
OC1C2C3OC1C23O,0.299
C(COCCC#N)C=O,0.2284
CC(C=O)C1(CC1)C#N,0.2223
OC1C2OC1C2C1CN1,0.307
NC(=O)C1CN1,0.2697
CCC1C2CC1N2C=O,0.2497
COC(C=O)C1CC1O,0.2114
CN1CC1CC(O)C=O,0.1868
N#CC1CC11CCCC1,0.307
CC1=C(O)OC=NC1=N,0.1906
CC1C2CC2C1(C)O,0.315
N=C1NC(=CN=C1)C#N,0.1378
CC1C2COC2C1C#C,0.2837
CC1CC2COC1C2,0.3172
Cc1ncc(cn1)CO,0.2068
CC1(CC(=O)O1)C(N)=O,0.2584
CC12CN3C1C2OC3=O,0.2622
CC1OCOC(=O)C=C1,0.2187
COC1(C)CCC1C#N,0.2954
Cn1nc2c(n1)COC2,0.2276
CC1NC1CC(=O)CO,0.2308
OC1=NC=CNC1=N,0.1631
CCNc1nc(on1)N,0.2405
CC12COC1C1OCC21,0.2796
OCC1OC(=N)C1C=O,0.2225
O=C1CCN2CC12C#C,0.2181
CCCCC1OCC1=O,0.2243
CC12CC(C1O)C21CO1,0.3078
C#CC1C=CC2COC12,0.2518
COCC(C#N)C(N)=O,0.273
CC1C=CCCNC1=O,0.2456
CC1(C#N)C2CC1C2,0.3282
O=C1CC2NC2(C1)C#C,0.2251
N=C1CC(CC2CO2)O1,0.2895
COCc1cnon1,0.2334
CC1OCC=C(C)CO1,0.2567
C1C2N1C13CC21CC=C3,0.2134
N#CC1OCC11CC1,0.272
N#CC1CN1C1COC1,0.2584
CC1CC2(C)CCCC12,0.3484
OC1CC=CCC11CN1,0.2605
OC12CC1OC1COC21,0.2975
N=C1OCOCC1=O,0.1858
N#CC1OCC2CC1O2,0.276
ON=C1C2CC1C(O)C2,0.2566
c1c(c([nH]n1)NC=O)N,0.2072
CCCCC(C)(C)C,0.3724
CC1OC1C1CCCC1,0.3352
CCC1=CC(C)OC1=O,0.2287
CNc1cc(co1)O,0.2197
CN1CC2CCC(=O)C12,0.1951
CC(C)Cc1n[nH]nn1,0.2594
CC12CCOC1C(=O)O2,0.2509
CC12COC(CO1)C2O,0.2986
CCN=C1OC=NC=N1,0.1769
CCC1(CO1)C1(C)CC1,0.3513
Cc1c2c(n[nH]1)CCO2,0.2199
N#CCC12C3C4C(C13)N24,0.2531
CC(C#N)C1CC(O)C1,0.3043
CC1C2N3CC1C23C#N,0.2649
N=COCC1OC1C#N,0.2541
[NH3+]C1CCC(C1)C([O-])=O,0.1159
CC1C2C3NC(=O)C1C23,0.2557
C#CCc1cnccn1,0.1947
CC1C2(C)CCC12C#N,0.2779
c1(c(=O)nc(on1)N)N,0.2011
O=CC1OC2CC2C1=O,0.1976
CC1OC2C(CO)C2O1,0.324
C1C2(CN1CC=O)CO2,0.2043
CCC1(O)CC1OC,0.3071
CC1OCC(C)(O)C1O,0.2973
CC1CC2=C(C1)N=CO2,0.2311
CC1(C=O)C2OC2C1O,0.2232
CC(N)(C#N)C(N)C#C,0.2667
CC1=NCC(=N)N1,0.2301
CCC12C3C(O)C1CN23,0.2946
CC1(O)C2OC(=N)C12,0.2663
CC12CC3C4CC4C1C23,0.3242
CC1CCC1(C#C)C#N,0.2882
CC(C)C(=O)NC(C)C,0.2769
C#CC12CC1OCCC2,0.2891
CCCC1C2OC2C1C,0.3308
[NH3+]C1CC1C#CC([O-])=O,0.205
CC(C=O)C(=O)C1CC1,0.2021
CC12CCC1(OC2)C#C,0.2626
COCCn1ncnn1,0.2472
CC1OCC(NC=O)=C1,0.2118
OC12C=CCC11CC2O1,0.2275
CC1CC2=NNC=C2O1,0.2245
C1CNCC(=O)C=C1,0.1632
CCOCCOC(=O)C,0.2779
Cc1cc(oc1NC)N,0.2187
COC1(C)CC1C(C)C,0.3304
CCCC1CCOC1,0.3198
C#Cc1coc(n1)C#C,0.1899
C1NC11C2CC1C21CO1,0.3221
CC1CCOCCOC1,0.3198
O=C1OC(CC#C)C=C1,0.224
C#CC1CC1C1CO1,0.2908
c1c(c([nH]c1N)N)O,0.2269
O=C1CC2OC2CO1,0.2717
CC1C(C)C23CC(O2)C13,0.2972
CC1CCC11CN1C=O,0.2506
CC1CC(=O)C=C1C=O,0.1523
OC1C2CCC(O)C1O2,0.2792
OC1C(CC#N)NC1=O,0.2685
CCC1(CO)CC1C#N,0.3065
OCC12CC(C1)C(=O)O2,0.2749
C(=O)Oc1noc(=O)o1,0.2387
C#CCc1c(cc[nH]1)N,0.2309
CNC1=C(COC1)C=O,0.1772
CC1(O)CN2CCC12,0.2756
O=C1CC2(CC1N2)C#C,0.2214
CC(C)C1(C)CC1C#N,0.3111
O=COCC1NCC1=O,0.2169
CC1OC11CNC1=O,0.2597
Cc1cncc(=O)[nH]1,0.1696
CC12CCC1NC(=O)C2,0.2762
NC1=CN=C(O)C(=N)N1,0.1588
CCC1(O)CNC1C#N,0.2666
c1nc(c(o1)C=O)O,0.1886
CC12CC(O)C1CC2=O,0.2203
OC1COCC2OC12,0.3107
CC(C)COC(C)C=O,0.2265
CC1=COC(=N)C(O)=C1,0.1671
N=C1OC2CC1N=CO2,0.2649
O=CC1COC(C1)C=O,0.2105
O=CC1C2CC2CC1=O,0.2103
CC1C2OC2C1(C)CO,0.3172
CC1OC2CCCC2=C1,0.2427
CCNc1c(ocn1)C,0.2031
CC1(COC1)C(C)(C)O,0.292
NC(=O)C1OC2CC1C2,0.2656
C#CCn1nnnn1,0.25
Cc1c[nH]ncc1=NO,0.1589
O=C1CC23CC2(C1)OC3,0.2105
CC1OC2C(O)C12,0.3036
c1cc(nc(c1)F)C#N,0.2033
CC(O)C(=O)C(N)=N,0.1917
C1CC2COC3C1C3C2,0.2995
CN=C1N2CC2C1(C)O,0.2399
CNc1cnc(cn1)O,0.1609
Cn1c(nc(n1)OC)O,0.2498
CCC1CNC(=O)CN1,0.2475
C#CC#CCO,0.2202
CC1C=C(C)N(C)C1=O,0.2087
CC1CCN2CC(=O)C12,0.2016
CC1C2C3C(C#C)C1N23,0.2857
CC#Cc1cc[nH]c1C,0.2144
CC1C(C)=CN(C)C1=O,0.2047
O=C(C1CO1)C1CCO1,0.203
C#CC#CCC1(CC1)O,0.2285
CC1C2C1C1C3CC1C23,0.3518
Cc1cc(c(cn1)N)O,0.2001
CC1C(CO)C1(C)CO,0.3244
OCC1=CC2OC2CC1,0.2373
C#CC#Cc1cnno1,0.1718
CCC(C)C(C)(C)CO,0.3361
Cc1cc(cnc1)N,0.1968
CC1OC2C3CC3OC12,0.3135
CCC1C2C(O)CC12O,0.3101
OC(C=O)C1CC2NC12,0.203
CC1CC2OC12CC=O,0.2199
CCC#CC#CC(=O)C,0.1802
N=C1CCCC(=O)O1,0.2562
CC1C2NC2CC2CN12,0.2791
CCC(C)C1OCC1O,0.3039
CCC(C#C)(C#C)C#C,0.2893
CCC1COC1(C)C=O,0.2143
CCC1OC(C)OC1C,0.3393
COCC(=O)OCC=O,0.2283
C1NC11C=CCC11CO1,0.245
CCCN=C1CCCO1,0.2725
NC1=C(F)C(=N)C=NO1,0.1624
C#CC1OCCCC=C1,0.2465
C1CC12CC(=O)C2,0.2208
CC1(CNCC#N)CO1,0.2719
Cc1cncnc1,0.2099
CC1=CC(C=O)C(O)C1,0.2242
CC1OC2CC2C1=O,0.2194
CC(C)(CCCO)O,0.3233
OC1C2OC11CC(=O)C21,0.2088
CC1=CC(CCO)OC1,0.2489
CC1(CCC(C1)(C)C)C,0.3638
CC1(C)CC1(C)NC=O,0.2736
CC(CCO)COC=O,0.282
CNC(C=O)C(=O)CO,0.1873
CCOC=NCCOC,0.2577
CCCC1NC1C#CC,0.2765
CC(C#N)C1NCC1O,0.2693
CCCc1nc(co1)O,0.2214
CC1=C2CC3C4C(C14)C23,0.1766
OCC12CC1CC1OC21,0.3332
COC1COCCO1,0.3308
C1OC11C2OC1C1NC21,0.3087
O=CC1C2C1C1CC2C1,0.2262
CC12CC(=N)N1C2C#N,0.2448
O=COC12CC1C1NC21,0.2301
NC1CC1(CCO)C#N,0.2775
O=CC1(CO1)C#CC#C,0.2014
CC1CC(O)C2CC12O,0.3224
COCC(C#C)C(C)=O,0.224
c1nc2n(n1)CC2,0.2752
Cc1c[nH]cc1CCO,0.249
COC1(C#N)C2CC1C2,0.3024
c1c(non1)C2(CC2)O,0.2268
CC1(C)CC11CCCO1,0.3022
CC12OC=NC3CC1C23,0.2619
CCC(CC#N)C1CC1,0.3269
CC1C=C(C)CC1=O,0.2226
CC1OC(C)C1OC=N,0.2724
CCC1COCC(=N)O1,0.2724
N=C1OCC2OCCC12,0.2762
C1C2OC1C1OCC2O1,0.3004
CCC1C=CCC1(C)O,0.26
CC1C2CC1C(=O)CN2,0.2072
CC(=O)NC=NCCO,0.2304
C1CC1(CO)N2CC2,0.2917
O=COCC1CN1C=O,0.2525
CC(C)(COC=O)C#C,0.2777
N=C1NC(CC#N)=NO1,0.2272
CCC(O)C1=NNN=C1,0.2492
Cc1c(c(ncn1)F)O,0.2154
O=CC1NC11CC2OC12,0.2218
CC1COC(CO1)C#N,0.2683
NC1=CC(=O)NN=N1,0.1738
CCC1(C)C2NC2C1O,0.3125
O=CC12C3CC1CCN23,0.2187
CCC(=O)OCCC=O,0.2273
C1C(CO1)c2nnon2,0.1874
O=CN1C(CC1=O)C#C,0.2201
CC12OC1C=CC2CO,0.2456
C1Cc2c(nnn2C1)N,0.2168
CCC#CC(C)C#N,0.2867
Cc1cc(on1)C(C)C,0.2482
CC1(CN2CC2)CC1O,0.3088
COCc1c(con1)N,0.2091
OC1CC2C3CC1C2O3,0.3103
OCC12CN3C4C(C14)C23,0.2835
Cn1cn[nH]c1=O,0.2362
NC1C2CC2C1(N)C#N,0.268
C#CC12C=CC3C1CN23,0.2054
CC1=NC2CC2CCO1,0.2503
c1cn(cc1N)CC=O,0.1496
C1CN1CCCC#N,0.282
CCN(C)C(C#N)C#N,0.2348
O1CC2(C1)C1CC2C1,0.3198
NC(C#N)C1C(O)C1O,0.2755
CNC1C(N)C1(C)C#N,0.2721
OC1CC11CCC11CN1,0.2918
OC12CCN3C(C=C1)C23,0.2177
O=COC1C2OC2C1=O,0.204
CC1C2CC1C2N1CC1,0.3166
CC1OC2C(C#N)C12C,0.2809
OC1COCC2CN2C1,0.2944
O=C1C2C3C(N13)C21CC1,0.2499
CC12CCC(O1)C2=O,0.2333
COC(=O)CCNC=O,0.2681
CC1CC=C(CC#C)C1,0.2561
CC1=CC2OC3C2CC13,0.2385
CC12C3C4C(N14)C(=O)C23,0.2085
O=CC12C3CN1C=NC23,0.2045
O=C1C2C=CC3CC2C13,0.2045
CCC(CO)NC(C)=O,0.2776
CC(CO)CCC(C)=O,0.2347
CCC12CCC1CO2,0.309
CC1CC2(O)C3OC2C13,0.3049
C1CC23CCC(CC12)C3,0.3408
CCC(=O)OC(C)C#N,0.2857
CCN1CC1C1OC1C,0.3114
CCN1CC2CC12C=O,0.1957
O=C1CC2OC1C1OC21,0.2135
NC1=CC(=O)C2CC2C1,0.1979
CNCC#N,0.2698
CC1CC23OC4C2N1C34,0.2814
C1C2(CN1CCO)CO2,0.282
CC12CC(O)C1C(O)C2,0.2964
C#CCNC12CN(C1)C2,0.2675
C#CC12C3CC4C1N4C23,0.2522
c1cnc-2c[nH]cnc12,0.1638
C(C=O)OC=O,0.226
CC1CC(=O)C1(O)C=O,0.2043
CC#Cc1cocn1,0.2139
CC(O)(C#N)C1CCO1,0.276
CCN(CC#N)C(=O)C,0.2657
CCOC(=N)C#CC#C,0.1987
CC(=O)CN1CC1C#N,0.231
CNC1C(CC1=O)C#N,0.1965
CC1(C)OC1C(O)C#N,0.281
CC#CC1(C)OCC1C,0.2786
CC12CC3C(C1)C3C=C2,0.2477
O=C1CC2CC1(C2)C#N,0.2291
CC1(O)CC(C1)C#N,0.3073
OCC1(CC2CC2)CO1,0.3417
CC1=CCCCOC1=O,0.2266
CC1=CN=NNC1=N,0.1673
CCC1C2CC3CC2C13,0.3551
CC#CC(C#C)(C#C)O,0.2536
ON=C1COC2C(O)C12,0.2353
CC1OCC=C(C)C1C,0.2615
CCC1(CC=CC1)CC,0.2652
c1c[nH]c(c(c1=O)N)N,0.1849
c1c(nc(o1)N)NC=O,0.2037
CN=C1CC(C)(O1)C#N,0.2642
COCC(O)C1(C)CC1,0.3236
OC1CC11CC(O)C1=O,0.2011
N#CC1OC11CC=CC1,0.2568
O=CC12COC3C1NC23,0.2073
CC1C2CC=CCC12,0.2689
CC1C(C)C1OCC#C,0.2672
Cc1cc(oc1C)CO,0.2251
CN=C1CCCCCO1,0.2641
C(C#N)NC(CO)CO,0.2676
Cc1c(nc(cn1)F)O,0.1964
O=CN1CC2CC12C#N,0.2431
CC12CC(C1O2)N1CC1,0.3255
CC(=O)C(C)(O)C(N)=O,0.2177
O=CC#CC1OC1C=O,0.191
CC1CC(O)C(=O)C1C,0.221
CC(=O)C(C)(O)C#C,0.2192
CC12CC3C4C(CC13)C24,0.3504
CC(C)C1(C)COC1=N,0.2922
OC1C2C1N1CC(O)C21,0.2671
CN(C)C(=O)OC(C)=N,0.2571
CCN=COCC(=O)N,0.2566
O=CC(CC#C)C1CC1,0.223
NC(=O)C1NC2CC12O,0.2466
CC1C2CC(C1O)C2=O,0.2321
C1COC(=O)C(=O)CO1,0.1731
O=CC12NC1CC2C#C,0.2167
C1CC(C1)C2CC2,0.3527
Cc1nc(co1)CCO,0.2387
C1OC2C3C4C3C1OC24,0.3121
OC12CC(C1)CC1OC21,0.3294
C(C#N)c1nc(no1)N,0.2209
CC1CC(O)C(CO)=C1,0.2582
C1C2CCOCC3C2N13,0.3028
CC1C2C(C1C=O)N2C,0.2157
CC(CCCO)CC=O,0.2281
CCC1=CCC2CC12O,0.2444
CC1(CC=O)COC=N1,0.222
CC1(CC1)C#C,0.2972
CC12CC1NC(=N)C2=O,0.1857
COC(=O)COCC#N,0.2872
CC1=CCC(=O)C1C#N,0.2221
CCC#CCC(O)C=O,0.2136
CC12COC(CN1)C2=O,0.2018
COC1(C)CC2NC12C,0.3012
CC1CN(C)C(C)C1=O,0.1901
CN1CC2(CC12)OC=O,0.2225
CC1=CC(O)=CC(=N)O1,0.1729
CCC12CC1(O)C(=O)O2,0.2617
OCC(CO)C(O)C#N,0.2798
C1C23CCC12OCO3,0.2977
OC1CC2CCN2C1=O,0.2575
CC[NH+]=CNCC([O-])=O,0.2409
CNC(=O)COC,0.2727
CC1(C(N)C1[NH3+])C([O-])=O,0.1701
CC1C2C3C4NC4C2N13,0.2827
OC12CC=CC1NC2=N,0.2417
CC1C(O)C=CC11CO1,0.2441
O=C1OC2CC11COC21,0.2692
C(C=O)OC(=O)NC=N,0.2274
CC1(N)C(CO)OC1=O,0.2646
Cc1ccc([nH]1)CC#N,0.2299
CN=C1C2OC3CN1C23,0.2192
CCOc1c(onn1)C,0.1964
OCC(CO)C1CN1,0.2965
O=CC(CCC#C)C#N,0.2173
N=C1OC2CN3C2CC13,0.2454
c1ccc(c(=O)cc1)N,0.1487
CC1(C)C(=O)CC11CN1,0.2135
OC1CCOC2CC1C2,0.3159
CC1(CC11CCO1)C#C,0.2753
CN1CC2NC(C1)C2=O,0.2012
CCOc1[nH]cc(n1)O,0.2398
CC1(C#C)C2CCC1O2,0.3042
CCC(CC)C1(CC1)O,0.2997
CCC12CC1OCO2,0.3149
OC12C3C1N1C=NC2C31,0.2114
c1c(nco1)C#CC#N,0.1915
CC1(O)CC(=O)C1C=O,0.2114
CC1C2N1C1CC21C,0.2886
CC1(CC1)N1CC1C#C,0.2563
CC12OC(=N)C1C1OC21,0.2807
CC1(O)CC1C(=O)CO,0.2343
CCCc1cncnn1,0.1643
O=C1CC2OC1C21CC1,0.2127
OC12C3CC1N1CC2C31,0.2795
COC(=O)C1CC(=O)O1,0.2672
CC12COC1C2C(N)=O,0.2615
CN(C)C(=O)OC,0.2995
COc1cn[nH]c1OC,0.2403
NC1C(O)COC1C#N,0.2725
OC1C(O)C1(C#N)C#N,0.2634
CCC(CC#CC)C#C,0.2902
C1OC1C1CCC=C1,0.2642
CC(NC1(C)CC1)C#N,0.2736
CC(=O)C1CCC(O)C1,0.233
OC1CC=CC=CC1,0.1909
CC1C2OC(=O)C1C2C,0.2738
CN=C1NC(=O)CC1C,0.2405
CC12CC(O1)C2(C)C#N,0.2772
CC1(CC1)CC=O,0.2244
CCC(O)C1OC1CO,0.3227
C1NC11C2OC1C21CN1,0.3022
C1CC12CN=COC2,0.2732
N=C1OC2CC1C(=O)C2,0.2167
CC1C2C(=O)OCC12O,0.2646
Cc1c(oc(n1)C#C)C,0.1908
COC1CC(C)CC1C,0.3219
COC1CC1C1CO1,0.3357
N=C1CC2CN2C(=O)O1,0.2554
COC12CC1(C)CC2C,0.2959
CC1NC11COC1C#C,0.2623
COCCC(=O)CC#C,0.2328
CCc1cn(cc1N)C,0.2253
CC12COC11CC(C1)O2,0.304
CCCC(=O)C1COC1,0.2303
O=CC1CCCC(=O)O1,0.219
OC1CC2C(CC=O)C12,0.2248
CC12CC(C1)C(=O)CO2,0.2273
CC12C3C1C1C3C=CC21,0.246
CC1(CC(O)C1)C#C,0.3036
CC1C2OCOC=NC12,0.2477
CCC1C(CO)N1CC,0.2787
CC1=NCC(CC#C)O1,0.2711
OC1C(O)C1(O)C1CO1,0.2941
Cc1cc(cc(c1)O)N,0.211
CC#CC1C2C3NC3C12,0.2485
C1CC12CCN2C=O,0.2524
CC1CC2COCC1O2,0.3111
C1CCOCC2(C1)CC2,0.3161
O=CC1=NC2CC2CO1,0.1842
O=CC1=CC2CN2CC1,0.1729
Cn1cc(c(c1)N)CO,0.229
Cn1cccc1OC=O,0.206
CC(O)CC(O)CCO,0.3016
OC1C(=O)N2CC12C=O,0.1923
CC12COC11CCC1C2,0.2998
C#CCOC12CC1CC2,0.2821
O=C1ON=C2C3CC3N12,0.2355
COC1CCC=C1CO,0.2594
O=CC1(CCC=C1)C#C,0.2162
CCCC12CCC1OC2,0.3053
O=CC1(CO1)C(=O)C#C,0.1794
C[C-]1C(=[NH2+])NC=CC1=O,0.1997
C#CC1C2COCC12,0.2904
CC1CCN2CC1(O)C2,0.2759
CC12C3CC1OC2C3,0.3121
C1C(=CC(=O)C1=O)N,0.1538
Cc1c(c(n[nH]1)NC)O,0.2272
CC(O)C12C3CC1CN23,0.2994
CC1CC(=O)CC1C=O,0.212
CC1(C)N2C3CC=C1C23,0.1729
CC(C)(CO)OCC#C,0.2892
CCC(=O)C(C)CO,0.2306
CCN(C)c1cnoc1,0.1945
Cn1cc(cc1C=O)N,0.1558
CC1(CC1)OC(=O)N,0.3168
C#CC12NC1CN1CC21,0.2522
O=C1OC2CCN3C2C13,0.2466
c1c(c(n[nH]1)N)CO,0.2394
OC12CN3C4C3C1CC24,0.3011
C1CC=C2C3OC3C2O1,0.2367
CC#CC1CC(C1)=NO,0.2493
c1c(c(no1)O)NC=O,0.2192
c1c(nc([nH]1)N)N(=O)=O,0.1672
Cc1c(ncc(=O)o1)N,0.1368
N=C1OC=CC(=C1)C#C,0.1499
CCOC(=N)C1(C)CN1,0.2684
OCC(CC#C)OC=N,0.278
c1c(c(=O)cncn1)N,0.1377
OC1CC2C3CC2(O)C13,0.3142
CCC1(C)COC(N)=N1,0.2807
COCC(=O)CC(=O)N,0.2157
CC1C(C#N)C1(O)CO,0.284
CC1=Cc2cncn2C1,0.1803
CCOC1CC1(O)CC,0.2969
CC1(O)CCC(O)C1,0.3284
CN1C2C1C1C(O)CC21,0.2939
CN=C1ON=C(O)C=C1,0.1572
CC1OC2C3COC3C12,0.2936
O=CC1C2NCC(=O)C12,0.1906
CCC1N(C)CCC1=O,0.192
OC1C=CCC1C#C,0.2623
CC1COC(=O)C(=N)O1,0.2195
c1nc(n(n1)CC=O)N,0.173
CC1=NCC2(O)CC2O1,0.264
CC1CC2C=CC(=O)N12,0.2041
CC1CN=CNC(=N)O1,0.2349
C1c2c(noc2N)CO1,0.2232
NC(=O)CC1(CO1)C#N,0.2452
CC1(C)CN2C1CC2=O,0.2378
N#CC12OCC3NC1C23,0.2472
CCC(C#N)C1CC1O,0.3148
N=C1COC(=N)C(=N)N1,0.1973
c1nncn1C(=O)C=O,0.1596
CC1CCC=CC11CO1,0.2514
C1CC1(CC2(CC2)O)O,0.2956
NC(N)=NC(C=O)C#N,0.2081
c1coc2c1CC(=O)N2,0.1985
CC12OC3C4CC1N4C23,0.2675
COC12CC(O)(C1)CC2,0.3175
C1CC2OC2C=CC=C1,0.2033
O=C1NC(C#C)C11CN1,0.2612
COC1(C)C2C3OC3C12,0.2704
CC1=C(C)C(=O)C(O)C1,0.1968
CC1CN=COC(C)C1,0.2593
CC1(C=O)C2C3CN3C12,0.2108
CC1CCNC1(C)C#N,0.2708
CC(CC#N)C(O)C#C,0.2954
C1C2OCC3NC13C=C2,0.2166
CCC1(O)C2CCOC12,0.2982
CC(C)(CCC#C)OC,0.3109
CCC1(CC(O)C1)C=O,0.2256
Cc1c(onc1O)N,0.2358
OC12CC1C1OC1C2,0.3233
N=C1OC2CC3(CO3)C12,0.2828
CC1CC2(O)CC2C=C1,0.2505
COCCCOC,0.3367
CCn1c(=O)cccn1,0.1724
O=CC#CC1CC(=O)O1,0.2026
O=C1CCC2C3CC12C3,0.2111
C1OC2C3C2N2C1C32,0.2763
Cc1c(nc[nH]1)C#C,0.2186
N=C1NCC=CN1C=O,0.2164
OC1C=C2CCC2C1=O,0.2237
CCN(CC)C(=O)N,0.2815
CCC1(CCC1)C=O,0.2256
c1c(cnc(n1)N)C#N,0.1929
CN=C1CNCC(=O)O1,0.2272
CC1OC2C3C=CC1C23,0.2277
O=C1C=CC2C3CN3C12,0.1798
Cc1cc(c[nH]1)N2CC2,0.2272
Cc1c(cncc1F)N,0.2013
O=C1CCNC1C#N,0.2006
C1C2C3C4COCC13C24,0.3376
N=C1OCOCC1C#C,0.2656
CNc1c(nn[nH]1)N,0.2198
Cc1cc(co1)CC#C,0.2346
Cc1c(cco1)COC,0.2356
CC1OC2CC12CC#N,0.2729
C#CC12CC3CC1N2C3,0.2772
CC1CC2OC3C1C23C,0.3059
OC1C2OC3CCC2C13,0.3154
CC1C2C3CC1(C#N)C23,0.2885
CN=CNC(=NC)C#N,0.1826
CC12CC1OC2CC#N,0.2758
CC(O)C12CC3OC1C23,0.2999
CC(CC#C)C(O)CO,0.3036
CC1(O)C2CC11COC21,0.2801
O=CC1NCCN2CC12,0.1974
CC1C2CC1(C2)C#C,0.3002
CC1NC1C1(O)CC1O,0.2984
N=COC12C3CC1OC23,0.2542
CC1(O)C2NC2C1C=O,0.2065
CC(=NO)C1(CCC1)O,0.2558
CC1(O)C2COC2C1=O,0.1901
Cc1c(c(nn1C)N)N,0.2182
CC12CC1N1C(C#N)C21,0.2422
CCCC1OC(=N)C1C,0.2886
C1OC1C1C=CC2OC12,0.2439
CCC1(CC1)C(=O)C,0.2314
N#CC1CC2(CN2)C1,0.2865
CC12COC1CCC2O,0.3083
CC12C3CC3C1OC2=O,0.2619
NC(=O)NC1CCC1=O,0.2194
CC12CC(C=C1)C2O,0.2379
C1CC2CCOC(C1)O2,0.3178
OCC1(OC1C#N)C#C,0.2579
OC1C2CC1(OC2)C#C,0.2572
O=C1CC23CC(C2)OC13,0.2083
C(=O)n1c(=O)[nH]nn1,0.2106
CNC(=O)c1ncon1,0.2054
N#CC1C2CC2N2CC12,0.2798
CCC#CC(O)CC=O,0.2196
CC12CC1(CO)OCO2,0.3145
CNc1cncnc1,0.1862
Cc1c[nH]c(c1O)NC,0.2334
CCCc1cocn1,0.2456
c1c(c(=O)[nH]cn1)F,0.1946
Cc1cc(c[nH]1)O,0.229
CNC(=O)OCCC=O,0.2276
COCC1COCO1,0.3416
CC1(O)C2CC1C21CO1,0.3207
C#CC#CC12CN1CC2,0.2005
OC1C(NC1=O)C1CO1,0.2621
C#Cc1coc(n1)CN,0.2147
CC1COC2(CC12)C=O,0.2253
Cc1cocc1COC,0.2431
CC1NC1(C)C1CC1O,0.3
CC1N(C)C(=O)C11CN1,0.262
CCC#CC(C)CC=O,0.2187
CC1CCOC(=O)C=C1,0.2199
CC1C2OC1C2(C)C=O,0.2081
CC1CC(C)C1CCO,0.3348
CC(=O)NCCNC=O,0.2697
c1coc(=NCC=O)o1,0.2116
CC1OCC1([NH3+])C([O-])=O,0.2595
Cc1nc(no1)CNC,0.2077
OC1C2C3C(O)C2(O)C13,0.31
O=CC12COC1C1CC21,0.2212
c1c(nc(cn1)O)O,0.1928
CC1(O)CC(=O)C=C1N,0.2033
CC(C)CC(C)(O)C#N,0.3134
CC12COC(C)(CO1)C2,0.3241
C#CCCOC(=O)C#N,0.2104
CC1C(O)C1C(C)=NO,0.2277
OCC(O)C12CC1OC2,0.2942
O=C1NC=CC11CN1,0.2007
C1CC11C2NC2C11CC1,0.3043
CC#CC1CC(O)CO1,0.2886
CC(CO)C(C)C(C)=O,0.2298
CC1C=CC2CCC12O,0.2563
OC1CC2(CC3CN23)C1,0.315
CC(C)c1cc(n[nH]1)N,0.2335
CC1=NC2CC2(C)O1,0.2604
OC1C=CCOC1C#C,0.2516
CC1(O)CC1CCO,0.3233
CC12CN1C(=O)C2C=O,0.2103
CC1N2CC3CC1(O)C23,0.2745
CC1=CC2CC11OCC21,0.232
CCCCc1[nH]ncn1,0.2695
Cc1c(cc([nH]1)N)C#N,0.2055
CC(O)CC1(O)CC1O,0.2983
COCCCC1(CC1)O,0.3276
CC1(CC#C)CCOC1,0.2971
CCC1C2NC(=O)OC12,0.2968
NC(=[NH2+])N1C=C([O-])C=N1,0.1119
CC1CC=CN1C(C)=O,0.2082
CC1(O)CCC(C1)C#C,0.3086
CC(C)(C)c1cc[nH]c1,0.2507
CCC1CC(=O)CO1,0.2196
CC(=O)C(=NCCO)N,0.1879
CC1C2(C)C3CC2C13C,0.3602
CC(CO)C1C2CCN12,0.2997
CN1C(C#C)C1(C)CO,0.2568
CC(=O)C1CC2NC12,0.221
CC12CCC1C(=O)C2,0.2176
CC1=C(F)C(=N)N=NN1,0.1695
CC1C2OC(C)C12C#C,0.2634
CCC#CC(C)(C)C=O,0.217
CN=COCCC#N,0.2742
CCC1(CO)CCC1C,0.3355
CC1CCC2=CCCC12,0.2497
Cn1nc(nn1)C=O,0.1988
C1CC(=C(C1)C#N)C=O,0.1731
CN(CC1CN1)C(N)=O,0.29
CCCNCC(=O)OC,0.239
CC1CCC(=C1)C#C,0.2089
ON=C1CC2(O)C(O)C12,0.2431
CC(C)C1(CCC1)C=O,0.2248
C1CC11C2CN1CCO2,0.2978
COC(CC=O)C#CC,0.2211
COC1C2COCC12O,0.3042
COC1CC(CO)C1=O,0.1984
CCC1=CCC(CO)C1,0.2584
OCC1C2CCC12C#N,0.2857
OCC12CC(C1)(N2)C#N,0.2741
C1C2N1CC21CCC1,0.3035
O=CC1CN2CC12C#N,0.2126
C#CC(=O)C1COC1,0.1889
Cn1ccc(c1)C2CC2,0.2388
C1C2COC3CCOC123,0.3196
CCC[NH2+]CCC([O-])=O,0.2767
CC#CC1OCC1C,0.2718
CC1(C)C2C3CC1C23,0.3367
OC1C(NC11CC1)C#N,0.2453
CN1C2C=CCC12C#N,0.2339
CC1=CCCC12CC2,0.2465
C#CC1C2CCCC1O2,0.2788
CCC(C#C)C1CC1O,0.3042
N=C1NC(=O)CN1C=O,0.2342
ON=C1COC2CC12,0.2374
O=CC12CN3C4C(C14)C23,0.1984
C1CC1c2[nH]c(=O)[nH]n2,0.233
OCC1C=CNC1=O,0.2144
NC(=O)OC1CC(O)C1,0.3185
CC1=CC=COC1=N,0.1687
C(#N)c1c([nH]c(n1)N)O,0.2103
CC(=NO)CN(C)C=O,0.2406
C(=O)n1c(nc(n1)N)O,0.1916
Cc1cnc([nH]1)O,0.2474
CCC#CC(C)C(C)C,0.2974
O=C1C2N3CC2(C#C)C13,0.2359
O=C1C2NC2C1C1CC1,0.2128
OC12CC1C1C3CC1C23,0.3055
O=C1CN=C2NCC2O1,0.2451
Cn1c(nc(n1)C#C)O,0.2179
CC(C)n1cnc(n1)N,0.2308
CC(O)C1NC1(C)CO,0.2979
CC(=O)C(C#C)C#C,0.224
N=COC1CC2COC12,0.2722
CC12NC3C1OC23C=O,0.1951
OC1CC2OC2CC1=O,0.2352
COC1CC11CCC1C,0.3106
COC1CCC1C#CC,0.2894
CC(C)C12CC1CCO2,0.3071
CCCC1CC=CC1C,0.2637
O=C1OC(C#C)C2NC12,0.2523
CC(O)C1C=CCC1=O,0.2211
CN1C=NC2CC1C2=O,0.1909
CC(O)C1CC(=O)N1C,0.2805
CC1COCC=C1,0.2649
CC1(O)C(O)C=CC1=O,0.1878
OC12CC1C1(CC1)C=C2,0.2367
COC1CC1C1OC1C,0.3231
CC1OC(C)=NC1(C)C,0.2705
CC(C#C)C1CNC1=O,0.2772
CC1NC11C=CCC1=O,0.2132
OC1C(O)C11CC=CC1,0.2588
CC12NC1C1C(CO)C21,0.2786
CCC1(CC1)C(C)CO,0.341
OCCC12CC(O)C1O2,0.3216
C1CC1C2=NCC(=O)O2,0.2459
CC12CC1NC(=O)C2,0.2647
CC(C#C)C1C(C)N1C,0.2658
CC12CN1C=CC(=O)C2,0.183
NC1=CC(=O)C2CC2C1,0.1979
CCOC(=N)C(C)C#N,0.289
CC1=CCC2C1N2C=O,0.2363
OC12C3C=CC1C(=O)C23,0.2054
CC(=O)C(C)(C)C1CO1,0.227
CCOc1ccncn1,0.2284
CC1(O)CC2NC2C1=O,0.2099
CC12CC(O1)C2(O)CO,0.3241
CC1C2C1C1(C)CC21C,0.2891
CCOC(C)C(N)=O,0.2742
CC1C2OC3C2C3C1O,0.306
CC12CC(=O)C1C2CO,0.2286
c1c(c(on1)C2CC2)N,0.2005
CCc1c(cco1)C=O,0.1947
c1cnc(=O)n(c1)C=O,0.1727
c1cnn2c1CC(=O)C2,0.2042
CCCC(OC)C(N)=O,0.2649
O=CNC1=CC2NC2C1,0.205
Cc1c[nH]c2n1cnn2,0.2184
CC([NH3+])C1=NNC=C1[O-],0.2239
C1N=CN2C=NCC12,0.2373
O=CC12CC1CC(=O)N2,0.2132
CC1CN1C(=N)C#N,0.2075
O=C1C2CCOC1CN2,0.1954
C1C=CC=CC(=O)C=C1,0.1739
CN(C1CC1)C(=O)C#N,0.2056
N=C1CC(=O)C2(CC2)O1,0.2183
OC1COC1C1(O)CC1,0.3196
c1cc(oc1)N,0.2241
CN=C1N2C3CC1(O)C23,0.2625
CC1C=CN2C=CC=C12,0.1972
O=C1C2CC2OC1C#C,0.214
CC(C=O)(C#C)C(N)=O,0.2199
NC(=[NH2+])C(=N[O-])C(N)=O,0.1459
c1c(nc([nH]1)O)NC=O,0.2074
CC1N=COCC1C=O,0.2122
OC12C3OC3C1OC2=O,0.2576
Cc1c(cc([nH]1)N)NC,0.2125
CC(CO)(CC#N)C#C,0.2998
CC1=CCN=COC1=O,0.2102
N=C1CC(C#C)N1C=O,0.2305
OC12CC1(C#C)C(=O)C2,0.2175
C1=CC2C3C4C1C4C23,0.2417
CC1(C)C(O)C=CC1O,0.2567
C#CC12CC3OC1C2O3,0.2779
COCC1(O)CCC1O,0.3176
CN1C=NC(=N)C(F)=N1,0.1865
O=C1C2OC2C=C1C#C,0.1683
N#CC12OCC3C1CC23,0.278
CN(C)C(=O)C#CC#C,0.192
CC1=CCCC1CCO,0.26
N=C1COC(=N)OCO1,0.2682
CNC(C#C)C(F)(F)F,0.277
c1cnn(n1)C(=O)CO,0.2216
NC(=O)C1CC1(O)CO,0.2534
C1C=CCC2OC12,0.2697
CCC(C)(O)C(O)CO,0.2947
c1c(nc([nH]1)O)OC=O,0.2179
N#CC1C2NC3C2NC13,0.2695
CCC1OC1C(=O)OC,0.265
CCNc1c(ocn1)C,0.2031
C1CN1CC(=O)C(=O)N,0.174
c1cc(n2c1CCC2)N,0.2334
CC(CO)C1OCCO1,0.3319
CCCOC(=O)C(=O)C,0.1818
CC1=CC23OC4C2C1C34,0.2166
C1C2CCCOC12,0.3058
OC1C2OC2C1C1CO1,0.3184
CC1C2CC1(C)CCC2,0.3466
CC(C)CC(=O)C(=O)N,0.1777
CCCc1c[nH]c(=O)o1,0.2387
CN1CCOCC1CO,0.3114
CN1CC1C1CC(=N)O1,0.2637
c1c2c(co1)NCC2,0.2178
CC1C2OC(=O)CC12C,0.2763
C#CCC1C2CC1OC2,0.2898
C#CCCc1cnon1,0.2276
CN1N=CC(=N)N=N1,0.1695
CN=C1OCC2(C)NC12,0.2566
CC1OC1COCCO,0.3364
C1C2C1C1CC2CC=C1,0.2616
C(C(=O)NC=O)O,0.2225
CN1C2C3OC3(C=O)C12,0.1969
c1c(nco1)CC2CC2,0.2463
OC1C=CC2(NC12)C=O,0.2125
CC12COCC1CC=C2,0.2653
CCC12COC(=O)C1O2,0.2492
C1CC1C12CN(C1)C2,0.309
COCC(C)CC1CO1,0.3364
N=C1NC(C=O)=NC=C1,0.1316
CC1(C)C2C=CCC12C,0.2423
C1CC11CC2=CCCC12,0.2447
OC1CN2C(CC12)C#C,0.251
CC1(CC2CC2N1)C#N,0.2687
N#CCCC12CC(C1)C2,0.3421
O=C1CN2CC1C2,0.2069
CC1CC2(CC2)OCO1,0.3377
CCC1C=CC2CC12C,0.245
CC1C2N1CC2=NO,0.2291
Cc1c(n(cn1)C)OC,0.2414
NC1CC1(OC=O)C#N,0.2347
CC1(COC1=N)C#N,0.2822
CC1OC1C1C2CCN12,0.3105
O=C1NCC1OCC#N,0.2506
c1cc([nH]c1N)O,0.2395
CC(CCCO)CC#C,0.3137
C(C#N)C(=O)C=O,0.1575
CC(=O)C1CC2C(O)C12,0.2108
CC12CC(C1)(CO2)C=O,0.2175
CC1(O)CCC2NC12,0.3117
CNC1=NN(C)C(=N)O1,0.2262
Cn1cnc2c1cco2,0.2051
C#CC1CC2CC1CO2,0.2896
CC12CCC1CC2=O,0.2172
CC1C2C3COC1(C)C23,0.3219
CC12CN1C1(C)COC21,0.2834
COCC1CC1C(C)=O,0.2269
CC(C)(C=O)OC=NC,0.2175
C1OC23C4CC2C(O4)C13,0.2975
OC1CC2C3OC3C2C1,0.3231
CC1C2CC3C2C3C1O,0.3164
CC12C3CCC1COC23,0.3117
CC1C(C2CC2)N1C,0.29
CCC1(CO)CC2CC12,0.322
O=C1CN2C(C3CO3)C12,0.22
CCN=COCC#CC,0.2687
C1CC1CC(=O)C#N,0.2004
CC#CCOCC1CN1,0.2819
OC1C2CCC1(O)C2=O,0.2144
OC12CCC(C1)OC2=O,0.2788
COC1CCC1OC,0.3154
O=CC12CC3CC(C1)N23,0.2014
CC1CC=CC1CC=O,0.2241
OCC1COC(=O)C1O,0.2749
CNc1cnnn1C,0.2302
C1CC2(C1)C(=O)CO2,0.2207
CC1(COCCCO1)C,0.3213
c1c(cnc(=O)[nH]1)O,0.1556
OC1(CC1OC=O)C#N,0.28
CC12CCC3CC1C23,0.3412
CCCC1(CN1)C1CN1,0.3044
c1c(onn1)CN2CC2,0.2251
CCC(=NO)C(C)C#C,0.2549
CC1C2(C)OC(=O)C12C,0.2698
CC12CC3C(C1)OC23,0.3214
CC1C2NC2C1CCO,0.3034
CC1(C)C2C3C4C3N2C14,0.2998
CC1(O)C(N)C1(C)C#N,0.2844
CC(O)C(C)(CO)C=O,0.217
CC12C3CCC(C13)C2=O,0.2355
CC1CC2CCN2C1=O,0.2572
COC1C2CC1(CO)C2,0.3227
c1c(cn[nH]1)CC=O,0.2181
COCC(N)C(N)C#N,0.2802
OC1C2NC(=O)OC12,0.2936
CC(C#N)C1(C)CN1,0.2789
OCC12COC3C1NC23,0.3043
CCCOCCC1CC1,0.3399
CC1CC(C1)C#CC=O,0.2039
CC(C)C(C=O)C1CC1,0.2241
CC1(CO)C2NC1C2=O,0.2556
O=CC12CCC1OC=N2,0.2097
OC(C=O)(C#C)C1CN1,0.2032
N=COC12C3CC1CC23,0.2687
CC12CC(C1)(C2)C=O,0.219
CCOC(=N)C(C)=NO,0.2114
CCCC#CC(=NO)C,0.2031
CCCCN(C)C(=O)C,0.2671
CC12CC3OC3C1O2,0.3188
C#CC12CC(C1)(C2)C#N,0.2876
COC(=O)C1NC1C=O,0.2163
CCCN=COCCC,0.2702
COC1C(O)C11COC1,0.2935
CC1(CC2CC2)CCO1,0.3176
CC1CC2=CCOC12C,0.2331
Cc1c(oc(n1)C=O)N,0.1568
CCc1cccc(=O)[nH]1,0.1765
CCC12CCC1CC2=O,0.2156
CCC1CC1CC1CO1,0.3504
CC12C3C4C3C1(C#C)C24,0.2451
CC12CC(CO1)C(=O)C2,0.2234
c1c2c(no1)OCC=C2,0.1978
C#CC1CC11COC=N1,0.2409
CNCC1(CCO1)C#N,0.2408
Cc1c(nn[nH]1)NC=O,0.224
CC(=O)NC(=N)C1CO1,0.2394
C(=O)Nc1nc([nH]n1)N,0.2231
CC1(C)CC=CCC1O,0.2676
CC12CC1OCO2,0.3193
CC12CC1N1CC21C=O,0.1924
c1nc(n(n1)CC=O)O,0.209
OCCC12CC(N1)C2=O,0.2471
CC12CN3C4C3C1(C)C24,0.296
CCC1=CON=CC1=N,0.1809
CNc1ccncc1F,0.2147
CC(=NO)CC(=NO)C,0.2373
NC(C#N)C1NC2CC12,0.2591
CCC1COCC=C1,0.2639
CC#CC(O)C1CC1,0.2893
COC1CCN=C(C)O1,0.2754
CCC12CC(N1)C2C#N,0.279
CC1OC2(CC12)C1CN1,0.2984
CC(C(N)C#N)C1CN1,0.2793
Cc1[nH]c2c(n1)NCC2,0.2041
O=CC1=CON=NC1=O,0.1899
CC12C3N1C=NC2C3=O,0.1978
CCC1C2CC3(CO3)C12,0.3369
N=COC1COCC1=O,0.1993
OCC1(O)CC1N1CC1,0.2959
OCC1(CC2CN12)C#C,0.2701
CC12C3C(CN13)CC2O,0.2948
C#Cc1nc(=O)[nH]nn1,0.1526
CC(N)C(C#N)C(N)=O,0.2721
CC1C(C)C11COC1=O,0.2762
C#Cc1c(=O)oncn1,0.1502
CC#CCC(C)CC#N,0.279
CC1(CCC1=O)NC=O,0.2149
CCC1CC=C(C1)C=O,0.194
CC1(O)C2NC2C1C#N,0.2789
CN1C(C)=CC(=O)C1=N,0.1473
c1cn(nn1)C2CCC2,0.2566
COCC(O)C1CN1C,0.2913
CC12C3CC(C1O)C23C,0.3146
Cc1c2c(nno2)no1,0.1665
C1CN1C12CCC1CC2,0.3071
C#CC1CC2OCC2O1,0.2854
CC1(CCC1=O)C#N,0.216
COCCOC1COC1,0.3127
CC1NC1(CO)C1CN1,0.3107
NC(=O)C1(CC=O)CO1,0.2284
CC1COCC1CO,0.3152
C1CC23C4CC(C12)C3O4,0.3049
C1NC11C2C3C1CCN23,0.2997
CC(=N)OC1=CC=NO1,0.2469
c1[nH]c2c(n1)OCCN2,0.2182
Cc1cc2n(c1)CCN2,0.2281
CC1CC(C=C1)=NO,0.1926
CCC1CNC(=O)C=C1,0.2067
O=C1C2C3OC1C23,0.2251
CC1=CC2CC1(O)C2O,0.2379
COCc1cc(co1)N,0.2194
CCC1CC1(C)C,0.3443
CCC(=O)C(C=O)C#C,0.2129
C1CN1C(=O)OCCO,0.2883
CC1C2CC1C2CC#C,0.3157
Cn1ccccc1=O,0.1777
OCC1CC2CCC2O1,0.3144
CC1(CO)CCC1O,0.3043
OC12C3CNC1=NCC23,0.2048
OC12COC3CCC1C23,0.3078
c1c[nH]c(c1CCO)O,0.2238
NC(C#N)C1CN2CC12,0.2661
CCC1C2C3C=CC2C13,0.2259
OCC#CC1CC1C#C,0.2584
C1C(=O)N(C(=O)O1)C=O,0.2261
CN=C1CC=CC(=O)N1,0.1947
CC(NC=O)C(=O)C#C,0.1789
C1CC2CCC=CC2C1,0.2626
COC1CCCCC1,0.3279
O=CCCC1COC1=O,0.2283
CCCC1N=COC1=O,0.2448
CC1(CCN2CC2)CO1,0.3222
OC(C1CN1)C(=O)C#N,0.1538
CCC1(C)C2CN2C1C,0.3016
CC#CC12CC1CCO2,0.2619
CC1=CC2(C)CC2OC1,0.2343
c1c[nH]cc1C=O,0.1975
C#CCC#CCCC=O,0.2213
CCC1NC(=O)C1O,0.2705
OC1C(O)C1C1CN1,0.2792
CC1CNC(=NC1)C#N,0.2077
OCC(O)C=O,0.2186
C1CN2CCCN=C2O1,0.2763
CC12CC1(O)C(C2)C#C,0.2901
CC12CC3C1C2C31CC1,0.3306
CC12C(OC1=O)C2C#C,0.2516
C#CC1(CNC=N1)C#N,0.2472
N=C1CC(O1)(C#C)C#C,0.2541
C1C2C3OC3C3OC2C13,0.3048
CCC1(CC1)OCC,0.3287
CN(C=N)c1cnon1,0.19
CCc1c([nH]c(=O)o1)C,0.2365
OC1C2OC3CC3(O)C12,0.278
OC(C=O)C1CC=CC1,0.2069
Cc1nnn(n1)C2CC2,0.2437
O=C1CN2C(CC12)C#N,0.2129
C[NH2+]CC(=O)[CH-]C=O,0.1928
CC1C=CCNC1=O,0.2521
OC1CCCC11CN1,0.2994
CCc1c(c([nH]n1)O)C,0.2511
CC(=N)OC(C=O)C#C,0.2214
N=C1OCC(CC#C)O1,0.2952
C1N2C3C4C5NC5C13C24,0.2942
CC1COCC2CC12C,0.3222
CC(=O)c1cc([nH]n1)N,0.1904
CCC1(C)CC2OC12,0.3327
c1nc(on1)C=O,0.1889
Cc1nc[nH]c(=O)n1,0.2015
N#CC1=CC2NC2CC1,0.2041
CC(C)C(=O)C(=O)CO,0.1579
CC#CC12CC1(C)OC2,0.2571
COCC1CC2CC1C2,0.3388
CCC(=O)C1OC2CC12,0.2213
CC1C2OC(C=C2)C1=O,0.1979
c1[nH]c2c(n1)nc[nH]2,0.2216
CC1C(CO)C1OC=O,0.2585
OC1CC2NC12CC=O,0.213
OC1CCCC1CC#C,0.3135
CC1C2CC1CC2,0.3723
C#CC1C2CC3(CO3)C12,0.2918
CCC1C(O)CC1CO,0.3191
CC1CN1C(=N)C=O,0.1742
O=C1OCCC1CC#N,0.2743
NC1(C#N)C2OCC12O,0.243
CCc1cc(co1)C=O,0.1867
CC12CC(CO1)CCC2,0.314
O=CC12OC3C1CCC23,0.2058
CC1C(CC1(C)O)C=O,0.2238
O=C1CCC(O1)C1CO1,0.2808
CCCC(=O)C(C)C=O,0.2002
ON=C1C(O)CCC1O,0.2417
CN(C)C(=O)CO,0.2698
CC(O)C12C3CC1CC23,0.3105
CCC#CC1(O)CC1C,0.2657
O=C1C2NC2C1C1CC1,0.2128
CCOCC1OC1C=O,0.2184
c1c[nH]c(c1C#N)C=O,0.178
CCC(=O)C1(CC1)C#N,0.2346
CN=C1OC2COC1C2,0.2639
C#CC1C=CC2CCN12,0.2283
OC12CC(=O)C1C=CC2,0.2077
N#CC12CC1CC1CC21,0.2921
CC(O)C(C)(C)C#C,0.3027
CN(C=O)c1cc[nH]c1,0.2211
OC1CC1C1=CNC=N1,0.2308
CC(=O)C#CCOC=N,0.2067
OCC12OC1C(=O)C2O,0.2023
C#CCC1(CCCC1)O,0.2987
Cc1c(c[nH]c1CO)N,0.2168
CC1C2COC3CN1C23,0.2887
OC1C2OCC(C#N)C12,0.2809
CN=C(N1CC1)C1OC1,0.2364
OCC12C3CC1=CCN23,0.1641
COC(C(C)O)C(N)=O,0.2552
C1C2OC3C4NC4C1C23,0.2924
CC1CC2(CC2)CCO1,0.3231
CC1(C=CC2OC12)C#N,0.2416
C1NC1C1=CCOCC1,0.2464
CC1COC(C=O)C1C,0.2091
CCC1NC1C(O)C#N,0.2759
CC12CN3C(C1)C(=O)C23,0.2218
COCC12CC1(C)CC2,0.3175
c1cc(nccc1=O)O,0.1598
CCC12C3C4C3C1CC24,0.3188
COC(=O)c1c[nH]nc1,0.2391
c1cn(nc1N)CC#N,0.2182
OC1(CC#C)CCC=C1,0.2632
OC1CC11COC2CC12,0.2997
C1C(CN1)(CC=O)C#N,0.2112
CC12CC(N1)C2C#N,0.2791
c1c(nc(o1)N)C#N,0.2043
N=C1NCC2(CN2)C1=O,0.1816
COC12C3C1N1C3C21C,0.2636
OCCCC(O)C#C,0.297
CCCN1CC1(C)C=O,0.2162
CC(C)C(C(C)C)O,0.3261
OC1CC2NC(=O)CC12,0.2739
CC1N2CC(=O)CC12C,0.2019
CC#Cc1cnoc1C,0.2096
CN1N=NC(N)=NC1=N,0.1656
C1CC23C1OC21CN3C1,0.261
NC(CC1CCO1)C#N,0.2805
CCOC(=O)C(N)CO,0.258
OC1CCC11NC1C#N,0.2696
C1CC1(CO)OCCO,0.3205
C1C(CC1=O)C#CC#N,0.2186
CCn1cc(nc1)NC,0.2171
NC1=C([O-])C=CNC1=[NH2+],0.1849
C#CC(C=O)(C#C)C#N,0.2174
CC1NC1COC(C)=O,0.2727
c1coc(c1O)N2CC2,0.2146
O=CC1C2C3COC1C23,0.2134
CC1OC2(C)C3CC2C13,0.3322
OCC1(CN1)C(O)C#C,0.2896
CC(C)OCCO,0.3337
CC12OCC1C2OC=N,0.2633
N#CCNCC1CCO1,0.2701
CCC12CC(O1)C1CC21,0.338
CN1C2CCC(C)(O)C12,0.2831
O=CC1C2C3CC=C1C23,0.1712
CC1C2C3C4C(CN23)N14,0.2972
CN1CC(C1)C(=O)CO,0.1898
CN1C2C3OC3C(=O)C12,0.1815
CC12CC3(O)CC1C23C,0.3036
CC(C#C)C1CCCC1,0.3125
CCC1(OC1C=O)C=O,0.198
COC1CC(C)C1C#N,0.2931
CCC1CC(C)(O1)C#N,0.2866
CC1CCC(O1)C=O,0.2187
CCC1C2CC1C(C)C2,0.3692
CCC#CC1(C)CC1C,0.2805
c1c(c(nc(n1)O)O)O,0.193
CN1C2C3NC3CC12C,0.2726
Cc1ncncn1,0.2184
COC1C(=O)CC1(C)O,0.1998
CC(=O)C12CC(C1)OC2,0.2243
C1C2C3C4C=C1C2C34,0.1771
C1OC23CCC(C=C2)C13,0.2425
OC1(COC=NC1)C#C,0.2669
Cc1c(c([nH]c1N)O)N,0.2342
CCC1=NC2CC(C2)O1,0.2663
C#CC1C=CC2NC12,0.2401
Cc1cc([nH]c1O)C=O,0.1712
CC1(CC1)C1NC1C=O,0.2217
CCc1c2n(cn1)CC2,0.2509
CN1CC2(C1)CC(=N)O2,0.2513
CC1=CC(=O)NC=CC1,0.1918
CC12OCC=C1CC2O,0.2311
OC1C2C3CCC2C13,0.3277
CC(C)C1(O)C2CCC12,0.3087
CC(O)CC1=CCCC1,0.259
CC1(C)NC1CN1CC1,0.3071
CN(C)C(=O)COC=N,0.2505
C1C2C3C4C2CC1N34,0.34
C#CCCC1CO1,0.3165
OCC1CC(O)C1=O,0.2172
C(CO)C(C#N)(C#N)N,0.2625
C1CC2C3OC3CCC12,0.3393
N=C1ON=C(O1)C=O,0.1659
OC12CC3CC(C1)C23O,0.298
CC(C)(C)C1(O)CC1O,0.3148
O=CC1CC=CC1C#N,0.2215
COCC(=O)C1CC1O,0.2204
CC(C)C#CC1CCC1,0.2899
c1c(oc(=O)[nH]1)CO,0.2371
CC1=C([O-])OC=C1C[NH3+],0.0972
C1N2CC11CC=CC21,0.2207
COCc1c(nc[nH]1)N,0.215
COC(C)C(=O)CC#C,0.2265
CC1CC2(CC2O)C1C,0.3062
CC1COC23CN(C2)C13,0.2903
OC1CC1C1(CC1)C#N,0.2663
CCC12CC(C)(C1)CC2,0.3601
OCC12OC1COC2=O,0.2454
C1CC11CCC2CC2O1,0.3106
COC12C3OC1C(O)C23,0.2971
CC1(OC1(C)C#C)C#C,0.2679
CC(COCC#C)C#N,0.2878
COC=NCC(O)CO,0.2562
CC1(CCC1)O,0.3269
OC12CNC1=NCC2,0.2395
C1C2OC11COC3C2C13,0.2633
CN1C2C3C(C#N)C2C13,0.2555
N#CCC1CCC11CO1,0.306
C1CC2C3COCC23O1,0.3194
Cc1cn(nc1N)C=O,0.1916
CCC(COC=O)OC,0.2737
CC1CC11NC=CC1=O,0.1865
CC1(O)CN2N=CC=C12,0.263
CC1CC2(CC1O2)C#C,0.2694
N#CC1=CCCC2CC12,0.2151
N#CC1CC2CC2C=C1,0.2496
O=C1CC2CN2C(=O)C1,0.2192
CC1=CCC2NC(=O)C12,0.2425
CCC(C=O)C(F)(F)F,0.2262
C1OC1C1OCC2OC12,0.3399
COC1(COC1)C#N,0.2772
COC1CCC11CC1,0.3267
N=C1OC23CC(CC2)C13,0.2735
CC#CC(CC#C)C=O,0.2151
C1C(O1)(CO)CO,0.3136
COC1CC1C(=O)C=O,0.1575
C#CCCCC=O,0.2274
CCC1=C(C)OC(=N)O1,0.2351
CC1(NC(=N)C1O)C=O,0.212
CN1CC2OC3C1C23O,0.2646
CCOCC(CC)OC,0.3254
OCC1CN2CC2CO1,0.3031
CC1C2C3C=CC2C13C,0.2253
O=C1OC2(CCC12)C#N,0.2759
CC1CC2OC12CCO,0.3225
CCN=COC1COC1,0.2726
CCC1(CO)CO1,0.3314
C1C2C3OC4C1OC4C23,0.3091
CCC12COC3CN1C23,0.3126
CC1C2CC=CC1C2=O,0.2161
C#CC12C3CC4C(C14)C23,0.254
O=C(C#CC#N)C1CN1,0.1659
C#CC12CC(CCC1)O2,0.268
c1conc1O,0.2518
N=COCC(=O)CC#N,0.2158
C1OCC2OC3C(O1)C23,0.3101
CC#CC1(C)C(C)C1O,0.2788
CC1=CC2CCC2C1,0.2571
C#CC#CC1NC1C#N,0.2169
N=COC1CC1CC#N,0.2807
OCC1C2CN1C2C#C,0.2587
OC1CCC(O)C11CN1,0.303
O=C1CC2(CC3NC23)N1,0.2789
CC1CC(C)C1CC=O,0.2283
CCC1(O)CC1(C)C=O,0.2289
CN1CC1C1=NON=N1,0.1758
N#CC12CC(CNC1)O2,0.2425
O=CC12CC1C=CCC2,0.2168
CNc1c(c(co1)N)N,0.2168
CC(C)(C)OC1CC1,0.3162
CC1(C)C2C(O)C(=N)N12,0.2406
CC12CCC1C1CC2C1,0.3562
CC1=NC2C(O1)C2(C)O,0.2472
CC(=O)c1c(nno1)O,0.1692
Cn1cc(c(=O)nn1)O,0.1769
COC1(C#C)C2CC1N2,0.2698
OC12CC1C1CC2(O)C1,0.2974
CC1=NNC(=N)C(=N)N1,0.1881
CC(C)(CC=O)C1CO1,0.2218
CC1(COC(N)=O)CO1,0.317
CC(=O)C(C#N)C1CC1,0.2291
C1CC2CC=CCC2C1,0.2677
CC12CC(C1)C=CC2,0.2549
OC1C2CC1C21CCO1,0.2993
O=CC1C2CC1(N2)C=O,0.1936
CC(C#N)C1CC2OC12,0.3059
CC1(O)CC1(C)O,0.2909
CC1C(CNC=O)N1C,0.2467
CCCC#CCC=O,0.2186
C1CC1OCC2(CC2)O,0.3297
C(C1CC1)C1CO1,0.3573
C(c1c([nH]c(n1)O)N)O,0.2272
CC1C(O)CCCC1O,0.2988
CCCC1C2CC(C)C12,0.3318
C1CC2(CC3NC23)O1,0.3
CC1CC2(CC2)C2CC12,0.3288
Cn1ccncc1=O,0.1698
COC12CC1C(=O)C=C2,0.1844
CC1CC=C(C)C(=O)N1,0.2132
CN=C(c1cc[nH]n1)N,0.2129
CC1(O)C2C1C1CC2C1,0.3091
CCOC1C=CCC1O,0.2633
CN1CCC1C#CCO,0.2529
C1CC2CC3C1C3CO2,0.3061
COC(C)(C)C(C)C#N,0.3028
N=C1OC2C3OC3C2O1,0.2977
OC12CC(C1)OCCC2,0.3161
OC1C2CCC3CC2C13,0.3115
C1CN(C(=O)OC1)C=O,0.2366
CC1CCC(N)C(=O)O1,0.2559
C1OC2=NCC3OC3C12,0.2671
C1CCOCCOCC1,0.3148
CCOC(=NC)C(C)C,0.2746
CN1CC(=O)C(=O)C1,0.1191
C1CC1C(C#N)(C#N)N,0.2647
C#CC1(OC1C#N)C#N,0.2468
O=CCC1COCO1,0.2266
CC(=O)CC1(CC1)OC,0.2265
CC1C2CC2N(C)C1=O,0.2574
CC1CCC2=C1OC=C2,0.2297
CC(C)c1c(nno1)O,0.2017
OC12CN3CCC1CC23,0.2771
CC#CC(=NO)C(C)O,0.2019
CC1(C)N=COCC1O,0.2646
CCC1(O)CC(C)C1=O,0.2014
c1nc(=O)onn1,0.1543
C1C2C3COC2CN13,0.3145
Cn1c(nnc1O)O,0.2706
CCC1=CC(=NO)CC1,0.1908
NC1C2C3CN3C12C#N,0.2405
CC1CC2=C(N1)C=CO2,0.2045
C1C2C3C4COC4C3N12,0.2676
CC1CC1C(O)CC#N,0.3102
Cc1cc(no1)NC=O,0.228
N=C1OC2(CC#N)CC12,0.281
CCCc1ccc(o1)C,0.2281
CC12CC(CO)(O1)C2O,0.3207
Cc1c(c(=O)[nH]cn1)N,0.1744
CC1=CC2(CN2)C(O)C1,0.2377
O=CC1(CC2CC12)C#C,0.2135
N=C1OC2CC1(C2)C#C,0.2844
OC1C=CC2OC12C#N,0.2349
C1OC2C3CCC12CC3,0.3241
CC1=CC2(O)CCC1C2,0.254
CC1CC1(O)C#CC#C,0.2092
NC1(COCC=C1)C#N,0.2442
CCC1=CCC(C)CC1,0.2601
CC1C=CC2NC12C#C,0.2333
OC1CCOCC2OC12,0.3012
CC1=CN=CC(=N)O1,0.1589
O=COC1CCOC1=O,0.2576
OC1CCC1C#CC#C,0.2242
CN=COCC=O,0.2204
COC1(C)CC2NC2C1,0.312
CCOC(C#N)C1CO1,0.2953
C#CC1C2C=CC1C=C2,0.2124
CC1CC2C3CC1(C)C23,0.3302
N#CCOC1C2CC1O2,0.2522
CC1=CCNC(=O)C1O,0.253
C(CC(C=O)C=O)CO,0.2036
CC1CC2CC(C2)C1,0.3519
CC1CC2OC(C)OC12,0.3317
CCCCN1CC1C#C,0.2631
OC1(COC1C#N)C#C,0.2672
CN1C=CC(=N)C(N)=N1,0.172
CCC1(O)C(C)CC1O,0.2985
OCC1(O)C2OC2C1=O,0.2
CCC#CC1OCC=C1,0.2523
N#CC1=C2CCC2CC1,0.2073
CN=C1CN(C(=O)O1)C,0.2586
CC(C=O)C(C)(C)C#C,0.2197
CCCc1c(ocn1)N,0.2195
CCOc1cccn1C,0.2396
CC12OC(C)(C)C1C2O,0.302
N=COC1=CN=CO1,0.2329
CC1=CCCCC1C=O,0.2165
CC1CC(=O)N1C,0.2797
OC12CC1CC2CC#C,0.2983
CC1COCOC1C#N,0.2882
COC1CC11COC1C,0.3104
CC#CC1CN(C1)C=O,0.2663
O=C1NCC2CC2O1,0.3028
OC1CN(C=O)C(=O)C1,0.2162
COC1(CO)C2CC1N2,0.2759
CC12C3C1C1(C)OC3C21,0.3283
CNc1ccc(o1)C#C,0.1764
CC(CO)C1(O)COC1,0.307
O=C1CN2C3COC3C12,0.2034
CNc1ncc(nn1)F,0.1603
CNC1=CC(=N)OC=C1,0.1614
CN1C2CC=CC12C#C,0.2253
C1C2NC2C2=NOC=C12,0.2414
OC12CC3OC1C23C#N,0.2557
C#CC#Cc1cnno1,0.1718
OC12C(NC1=O)C2C#C,0.2303
OC1CC23CNC12CO3,0.2732
CC#CCC(=O)CC#N,0.2219
ON=C1C2CN3CC2C13,0.2355
CCC1C2C3CC2C13O,0.3248
CC12CN1CC=C2C#C,0.1937
CC1(CC1)N2CC2,0.3114
CC1=CCC(C1)C(N)=O,0.2577
CC(=N)OC(=O)C#N,0.2284
C#CC1(COC1)C2CC2,0.291
OC1C2CC2(O)C1O,0.3015
CN(CC#N)C(=N)C#N,0.2054
CC1CC1(C#C)C1CC1,0.2917
N#CCC1C2CCC1O2,0.2912
CC(C)c1ccnn1C,0.2558
CC1CC=CCC1=NO,0.254
CN1C2C3NC2C13C=O,0.1882
CC1(CO)CC2COC12,0.3085
C1N2CC3CC12CCO3,0.3144
CCCOCC(C)C,0.3366
Cc1c(cnc(n1)C)N,0.1928
CC(C)(C#CC=O)OC,0.2056
CC12CC3C(C1)N3C2,0.3107
OCC#CC(CO)C=O,0.2182
CC1(CN1)C(=O)C1CO1,0.2083
CC1(CCC1)C2COC2,0.3155
CC12OC3C4C(OC13)C24,0.3376
C1C2C1C13CC21CCC3,0.2743
CC12C3OC(OC13)C2O,0.3208
CC(=O)NC1CC1O,0.2692
CCC1=NNN=CC1=N,0.1802
CNC(=O)COC=O,0.2641
CC#CCCC#CC#C,0.2278
CC1CN=COCO1,0.2594
NC1(CO)COC1=O,0.245
[NH2+]=CNC1=CN[CH-]C1=O,0.1875
Cc1c(=O)ncn(n1)C,0.1876
OCC1CC2C(O)CN12,0.2706
c1coc2c1NCCC2,0.2152
CC#CC1CCC(=N)O1,0.2829
c1c2c(ocn2)on1,0.2243
C1CC(=C(C1)C=O)CO,0.1898
N#CC1=NC2CC2CN1,0.1937
N#CC1C2CCCC12,0.3128
CCC(C)C(O)C(N)=O,0.2756
O=C1OC2CCN3C2C13,0.2466
CCC1OC(CC)C1=O,0.2204
N#CCC12CC3CC1C23,0.2973
c1cc-2c[nH]cnc2c1,0.1465
c1c(c(c(cn1)F)O)O,0.2208
CC12COC(C)(O1)C=C2,0.2461
COC1CC1C#CC#N,0.2154
CNC(=O)C12CCC1O2,0.2603
OC1CCC2CC2C1=O,0.2172
OC12CN3C1C2(O)C3=O,0.2397
NC(=O)N1C2CC=CC12,0.2383
OC12CC(C=C1)C(=O)C2,0.207
N=CN1CC2OC2C1=O,0.2156
OC(C#C)C1CC1C#N,0.2927
OC1C2NC=NC1C2=O,0.1857
OCCC12CC(O1)C=C2,0.2352
OC1CNC2=C1ON=C2,0.1964
C1CC12C(=NO)CO2,0.2261
CC1C2C3C(CO)N2C13,0.3067
CC1C2CC3OC3C12O,0.3241
O=CNC1=NCC2CC12,0.2274
C1C2OCC3CC12CO3,0.324
C1CC12C=CCO2,0.2267
COCC1(C)C(O)C1O,0.2866
CC1(C)OC2CC3C2C13,0.321
CCn1c(cnn1)C#N,0.2238
OC1CC2(C1)OCC2=O,0.2124
CCC(=NO)CC(=O)C,0.2097
C#CC1COC2CC2C1,0.2808
N=C1OC(=O)C2CC1N2,0.2372
C1C2C3CCOCC1N23,0.3067
COC1(CC1)C2CC2,0.3102
COC1CC(=O)C=C1C,0.192
NC1C2OC=NC12C#N,0.2308
CC(=N)OC1CC=CC1,0.267
OCC(O)C1CCC1=O,0.222
CC1(C)C2C3C(O)C3C12,0.2668
OC12CC3C1CCOC23,0.3091
CCn1c(c(nn1)C)C,0.2409
CC(CCCO)CC#N,0.3064
C#CC1CCC2CC12,0.3108
C(C=O)C#CC(=O)C#N,0.1688
CCC12OC1(C)C1NC21,0.314
CC12OCCN3C1CC23,0.3054
CCCC1(CC(=O)C1)O,0.2163
CC(O)C1C2C3CC1N23,0.3013
CCN=C(C(=O)C)N,0.1873
CC1CC2(CN2)C1CO,0.3152
CC1(COCC=C1)C,0.2663
OC1C2CC11CCOC21,0.3201
CCC1=CCNC(=O)N1,0.2239
CC12CC3OC1(C)C23,0.3068
CC1C2C3N1C2C31CO1,0.3065
CC1OC2CC2(O)C1=O,0.2098
CCC(=O)CO,0.2356
CN=C1OCC11CCO1,0.2576
CC(O)C1COCC1O,0.3034
Cc1cc(c(o1)C#N)N,0.1891
N#CC1C2CCC1O2,0.2844
CC1=CC2CC2(O)C1O,0.2321
CCCc1ccnn1C,0.255
OC1COC(C#N)C1O,0.2865
C1OC1C1=CCOCC1,0.246
CC12CC1(O)C1CC1O2,0.2956
CCCOC1(CC1)C#N,0.2921
O=C1C2C3C1CCN23,0.2198
OC1C2CC1C21CCO1,0.2993
CN=CN1CCNC1=O,0.2417
COC(=O)C(=O)NC=O,0.1828
CCc1c[nH]c(c1C)C,0.2391
C#CC1(CC1)NCC#N,0.2566
O1C2C3OC1C=CC23,0.238
CCC1C2CC2C1C=O,0.2183
CC1=C(COC1)C(=O)C,0.187
CN1C(COC1=N)C#N,0.2504
COC1C2C(C)C1N2C,0.2999
CC1CC1(CC=O)C#N,0.2242
CCC12NC1COC2C,0.3057
Cn1cc(ncc1=O)F,0.1547
CC1(C)C2NC2C11CN1,0.2956
CC1C2C(C1=O)C2(C)O,0.2238
c1coc(c1C#N)N,0.2094
C#CC12OC1C1NC21,0.2357
O=CCOC1CC2NC12,0.2118
O=C1COC(C1)C#N,0.2205
CC1CC(C)OCO1,0.3492
CC1C2CC(O)(C#N)C12,0.2882
COC12C3C1C1CC3C21,0.3193
OC1C2OC1(C#N)C2O,0.2517
C1C2C3CC4C1N4C23,0.3202
OCC1CC1C1CO1,0.3382
N#CC1CNCC2CN12,0.2532
CCOC(=N)C1(O)CC1,0.2642
OCC1C2CNC12C#N,0.2415
CC1C=CC2CCOC12,0.2595
CCn1c(=NC)[nH]nn1,0.1942
CC12CC1C1(NC21)C=O,0.1838
CC(O)C1(O)CN(C)C1,0.2916
C#CC1C2CC2C1C#N,0.2865
CCC1CN1C(=N)C#N,0.2064
CC(O)C1=C(C)OC=N1,0.2373
O=C1ON=NC(=C1)C#C,0.1628
CC(O)C1=CC=CN1C,0.2339
CC1CC(=O)CCC1=O,0.2159
CCC1=CNC(=O)C1O,0.2059
CC1C2OC1(C#N)C2O,0.2556
CC1CC(O)CC1CO,0.3086
CC1C2C3C2C2C3C12C,0.3015
C1CC23OC(CC=C2)C13,0.2283
C1C(CC1(C#N)C#N)O,0.2838
CC1=CCc2n1ccc2,0.2011
O=CC1CCC2CCC12,0.2233
CCC12CC(O1)C=C2C,0.2346
CCC1(NC1CO)C=O,0.2265
CC1CC1C1CC1C=O,0.2273
O=C1OC2CC11COC21,0.2692
C1C2CC3CCOC3C12,0.3084
O=COC1OC2CC1C2,0.2727
CC#CC1C2CC(C)C12,0.2828
C1C23COCC12COC3,0.3413
OC12COC1COCC2,0.3039
Cc1nc2c(o1)nc[nH]2,0.2032
CC(C#C)C1C(O)C1O,0.2811
OC1C2C(=N)NC12C#N,0.2421
OCC1OCCC1C=O,0.2226
OC1CC2CC2C=C1,0.252
N#CC12NC3C(C=C1)C23,0.2175
FC1=NC(=N)ON=C1,0.1677
C[NH+](C)C(C#C)C([O-])=O,0.2608
Cc1cocc1CCO,0.2411
CCc1coc(n1)C=O,0.1826
CN(C)c1ccccc1,0.197
CC1C2NC(=NC12)C#N,0.1942
CC#CC(O)CO,0.2787
CCC1(O)CC2CCC12,0.3179
COCC(C)(O)CC=O,0.2255
CC1C=CC2=CCCC12,0.1933
C1CC2OC=NC2CO1,0.2647
OC1CCOCC=C1,0.2536
CCn1cnoc1=NC,0.2183
CC1(CN1C(N)=O)C#C,0.2773
CCC1C2CC1CCC2,0.351
CC1C2NC2C1C1CO1,0.307
c1cc2n(c1)CCCN2,0.222
CC1CC1C1CC(=O)C1,0.2216
C1C2CN1C1=CON=C21,0.249
CC12C=CC3CC1C23C,0.2366
CC(C)Oc1cc[nH]c1,0.2366
CCC12CC3CC1C3O2,0.3224
CC#CC1CC=CCO1,0.26
C1C2C3C4CC3(C4)CN12,0.3111
COC1C(C)CCC1O,0.309
CC1(CO)OC1(C)C=O,0.2173
N#CC12CC=C3CC1C23,0.1785
C#CCN=COCC#C,0.269
CC(C)(C(=O)N1CC1)O,0.2396
OCC12CCC(O)C1O2,0.3281
CC(C)(CO)C1COC1,0.3074
CCC1(C)OC2C(O)C12,0.2958
c1c(n(nn1)C2CC2)O,0.2431
c1nc(nn1C(=O)N)N,0.2059
CC1CCC2CCC2O1,0.3199
CC(O)CCC(O)C#C,0.296
COC(C)C12CC(C1)O2,0.3142
CC1N2CCC12CCO,0.302
CC(CO)C1CC1C#N,0.2936
COC1CC2(C)NC12,0.2999
C1CC2CCCC=C2C1,0.251
C(=O)c1c(oc(=O)[nH]1)O,0.175
Cn1ccc2c1occ2,0.2208
CC1N2CC(C)(C)C12C,0.294
OC1CCCC(O)C1O,0.3136
COC1=C(N)NC(=N)O1,0.2299
CC#CC1COCCO1,0.2705
C1OC2C3CC12COC3,0.289
OC1C2CCC11CCN21,0.2824
C1COCC=C1CO,0.2618
COC12C(C)C1N1CC21,0.2838
C(CC(=N)NC=O)C=O,0.2203
CC1C2C3C4CC2C1N34,0.3293
CC(=O)C#CCO,0.2092
CCN(CC)C(=O)C#C,0.218
CC12CC(O)C3C1CN23,0.2936
CC12CCC(CC1)O2,0.3243
CC1CC11C2CN2C1C,0.3032
CC(C)C1COCC=C1,0.264
c1c(c[nH]c1N)N2CC2,0.2271
CC(=N)OC1CC1(C)O,0.2778
OC1C2CN2C1=O,0.2216
C1CC2CCCC=C2C1,0.251
COC12CN3CC1(C)C23,0.2952
CC1C2C(C#N)N2C1C,0.2598
CC1CC2(CC3CC23)O1,0.3174
C1C2NC2C2=CN=CN12,0.2381
CCC1C(O)C(C)C1=O,0.2135
C1C23CC=CC12CC=C3,0.2416
COCC(=O)C1CCC1,0.2272
Cc1ncc(cn1)C#N,0.1975
NC1(C#N)C2C3C1CN23,0.2659
CNc1cc(=O)[nH]cn1,0.1825
CC(C)C(=O)C(C)CO,0.226
OC1C(O)C2OCC12,0.2853
N#CC12C3OC1COC23,0.2521
CC1(Cn2c1ccc2)C,0.2498
N#CC12CC(O1)C1OC21,0.259
CC(=NO)C1COC1=N,0.25
O=C1CCC(=O)C2OC12,0.2096
N=CN1CCCC1=O,0.2217
C1CN1C12CC1CC=C2,0.2408
Cc1ccn(n1)C(=O)C,0.2196
N=C1OCC1C#N,0.2848
CCc1ccc([nH]1)O,0.2347
O=C1CC2CC3(CN3)C12,0.2124
N=COC12C3CC1OC23,0.2542
OC1C2NC(=O)C1C2O,0.259
CC1NC1C(=O)CC#C,0.2139
COCC12COC1CO2,0.3025
CN1N=NC(C)=NC1=N,0.1633
N=C1OCCOC1=O,0.22
C#Cc1c[nH]c(=O)[nH]1,0.1858
CC12CCC1OCC=C2,0.2596
OC12CC(O)(C1)C21CC1,0.3137
OCC(O)C1=CON=N1,0.2119
CC1OC2C3CC(O3)C12,0.3227
CCCc1cc([nH]c1)N,0.2374
CC12CC(O1)C(O)C2O,0.3197
COc1conc1O,0.2326
CC1CCOC(=N)CO1,0.2781
CC#CC1(COC1)CO,0.2866
N=C1OCC2=C1C=CN2,0.2243
CC1CC=CC=C(C)C1,0.1895
C(C1CO1)N1N=CC=N1,0.2546
CC1CC1OC1CC1,0.318
CCC(=O)C1CCOC1,0.2306
CC1C2NC2C2(C)NC12,0.2892
C1COCCC(=O)OC1,0.267
CNc1nccc(n1)O,0.2021
CC1(O)CC2(OC12)C#C,0.2647
CC1=COC=C1OC=N,0.2315
C1NC11C=CC2COC12,0.2428
CC1(C#N)C2CC=CC12,0.2392
OC1C(O)C2(O)CCC12,0.2924
OC12COC1CC=C2,0.2508
COC(=O)C#CCCO,0.235
CC(=O)C1(O)CCOC1,0.2281
COC1CC=CC1C#C,0.2621
c1c(ocn1)CCC#N,0.2412
CC12CC(C)(OC1)C2=O,0.2064
CC1CNC(=O)C(C)=C1,0.2124
Cc1c[nH]nc(c1=O)N,0.1759
C1C=CC2OC1C=C2,0.2324
CC1C2NC2C1C(C)=O,0.2202
CC(N)(COC=O)C#N,0.2836
CC1=CC(CO)CC1=O,0.1977
O=C1CC2=NCC3C1N23,0.2056
O=C1OC2C3COC2C13,0.2593
CC1C2COC(C2)C1C,0.3103
OC12CC1CC1COC21,0.3127
OC12CC1OC1COC21,0.2975
CC(C=O)C1NC1C,0.2251
C#CC1(CN2CC12)C#C,0.2631
N#CC1C2CC1C1CC21,0.3057
Cn1ccc(n1)CC=O,0.2161
O=CC#CC12CN1CC2,0.1856
CCCC(C)OC,0.3341
C1CN1CC2=CCOC2,0.244
CC1COCCC11CC1,0.3216
C1OC1C1C2C3CN2C13,0.3157
C1C=C(COC=N1)CO,0.2344
CN(C)CC(=O)C1CN1,0.198
CC1C2CN1C2CC=O,0.2137
NC(=O)C1CC1(O)C#C,0.2346
N=COC1CC11COC1,0.2635
CCC1NC1(C)CC=O,0.2183
CC1CC2(C)NC12C#C,0.2485
CCC1OC(C=C1)=NC,0.2008
OC12CN3CCC1(O)C23,0.2731
CC12CC1(CC=O)CC2,0.2169
NC12C3NC(C13)C2C#N,0.251
CCC(O)(C#C)C(C)O,0.2795
c1c([nH]cn1)C2COC2,0.2455
CC12CC3OC1CCC23,0.3146
C1CC1C12CC1OCC2,0.3101
N=C(OC=O)C#CC#N,0.1945
CC1(CO1)C(O)CC#C,0.307
CCCC#CC1CC1O,0.2792
CC1(C)OC1(CN)C#N,0.2633
CC(C)(C)CC(O)CO,0.3104
OCC12C(O)C1C1CN21,0.2806
N#CC1C2CC1C2,0.3299
CC1(C)NC11CNC1=O,0.2686
CC#CCC1NC1C#N,0.2651
Cc1ccoc(=NC)c1,0.1663
OC1CCC(CC=O)C1,0.2277
CN1CCC(=C1)C=O,0.1734
CC12CC1C(=O)NC2,0.2666
CC12NC(C=C1)C21CN1,0.2318
CC12CCC1(O)C(=O)O2,0.2608
CC(O)C1CC2NC12,0.2973
CCC1OC1C(C)(C)C,0.3326
CC1CC(=CC1O)C#N,0.2188
OCC12CN(C1)C2C#N,0.2538
C1C=Cc2c1c(no2)N,0.187
C1CC23CC1OCC2N3,0.3131
NC1=CC=C(O)OC1=N,0.154
N=C1N2CC2C=C1C#N,0.1754
CC(O)(CO)C1CC1,0.3214
c1(nnc2n1nno2)O,0.1736
N=C1NC(=O)CC1C#C,0.246
CC1C(C#N)C2CN1C2,0.2757
CC1CC(=CCO1)C#N,0.2233
NC1CC1(OC=O)C#N,0.2347
CC1OCC2C3CC3C12,0.3114
CC1CC2COC=NC12,0.2656
CN1C2C(=O)C1C2(C)C,0.2295
CC12OC3C1C=CC23C,0.2239
NC(=O)C(CO)C1CO1,0.2739
CNC(=O)CC#CCO,0.2568
CCc1cc([nH]c1O)N,0.2264
c1c(nno1)OCC#N,0.2068
CC(=O)C12CC1OCC2,0.227
CCCC1(CC1)CCO,0.3387
C1CC2C1C1CCC2O1,0.3223
COC1CC(=O)N2CC12,0.2406
CC1C2OC1C1(C)CC21,0.3332
CC1C2CC1(C)CC2C,0.3602
CC(C)(CC=O)CC=O,0.2064
C(=O)C(F)(F)F,0.2243
N#CC1CC2CC(C2)C1,0.3333
CCCC1CNC1=O,0.2803
