smiles,heat_capacity
CC1C=CC(C)(O)C1C,38.86
OC1CC2CC2C(O)C1,34.305
COC1C(=O)C=CC1=O,29.513
COc1ccc(nc1)N,31.1
c1c(cn[nH]1)C2COC2,27.773
OCC1C(C#N)N1C=O,31.176
CC1(O)C2CCC1OC2,32.562
c1c(ncnc1N)N,26.799
OCC1OCOC2CC12,31.134
CC1C2C(O)C2CC1=O,32.666
CN1C2CC1(C#N)C2N,32.882
CC(CO)C1CCC1O,38.447
CN=C1CC(C)(O1)C#C,35.11
CC(C)C1CC(N1)C#N,35.817
COC(=O)C(C)C(C)O,38.924
O=C1CCCC2(CO2)C1,31.076
CC(OC1CC1C)C#C,38.058
OC1C2COC2C1C=O,29.387
c1c(nc[nH]1)C2(CC2)O,30.672
CC1CCC(CC=O)C1,35.874
CC12CC(COC1=N)N2,30.792
CC(=O)N1C=NOC1=N,28.606
O=C1CN2CC2C11CO1,28.169
CC1C=CC(=O)C11CO1,30.34
C1C2CC3CCCC12O3,29.84
CC(=O)NC1CCC1,31.344
CC1OC2CC1(O)C=C2,31.803
OC1(CC=O)COC1=O,30.069
OC12CCC1CC2=O,27.82
CN1CC1(CC#N)C#N,32.252
C1C=CC(=O)CNC1=O,29.438
OCC1C(O)C1OC=N,34.012
CC(C)C(C)(C)CCO,44.961
OCC(O)(CC=O)C=O,34.52
CC1=CC23COC2C1O3,29.553
OC12C3CC1C(=N)OC23,28.116
CC(C)(CCOC)OC,42.497
COC12CC3C4C1C2N34,28.588
OC1CC(=O)N2CCC12,29.911
N=C1CC(CO1)OC=O,29.31
N=C1CC2N=COC2O1,25.392
CC(C#N)C1CCOC1,33.025
COC1(C)C2CCC12O,36.662
OC12CC(=O)C3NC1C23,28.671
NC1=C(OC(=N)O1)C#C,30.415
C#CCOC(=O)NC=O,31.39
C#CC(=O)CCC1CC1,35.028
[O-]C(=O)C1CC=CC[NH2+]1,30.154
CN(C=O)C(=N)CC#C,34.401
C1CC2OC(O1)C=C2,23.805
CC12CC3OCCN1C23,30.575
CC1NC(=O)OC1CO,32.407
CC(C)CC(CO)C#C,41.108
[O-]C(=O)C1C2NC(=[NH2+])C12,27.468
CNc1c[nH]cc1C#N,31.361
C1NC11CC=CC2OC12,29.163
C(COC(=O)C=O)O,28.619
c1c(ocn1)NCC#N,27.631
CC1C2C1C1CC2O1,26.477
CC12CC1OC(C2)C#N,31.291
CC12CC3(COC13)OC2,30.443
O=C(C#C)C1C2CC1O2,29.174
CC1C(=O)CC1(O)C=O,34.088
OC1CNC1C(=O)C=O,31.04
O=CC12OC1CNC2=O,27.79
CC1C(C=O)C1C1CC1,35.176
Cc1coc(=O)cc1F,28.403
CC(CCO)C1(C)CC1,41.061
CCC12CC1CCCO2,34.966
O=C1CC=C2CCCC12,29.803
CC1CC2OC2C(=O)C1,31.394
CC(C1CN1)C(=O)C#C,34.662
Cc1ncc(c(=O)o1)N,30.313
O=C1OCC11CN=CN1,27.116
CC(COCC#N)C#C,35.722
Cc1c(oc(=O)n1C)O,32.622
CC(CC=O)C1CC1O,37.098
OC1C(OC=O)C1C#N,30.403
CC1=CC(=O)C2COC12,29.175
OC1C2C3OC1C23C#N,26.846
OC1CC23CC(CO2)C13,29.239
N#CC1C2OC=NC12,22.13
N#CC12C3CN4C(C13)C24,25.256
OC12CC1(NC2=N)C#C,32.204
O=C1C2OC2C1C#C,25.302
O=C1CCCC2(CO2)C1,31.076
CC12CC3C4CC4N1C23,29.884
CC1(C)NC1(C=O)C#N,34.344
CC1CCCC1(O)C=O,36.03
C#CC(CC=O)C#C,30.894
OC1CCC1(O)C#C,31.384
C1C2C3C4=CCOC13C24,30.149
C1C2OC3CC4OC1C234,28.307
CC12CC=CC1(N2)C=O,31.643
CC(=O)OC(CN)C#N,34.612
CC(O)C1OCC1(C)C,39.281
CC1(C)CC2C(=O)CN12,33.813
CC1OC(C)C1CC=O,35.802
COC(C)C(O)C1CN1,38.09
Cn1c(nc(n1)C#C)N,31.401
CCN1CCC1CC#N,34.89
CC12CC(O1)C=CC=C2,30.735
[O-]C(=O)C1=CNC(=[NH2+])N1,29.606
O=C1CCC2C3CC1C23,28.685
OC1CC(O)(CC#N)C1,34.209
CC#CC1C2OCC12O,33.051
CC(CCO)C(O)C#N,38.108
OC1CC=CC2CC1O2,29.899
CC1=CNC(=O)NC1=N,30.363
CC1=C(O)C(=N)NN=C1,30.235
Cc1[nH]c2c(n1)COC2,29.043
N#CC12COC3C1CC23,26.564
COCC1OCC1=NO,33.653
CC1(O)C2CC2C1(C)O,37.288
CC12C3CC1=CCC23O,32.404
CN1C2CC(O)C12,25.937
CCCC(OC)C(C)O,42.141
NC1C2CN(C2)C1C#N,30.069
CC1CC2(CC12)C#N,28.586
CC1=COC(=N)C(N)=N1,31.73
CC1CNC(=O)C(C)=C1,34.152
CC1COC2=C1NN=C2,28.65
O=C1OC2C3C2C2C3N12,23.946
COC(C#N)C(N)=N,30.796
CC1C2C3C4OC3C4N12,27.883
CCC1CCC(C)=C1C,39.246
CC(O)(C[NH3+])C([O-])=O,32.069
CC1(O)CC(N)=CC1=O,34.715
CC1CC=CC2OC12C,34.122
COc1nc(co1)CO,31.081
OCCC(O)(C=O)C#C,37.148
c1c2c(c([nH]1)N)CCC2,31.449
CC1CN2N=NC=C2N1,27.993
C1C2COCC3NC3C12,30.117
CC1C=CC(O)CC1O,35.885
Cc1c([nH]c(c1N)O)C,36.765
CC1NC2(CC12O)C#N,33.041
CCC1(CC1)C(=O)N,33.324
CC1C2CC=CC12CO,34.669
CC(C#N)C1CC(=O)O1,30.759
C1CC2(CC2)C(=O)OC1,30.605
CC1C2NC2C11COC1,31.687
OC1C2(O)CCCC12O,35.212
CC12CC(C1C=O)C2=O,31.029
CC12CC(=O)C1COC2,31.424
c1c(oc(=O)c(n1)F)N,27.558
CC1=CC2(C)COC2C1,33.644
OC(CC#CC=O)C#N,32.251
O=C1CC2C3C4C1C2N34,24.881
CC1CN(C=O)C(C)=N1,33.063
CCOCC(O)CO,34.966
CC1(O)CC(O)C11CO1,35.631
COC1CC2OCC12O,33.233
CC1OC=NCC11CN1,31.267
CC1(C)C2CCC2C1=O,34.566
N=C1OC2COC1C2,23.358
CC12CC1OC(=O)C2N,32.114
CN=C1OC=CC(N)=C1,32.224
N=C1OC2CC(=O)C1O2,25.55
C1CC1(C(=O)N2CC2)O,32.972
NCC1(CCN1)C#N,29.878
CCC1CN1C(=O)CO,35.405
C1C2C3C4C1C2N34,18.771
O=C1CC2C(CC12)C#N,28.832
C1C=CC(=O)NC(=O)N1,28.237
O=C1NC23CC2(CC3)N1,28.818
CN1C=CC(=N1)C1CO1,29.576
CC1(C)CC2OC1C2=O,32.353
O=CCOC(C#C)C#N,32.259
c1c(c(=O)[nH]nn1)F,21.377
O=CC12CC=CCC1N2,30.029
C1CC2CC3OC3CC12,30.169
Cc1c[nH]c2c1[nH]nc2,28.971
CC(O)C1CC1N1CC1,36.804
C1CC1COCC2CC2,35.905
OC1CC1(OC=N)C#C,34.082
CC1(O)C2OCCOC12,33.013
c1c([nH]nc1O)CC=O,29.857
Cc1[nH]nc(n1)NC=O,29.218
N=C1CC(O1)C#CC=O,29.294
CNC(=O)C1C2CCN12,32.365
OC12CC1C1CCC2C1,30.956
CNC(=O)c1c[nH]cn1,29.803
CC1CC(CO)C1C,35.064
CC1(C)CC1N1CC1,33.461
NC1=NCC2(O)COC12,30.923
CNC(C)(CC=O)C#N,36.923
CN(C)C(=O)C1CC1O,35.506
C1CC1C2CC3(C2)CC3,34.679
c1cc(cnc1)NC=O,27.01
CNC1=NC=NNC1=N,29.959
CC1OC(=O)C1C1CC1,32.354
CC(OC=O)C#C,26.632
O=CC1C2C3CCN1C23,28.05
ON=C1C2CC1CC2,27.008
C#CCC12CC1C1CN21,31.804
CC1CC(C1)OC1CC1,35.946
CC(C)C1CC1C,32.44
CC1CN2N=NC=C2C1,28.343
NC1C2OCC12C#N,26.669
N#CCC12C3C4C3N1C24,26.868
CC1(O)CC1(O)C(N)=O,36.39
CCCOC1CC1C#C,37.356
CCC(CO)C(=O)CO,38.562
C1CC1Cc2n[nH]nn2,28.421
COc1c(cn[nH]1)C=O,29.289
OC12CCCC1CC=C2,32.065
CC#CCC(C)CC#C,39.683
CC1OC2C(O)C12C#N,31.125
CC(C)N(C)C(=O)C=O,37.154
COC1(C)CC1C#N,31.36
CC(C)(C)C12CC(C1)C2,38.229
OC1CN=C2NCC=C12,29.478
CC1C(OC1=O)C#N,26.012
CC1CC(CC=O)O1,30.329
Cc1coc(=O)nc1C,30.58
C1C=CC2NC2C=C1,26.412
CC1(O)CCCC1(C)O,39.225
CN1N=CN=C(F)C1=N,27.635
OC1C2C1C1OCC21,25.962
O=COC12CC3C1OC23,27.088
FC1=CC(=N)C=C(F)N1,28.027
CC(CC#C)C(C)(C)C,43.665
COC1CCC(CO)C1,36.586
CCC12NC1CC21CC1,34.897
CC(O)C1(O)CCCC1,37.641
CC1OC11CC2CC1O2,30.391
O=C1CC2CC3(CC3)C12,30.833
NC1CC(OC1=N)C#N,30.536
OC(CC#C)C(=O)C#N,32.919
CCCC1CC11CCC1,37.837
CCC1(CN1C=O)C#C,34.92
CC12NC1CCNC2=O,31.785
OC1CN2CC2C1C=O,30.053
Cn1ccc2c1CC=C2,29.747
CN1CCC(N)C1C#N,34.347
c1cncc(c1N)C#N,28.28
C1CC1(C#N)C(=O)C#N,29.32
CC12OC1C1OCC21,26.016
CC1(O)C2C3C2C1C3O,33.305
[O-]C(=O)C1[NH2+]CC2NC12,28.771
CCOc1nc(on1)N,31.106
CC1=CC2NC2C2CC12,31.162
CCC1CC(O)C(=O)O1,33.248
CCC1OC(C)C=C1C,37.664
CCC1(CO)COC=N1,33.989
Cc1nc(=O)[nH]nn1,23.833
CC#CC1CN1C(C)C,38.77
CN1C(=O)C2(C)CC12C,35.601
COCCC(O)CC#C,39.183
CCC(O)C1OCC1=O,34.478
Cc1cn2ccnc2o1,26.754
CC1=CC(=O)C(=N)OC1,30.317
c1nc2c(o1)C=CC2,21.761
C1C2C3C2C2CC3OC12,25.296
N#CC12CC1C=CCC2,30.058
CN=C1C=COC(C)=C1,32.09
CC1=CCC2CC=CC12,31.593
C1C(CNC(=O)N1)C=O,30.881
CCC(C)C(=O)C#CC,39.016
C#CC1CC=C(C1)C#N,30.855
CC1OC(C)C(O1)C=O,33.474
Cc1coc(c1CO)N,34.201
CC12OCC3C4C1N4C23,27.554
FC1=NC=CC(=N)O1,22.157
OC1CC2CC2C11CO1,31.787
C1CC(=O)OC1,18.482
OCC(O)C1NCC1=O,33.597
CC12OCC1CC2=NO,32.499
CCC(=O)C(O)CO,33.171
OCCC1CCCC1O,37.108
CC12C3C4C3N1C4C2=O,27.375
CCC1(CO)CC1C=O,37.326
[O-]C(=O)C1CCCC[NH2+]1,31.544
Cc1c(c([nH]n1)O)N,29.296
c1[nH]c2c(n1)C=CC2,22.977
C1C2(CO1)COC=N2,24.138
CC(CC#N)C1(C)CN1,36.836
CN1C=NCC(O)C1=N,31.924
CCC1CCC(O)CC1,37.994
CN(CCO)CC#N,32.106
C#CCC1=NCC(=O)N1,30.529
N=C1OC(=O)C(=C1)C#C,27.341
CCOC(CC)C1CO1,38.319
CCOC=NC1(CC1)C,37.767
OCC12CC(C1)C2C=O,32.225
CCC(C)CC1(C)CO1,40.783
CC(=O)C12OC1CC=C2,30.719
N=C1OC(C#C)C2CN12,28.736
CC1(CCO)C2CC1C2,35.84
ON=C1C=CC2CC12O,31.164
O=CN1C2C3C=CC1C23,26.611
OC1=CNC=C1C1CN1,31.1
O=CC1CC(O1)C=O,26.177
N=C1OC2C3NC12C=C3,26.704
CN1C2C(O)C1C2(C)C,36.794
C(N1CC1)C12CC1CO2,31.683
N=C1OC=CC(C=O)=N1,26.811
O=CC1CN1C=O,22.674
CC(C)CCOCC#N,38.319
CC(NC=O)C1(C)CC1,37.836
O=C(C#N)C1(CO1)C#N,27.856
CCC#CC(N)CC#N,36.834
CC12CC=CC1N1CC21,30.786
COC12CC3C(C1)C3C2,30.962
CC(C)c1ccn(c1)C,36.547
NC1=CN2CC(O)C2=C1,31.275
CC12CC(C1)C(O)C2=O,32.291
CC1C2N1C(=O)OC2=N,28.262
O=C1OC2(CC#N)CC12,27.991
OC1C(CC=O)C1C#N,32.297
N#CC1C2CC3CC2C13,27.167
CC12OC3C1CC23C#N,29.347
CC12CC1OC1CC1O2,31.146
OC1(C#N)C2CC2C1=O,29.597
CC1=CC(NC1=O)(C)C,36.219
OCC12COC1C(=N)O2,29.667
OC12CN3C4C3C1OC24,25.588
CC(NC=O)C(N)=O,30.965
CN1C2CC(C=O)C12,28.231
CNC(=[NH+]C)C([O-])=O,30.867
OC1C2C1C1=CCCC21,30.489
CC1=CCCC2NC12,28.996
C#CCc1ccc(o1)N,32.386
CC1(CC2CC2N1)C#N,32.474
CC12CCC(C1)OC2,28.521
CCC(C)OCC1CO1,38.17
CC(CO)OCCO,34.869
CC1OC(=N)NC(=O)O1,29.039
O=C1C2NC1C=C2,20.004
c1c(onc1O)C=O,23.347
CC1OC2C1OC2(C)C,35.066
CCOCC1CC1C=O,35.933
CC1C2(C)OC(=N)C12O,34.623
O=CCC1(CN1)C=O,28.275
CC(=O)C12CN1CC2=O,30.701
CC12CC3(C)CC1(O)C23,35.469
CC(C=O)C1C2COC12,32.268
CC12NC1CC1CC21O,33.287
NC(=O)C1CCC1C=O,32.319
CC1C2C(C)CCC12C,38.167
C#CC1CC2CCC1O2,30.255
OC(CCCC#C)C=O,36.5
CC12CC3C4OC3C1C24,27.914
CC1COC11CC2OC12,31.165
CC(O)C12CC(C1)C2C,36.94
C1C=CNC(=O)C=CN1,30.552
c1c(oc(=O)o1)CC#N,26.102
CC12C3C1N1C3C(O)C21,29.355
O=C1C2CC3OC2C13,22.183
CC12OC1C1CC2(C)C1,32.951
CC1CC(CO)C1C=O,36.16
Cc1c(oc(n1)NC)N,34.341
Cc1cc(cnc1C)F,31.017
CC1C(C)C23CN(C2)C13,33.865
CC1CC23CCC2(C1)O3,32.171
CC1OC2CC12,21.073
C1CC23OC2CC=CC13,29.284
O=CC1COC(=O)N1,24.34
COCCCC(C)C=O,39.19
c1c[nH]c(c1O)CC=O,31.594
CC12C3OC1(C)COC23,31.735
OCCC(O)(C#C)C#N,36.4
OC12CC3C1C2C3C=O,29.915
N=C1OC2CCC2C1=O,27.809
CC1CN=C2OCCC12,30.345
CCC1CC(C1)(C)C,36.653
NC1(CC2OCC12)C#N,30.598
CC1CC2COC1(C)C2,34.213
CC(C)(CC(=O)C#C)O,38.001
CCC#CCOC(C)C,40.59
CC1OC2C(C#C)C12O,33.894
CC12CC3C1C2NC3=O,29.863
CCC1(CC(C)O1)C=O,36.463
OC12CC1COC2C#N,29.958
OC12CC3C=CC1CC23,29.702
C(=O)c1c(n[nH]n1)C=O,25.526
CN=CNc1ncon1,28.775
O=C1CNC(C#C)C1=O,29.788
CC1CC2OCCC12,28.81
OC1C2OC1C2(O)C#N,29.614
N=C1NC(=O)NN=C1,23.509
CC(C)CC(=O)C(C)O,40.41
CCOCC#CC#N,29.896
CC12CC(C)(O1)C21CC1,35.555
c1c(nc(n1C=O)N)O,29.791
OCCC1COC1C#C,34.817
CCC12CC(O)CC1N2,34.938
N#CCN1C2CC=CC12,29.078
CC12C=CC3(C)CC1N23,32.479
CN=C1NN=C(C)C=C1,32.232
CC12OC(=O)C3OC1C23,26.972
CN1CC2(C1)OC2C#N,31.286
COCC(O)C1(O)CC1,38.058
NC1(C#N)C2CCC1O2,30.084
CC1CCN=CO1,24.515
OC12CN3C4CC1C4C23,27.61
CC12CC3(COC13)CC2,31.725
O=C1C2C3C1C1(CC1)N23,27.573
CC1C2CC(=CC12)C#C,33.063
CC1C2C(O)C1C21CC1,34.484
NC(=O)N1CC1C1CO1,31.789
Cc1coc(n1)COC,32.091
CNc1cc(n[nH]1)O,28.744
CC(CC1CC1)C(N)=O,38.155
N=C1CNCCO1,23.356
OC1C2CCC1C21CN1,31.482
ON=C1CN2C(C#N)C12,28.777
CNc1cc(oc1N)N,35.083
CC(C)C1(CCC1)OC,40.166
COC12CC1CCC2O,34.654
CN(C)C(=N)C(=O)C#N,33.433
CC(CCO)N1CC1C,39.965
c1coc(c1O)CO,27.554
C(N=C1CCO1)C1CO1,30.633
CC12CC3CC(C=C1)C23,30.85
CC1=CNC(=N)C1=O,27.361
CC1CN(C1)CC=O,30.879
OCC1C(C=O)C2CN12,31.739
O=CN1CC2CCN=C12,28.372
CC1C(O)C1(C#C)C#N,34.766
Cc1c(n[nH]n1)CC#C,31.329
OCC1CCC(CO)C1,37.007
CC(O)C(C)C(C)CO,43.35
Cc1c(c[nH]c1C#C)O,34.125
C1CC2OC3C(O2)C3O1,26.248
CNc1ncc(nn1)N,31.153
C1C2(COC2)OC(=N1)N,29.79
CC(=O)COC,24.783
CC12C=CC3CC1C2O3,29.269
CN1CCCCNC1=O,33.676
CC1(CCOC1=N)C#C,33.353
O=C1NC2CC11OCC21,27.237
N#CC1CC2OCC12,24.944
CCC1CC1(CO)OC,39.733
O=C1CCC(=O)C2OC12,27.846
COC1CCC1CO,32.658
CC12NC3C1OC23,22.282
CCC(C)(C=O)C1CC1,38.758
CC1CCC(O)CO1,31.052
CC12CC(C1)CC2CO,35.155
c1cnn(c1N)C2CC2,31.116
CC(C)C#CC(C)(C)O,42.614
CCCC1N=CNC1=N,33.811
OC1COC11CCC1=O,31.436
NC1=NOC(=O)OC1=N,27.766
CC(O)C1=C(N)N=CO1,32.538
C#CC1OC1C1CC1,29.135
CC1(CCO)CN2CC12,35.99
C1OC2CC3CC(C3)C12,28.856
CC12C3C(C=O)C1CN23,30.169
COCC(O)C(C)=NO,38.297
N=C1NC(=N)C2CC1O2,27.685
CC1C(CO)N1CC#C,37.029
C1C(CC(=O)C1=O)O,27.123
NC1(C#N)C2NC1C=C2,29.411
Cc1c(c(ccn1)F)N,30.768
CC(C)(C)OC(C)(C)C,45.934
OC12CC1CCCC=C2,33.56
OC1CC(=N)OC1C#C,31.907
CCc1cc([nH]c1)CO,34.926
CC1CC1OCC1CC1,36.645
CC12CC1C=CC21CN1,32.249
O=CNC1CC(C1)C=O,32.154
CCC1CC(=O)OCO1,32.161
c1c(noc1N2CC2)N,29.613
CCC1OC(C=C1)C#C,34.066
C1OC11CCC11CO1,27.012
CC1=CCC2COC12C,33.683
CC1C(C)(O)C1(O)C#N,37.043
CC(COC(C)=N)C#C,37.929
CC12C3CC4C(C14)C23,26.19
CC1C(C=O)C11CCC1,34.655
C1CC23OC2CCC=C13,29.77
CC(C#C)C#CC1CO1,34.481
OC12C3NC11COC2C31,26.815
CC12OC1CC(O)C2O,32.751
CC1C2OC3C2N1C3=O,27.24
OCC1(CC1O)C#C,31.775
C1C2OCOCC=CC12,30.206
CC1CCN2C=CC=C12,30.705
c1(=O)c(nonc1N)N,29.892
O=C1CCC1C#CC#C,31.795
N=C1OCC2OC1C2=O,26.251
OCC1CC2COCC12,32.109
COC(C[NH3+])CC([O-])=O,35.804
OCC12CN(C1)C2C#N,30.716
CC1OC1(C)C(C)=O,33.306
Cc1c[nH]c(c1N)OC,36.107
CC(=O)C#CC#CC=O,31.349
NC(=O)CC1(CN1)C#C,34.265
CC1C2CC(=O)C12C,30.572
O=C1OCC(O1)C#N,22.388
CC1OC2CC2C(=O)O1,29.804
CCC(CO)C1CC1O,39.511
OCC12OC3C1OC23,25.194
CC(CC(O)C#C)C#C,38.817
CCCN1CC(=NO)C1,36.155
CC1(C=CCC(=O)O1)C,33.7
CC1(OC(=N)C1N)C#C,34.985
COC1C(O)CC1C=O,34.175
CC1C=CCC1(C)C#N,34.422
CC1CCN1CC=O,31.003
CN=C1OCC(C)C1O,34.523
ON=C1C2OC2C11CN1,29.328
C1N2CC3CCOCC123,29.541
CCCC1C2OC1C2C,36.013
C(C#CC(=O)C(=N)N)O,34.123
CC1(C)OC1(C)CC#N,37.663
CC(C)C(C)C(C)C=O,42.072
O=C1C2CCC22CCN12,28.709
CCN(CC(=O)N)C=O,35.246
N=CN1C(=O)CC11CC1,30.961
CC12CCOC1C(=O)O2,29.374
CC1(C)C2COC12C#N,33.03
C1CC23OC4CC2OC134,26.372
NC(C#CC#N)C(N)=O,33.101
CN1CC1CCCO,34.287
O=CCN=C1OC2CC12,29.629
CC1C2CC1C(C)(C)O2,36.169
N=C1NC(C#C)C11CO1,31.103
COCC1NCC1C#N,33.182
COC(=O)C(N)C1CN1,34.563
COCC1(C)C2CC1C2,35.372
CC1CN(C1)C(=O)C=O,32.497
CC1C2(O)CNC12C#N,32.962
CN1N=NC(=N)N=C1F,27.328
COCCC1(C)CCO1,37.474
N=C1OC2CNC(=O)C12,26.971
CC#CC(C#C)(C#C)N,37.802
CC12NC(C1O)C21CN1,32.516
CCC12CC1CC(=N)O2,32.935
O=CCCC1OC2CC12,31.863
C1CN1CCCCC#N,35.062
CNC(=O)NCCC#N,35.396
OCC12OCC1OC2=O,28.718
CCc1c(nc[nH]1)C#N,29.977
C#CC12CN3CCC1C23,29.678
c1c(oc(n1)O)NC=O,27.388
CCC1OC2C(O)C12,29.797
OC1(C=O)C2CC(=O)C12,29.748
CC1CNC(=O)NC=C1,32.286
NC1=CC(N)=C2CCN12,32.481
CCc1c(nc([nH]1)O)O,33.619
CC1(OC2CNC12)C#C,32.776
C#CC12C3C1N1C3CC21,27.292
CC1CC2OC3C2C13C,32.512
Cc1cnc([nH]1)COC,33.193
c1cn(c(c1N)N)C=O,32.201
NC12CC1(O)COC2=O,30.873
OCC(=O)C1CO1,24.51
CC(N)C#N,19.946
c1c[nH]nc1CN2CC2,29.554
COCC(=O)C#CC#N,31.513
CC(=Nc1nc[nH]n1)N,30.752
CCC1C2C3CC2(C)N13,34.158
O=C1CCC2N=COC12,26.595
COCC1C2CC1OC2,32.001
CCC1(C)C2CC1C2,32.309
OCC1(CO)NC1C#C,35.155
c1(=O)[nH]nn[nH]1,15.761
FC1=NC(F)=NC(=N)N1,24.402
CC#CC1CN(C)C1=O,34.028
CC12CCC3C1CC23O,32.976
CCCC1CNC(=O)N1,34.486
CCC(O)C1(C)CCC1,40.366
COC(CC(N)=O)C#C,36.64
c1c(c(c(o1)O)N)N,29.736
C#CC1CC2(OC12)C#C,31.571
OC1C23CCC12OCC3,30.949
CC(OCCC=O)C#C,36.772
CC1(C=C(CO1)C=O)C,34.119
CC(=NO)C1CN=CO1,31.515
COC(=N)N1CCC1=N,32.448
CC(O)(C1CN1)C(N)=O,36.223
CCOC1C2OC2C1C,34.827
CN=C(CC1CC1)OC,37.459
OCC1(CCO1)C1CC1,34.333
CC1CC2=CN=C(O)N12,29.877
CC1CC2=NC(O)=CN12,30.174
CCC1(CC1)OC=O,31.359
COC1OCCNC1=N,32.874
CCn1c(cc(n1)C)N,35.46
CN1CC2(C)OC2C1=O,31.946
CN(CC(=O)OC)C=O,34.396
C1CC(O1)C1CCC=C1,31.318
OC1(C#C)C2OC2C1=O,30.275
CCC(C)(CCO)C#N,39.908
O=CCC12CC(C1)OC2,30.493
OC1=C(OC=N)OC=N1,27.718
COc1c(cno1)C#C,29.773
COC1COC1C(N)=O,33.117
O=C1NC(=O)C2CCC12,27.479
c1c[nH]c2c1onn2,21.191
CNc1cc(oc1)C=O,30.487
CCN(CC)C(=O)OC,38.507
CCOC1CC2COC12,32.916
CC(=O)C12CCC1(C)O2,34.418
COC12CC1COC2C,34.364
ON=C1C2CC2C1O,28.159
Cc1c(nco1)NC=O,28.781
Cc1cnc(n1C)OC,33.92
CCC12CC1(O)C1CN21,33.905
CC1OCC(O)C1=O,28.791
CC1(CO1)C(O)C1CO1,34.088
c1c[nH]c2c1CC(=O)C2,27.825
CC1=NC=NC(=O)C=N1,27.695
COCCC(O)CC#C,39.183
Cc1c[nH]cc1OC,30.359
CC(C)(C)C1(CO1)C#N,37.168
CC12CC1(C)CC=CC2,35.958
CC1(O)C2OC(=N)C12O,33.177
OC1CC(O)C(O)C1,30.743
NC12CC1(O)CC2C#N,33.076
CC(CC#N)NC(C)=O,36.595
C#Cc1cnoc1C=O,27.132
CC1C2C3OC4C3N1C24,26.471
CC1=C(F)C(=N)N=CO1,28.23
CC1=C(CC(=NO)C1)C,35.915
CN(C)c1c[nH]cc1O,34.633
C1CC2C1C1CCC21,27.119
CN=COCC(C)C#C,37.868
CC1=CC2(C)C3OC2C13,31.727
CNC(=O)CC(C)C#N,36.256
O=C1CC(N1)C1CC1,28.39
c1c(c(c(nn1)N)N)F,29.075
C#CC1OCC2CC1C2,30.696
OCC(=O)CC1CC1O,35.348
CC1CC(CO1)C#C,30.504
CN1C2CN3CC1(C)C23,32.276
N=C1NC2=C(ON=C2)O1,24.884
OC12CC3OC1C23C#C,30.059
CC1CC2(COC2)O1,28.701
C1CC(=C(C1)N)C(=O)N,34.268
C1=CN(C(=O)C1=O)C=O,26.167
Cc1c(ncc(n1)O)O,29.81
OCC1CC=CC2OC12,31.64
CC1(C)CC(=N)OC1=O,32.787
CC12CCCC(O1)C2=O,31.47
CN(C)c1c[nH]nc1N,34.544
C1OC2C3C4OC13C24,21.702
O=C1CC2OC3C(O2)C13,25.14
CN1CC1(CC#N)C#N,32.252
C(CO)COCCO,34.481
NC1=CNN=C(O)C1=N,30.933
CC1=C(N)CCOC1=N,33.828
c1[nH]c(c(n1)C=O)N,25.888
CN1C=NOC1=N,22.06
CCC1(C)OC1C(N)=O,37.31
OC1C2OC3C2OCC13,26.471
OCC1CN1C(=N)C=O,31.683
CC#CCC(N)C#N,32.271
CC(C)(CC=O)C1CC1,38.708
C1CC2CC(CCO2)O1,29.931
CC1CC2(C1)CCOC2,34.282
CC(O)C(C)OCC#N,37.63
CC1C2OCC(C#N)C12,30.808
CN1N=C(C)N=CC1=N,31.163
C1C2C3C4C5OC5C13N24,24.32
CC12COC1CC1CN21,30.701
CCC#CC1CC(=N)O1,33.229
COC1C2CC2C1OC,34.374
Cc1c(ocn1)CO,27.397
CC(=O)C1COCO1,27.72
CC12CN1C(C#N)C2O,32.309
Cc1c2c(no1)ocn2,24.845
CNCC(=O)OCC=O,34.487
Cc1cnc(c(n1)N)F,30.046
c1c(nc([nH]1)N)N(=O)=O,27.57
C1CC1(CCO)CO,34.346
c1c(onn1)CCO,26.24
CCC12CC1C(C)C2C,39.074
CC1=[NH+]CC(N1)C([O-])=O,30.98
C#CC1CC2CC(C1)O2,30.74
CC1N2C(CC12C)C=O,34.457
CC1(C)CC2CC12C#C,36.784
CC12C3C4C5C(C5N13)C24,26.7
C1C2C3COCCC1N23,29.018
CC1(O)CC2(C)COC12,35.884
CCCCCOC(=O)C,39.075
Cc1c(c(no1)NC)N,34.499
OCC1=CCC2(CN2)C1,33.402
CC(=O)OC(C)(C)C#N,36.381
CN(CC(O)C#N)C=O,34.272
CNc1c(c(c[nH]1)O)O,34.762
CC(COC1CC1)C=O,36.145
CC1(C)C2C(O)C(=O)N12,34.03
O=C1COC11C2CC1C2,28.059
CCCC(C)C(F)(F)F,36.659
C1C2CC3CC=CC2C13,28.321
CCN1CC11CC2OC12,32.766
CCC#CCCCOC,39.644
CC(NCCC#N)C#C,36.795
C1C2CCN=COCC12,30.994
CC1OC2C1C2(O)CO,34.064
Cc1cnc(c(=O)o1)N,30.548
CC1CCOC2CN1C2,32.626
N=C1COCC(O1)C#C,30.333
COC(C)CC1(O)CC1,39.647
COc1cnc([nH]1)CO,31.929
COC1CC(C1)C(C)C,39.597
CC1(O)C2CC11CCC21,33.813
CC1OC(C)C(C)=C1C,38.643
CC(O)C1=NNC=C1N,34.106
C1CC12CNC(=O)C2=O,29.304
OCC(=O)N1CC1C#C,32.877
OCCC1C2OC1C=C2,31.521
OC12CC=CC3OC1C23,28.849
C#CC#Cc1ccco1,28.518
CC1C2C3N2C1C3=O,25.06
CCOCC1CCO1,31.514
O=CC1CNC(C1)C#N,30.415
OC1CCC(C1)OC=N,33.781
C1OCC2C3OC2C13,23.495
OC1C2COC1OC2,24.859
CC1OC11CN2CCC12,31.836
CC(C)C1CCC2CC12,36.869
Cc1c(noc1CO)C,33.649
CCCCC1OC1C=O,36.112
CC1(CO)OC1(C)CO,39.102
C1C(CO1)CCC=O,29.268
CCC(CO)C1COC1,37.393
C#CC(=O)c1c[nH]cn1,27.685
CC(C#N)C1CO1,25.223
OC1CC2=CC3OC3C12,28.116
C1CCN(C=CC1)C=O,31.621
CC#CC(C)C(N)=O,33.827
Cc1c(c[nH]n1)COC,33.377
O=COC12CC1CC=C2,29.603
C1OC1C12NC1C1CC21,29.555
CC(=O)C12CCC1OC2,32.218
CC1C(C#N)C1(O)C#N,32.592
CCC1C2C3CC3(C)C12,35.496
COC12CC(=O)C1C2C,33.947
CCC12OC3C1C(=O)C23,30.092
CCCC(=O)OC1CC1,36.022
NC1CC1(C#N)N1CC1,33.462
CC(O)C1=C(C)OC=C1,34.327
Cc1[nH]c2cn[nH]c2n1,27.431
COCC1OCC2CC12,32.839
COCCC1CCC=C1,35.546
O=CC1CCOC1C=O,30.468
CC(O)C12CC(=O)C1O2,32.622
CC1NC1C1CO1,26.014
C#CCCn1ccnc1,30.747
C#CCC(=O)C(=O)C=O,31.798
COC(C)CCC(N)=O,39.11
N#CC12NC1C1CNC21,28.005
[NH3+]CC1=C[N-]N=CC1=O,28.531
OC1C=CC2=C1NN=C2,26.994
NC1=C(C=O)N=NO1,26.976
COC(=O)CC(C)O,32.638
CCCC1(C)CC1C,37.648
CC1(CC1)CCC2CC2,38.53
N=COC1COC(=O)C1,29.234
C1CC2C3C4C(C3O1)N24,25.892
Cc1c(oc(=O)[nH]1)OC,31.953
c1cnc-2ncnc2[nH]1,22.539
C1CN(C1)CC#CCO,34.738
C#Cc1c([nH]cn1)CO,30.913
C1CC(O1)C1=NNC=N1,26.599
c1c(ocn1)N,18.0
NC=[NH+]CC(=N[O-])C#N,32.257
O=C1OC2C(CC#C)C12,29.61
CC1COC1(CO)C#C,35.708
CCC12CC1(O)C1CN21,33.905
C(c1c(c([nH]n1)O)N)O,33.351
OC1(CC2CN2C1)C#C,32.684
O=COCC1CCC=C1,31.42
N#CC12CCC(OC1)O2,27.224
CCOC(=O)C#CC#C,33.467
CC1C2COC2C2CN12,30.139
CN1CC2(O)C(C#N)C12,32.357
O=C1CC2OCC2N1,24.474
c1cc(n(c1)C(=O)N)O,29.829
Cc1cc(ncn1)OC,30.311
CC1C2C3C2(C)OC13C,35.095
COC(C#C)C1CC1C,37.871
O=C1OC2CC12CC#C,30.069
OC1C(CC1C#N)C#N,30.636
c1cncc2c1nco2,22.377
c1cnc(nc1)C(=N)N,28.099
Cn1ccc(c1C#C)N,34.262
COC12CC1N(C)C2C,36.795
CCC12C=CCC1C2C,35.907
CN=CNc1[nH]ncn1,29.264
CC1C(O)C(C)C11CN1,37.013
CC1C2C3OC4C3N1C24,26.471
c1(c([nH]nc1O)N)N,29.243
CC1=CNC(=O)CC1=O,30.521
CC(=O)CCC=O,27.576
OCC(O)COCC#C,37.238
CC1CC(=O)CC1=O,28.588
COC1CC(C=O)C1C,35.746
COCC(NC=O)C=O,34.111
[O-]C(=O)C[NH+]1CC=CC1,30.42
CCCc1ccoc1,29.069
Cc1coc(n1)C(=O)C,30.806
CC12CC1(O)C(CO)O2,35.064
CC1(CCO)CC1O,35.115
CC12CC1N1C(CO)C21,33.904
CN(C)C1COC1C#C,35.56
N=C1OCC1OC=O,25.265
CC1NC11C2CC2C1=O,31.277
C1CN(C=N1)C(=O)C#N,27.481
CCCC(C)C(C)C#N,40.641
COCC1(C)C2CC1C2,35.372
CC1CC=CCOCO1,33.58
COC12CC(C1)C=CC2,32.357
CC12CC3C1C(O2)C3=O,29.003
CC1C2CC2C(=O)C1=O,30.473
OC1C2CNC(C#N)C12,29.508
COC1COC2(C)CC12,34.44
OC1C2C(O)CCC12O,33.902
CCOC(C=O)C1CO1,34.479
CC#CCN=CNC=O,34.085
C1C2OC3=NCCCC123,28.342
CC#CC#CCC1CC1,35.457
CC12OC34CCN(C13)C24,28.886
CC1OCOC(C)C1O,35.207
COC1=CON=CC1=N,28.845
CNc1c(cnn1C)O,33.821
CC12C3CC1C1C(C3)N21,29.073
CC#CC1CN=C(C)O1,33.228
CC(C#CC#N)C1CC1,33.876
C1OC2COC3C1C23,23.048
C1C2N1CC1=C2ON=C1,24.681
CC12CC(C1)COCO2,32.072
N=C1COCC=CCO1,30.498
C1OC2CC3OC1C2O3,24.835
CN=C1NC(=O)OC1C,31.894
C1OC1C1=CN=CN=C1,25.906
CC1(C)NC(=O)C1(C)O,38.297
CN1C2CC1C2(C)C#N,33.342
OC12C3C4C1NC2CN34,26.977
CCC1(C)CCCC1C,40.71
NC1=COC=NC1=N,25.066
C1C=CCNC=CC1=O,31.075
CC12CC(O1)C2(C)C#C,35.191
CC1N2C3C2C1(O)C3=O,29.929
CCC1C2OC(C)C12,31.46
CCC1CC1CC,31.674
CC1=C(NC=N1)C1CN1,30.831
C1C2CC3CC=CC2C13,28.321
CC12CC1C(C2)=NO,29.969
ON=C1COC2CC1C2,30.156
CCCOCC(C)C#N,38.331
CC1CC2OCCC12C,34.871
NC(N)=[NH+][C-](C#C)C#N,35.786
CC#CC12NC3C1OC23,29.507
CC(O)C(O)CCCO,41.691
OC1C2OC=NC1C2O,29.089
c1(c([nH]c(n1)O)O)N,28.682
C#CC12NC3C1OC23,24.494
CCCC1CCC1O,34.236
Cc1cc(ncc1F)C,31.166
CC1CCC2CC(C1)O2,33.186
C1C2OC2C2=NC=CN12,24.528
CC1OC2C3NC3CC12,30.206
OC1C2CCC1C(=N)O2,29.401
N=C1N=NOC=C1C#N,32.206
C1CC2OC(C1)C=C2,25.465
CC(C)(C=O)OC=NC,38.158
C1CC12CC3(O2)CC3,29.068
COC(C)(C=O)C#C,33.127
OC12CN3C(C=C1)C23,24.997
OC1COC11COC1=O,28.868
NC12CC(C1)OC2C#N,30.06
C#CC#CC#CC1CN1,31.43
c1c([nH]cn1)C#CC=O,26.994
[NH3+]CC1=N[N-]C(=O)O1,28.55
CCC#CC(C)(C)C,38.19
CCOC(C)C(C)(C)O,43.802
CC(C)(O)C1C2CCC12,37.531
CC12NC1C(C=C2)C#N,30.483
CC(C)C1OCC1(C)O,39.483
C1CCC(C1)C2CCC2,34.765
Cc1nc([nH]n1)COC,32.115
CC1C(O)C1CCC#N,36.033
C1CC1C1COCCO1,32.118
C1CC11CC2COC2C1,30.801
C(COCC#CC=O)O,34.126
N=C1OC2CC1OC2=O,24.992
C1NC11CCC11CN1,28.49
CC1NC(C)(C)C1=NO,38.404
CC1C2CC1(O)C1CN21,32.201
CC1CC2OCC12C=O,31.9
O=CN1CC(C=C1)C#N,28.563
COC1(CO)CNC1=O,33.92
C1COCCC1N2CC2,32.578
COC1C(=O)CC11CN1,32.561
COC(C#N)C1CC1,30.385
CC1CC(C)C(=N)O1,30.661
CCC(O)CC1CC1C,41.038
CC12CC3(CN3)C1(C)O2,34.661
OC12CN3C(CCC1)C23,31.031
CC1C(C)N1CCC#C,38.8
CC1OC2CN3CCC123,30.88
CC1=CC2CC1(C2)C=O,31.632
CC1(CC1)C#CC1CO1,34.269
O=C1NC2(CC#N)CC12,29.066
CC1CCC(=O)C(C)O1,35.051
C1NC1C1=CC2CC1C2,29.887
CN1CCC(=O)C12CC2,33.036
CC12OC(C=C1)C2=NO,31.023
CNC(=O)C#CCOC,35.881
COc1cc(n[nH]1)N,28.701
CC1C=CC2C1NC2=O,30.381
CCOC1(C)CC1CC,41.029
CCc1c(oc(n1)C)N,34.826
CC1=C(C)C(OC1)C=O,33.938
COC(=O)n1cncn1,26.815
CC1C(C)N1C1COC1,35.574
OC1CC11CC2CC1C2,31.866
c1coc(c(c1=O)O)N,29.223
CNC1=CC(=O)NC1=N,31.518
ON=C1C2NC2CC1O,31.143
CC1=NC2(CC2)CO1,28.109
CC12CC3CC1C2(O)C3,32.495
CC1C(O)C2OCCC12,32.564
OCCC1OC1C#C,30.984
OC12CC1(OCC2)C=O,30.743
CC1CN2C(CO)C12C,36.94
COC12CC1C(C)=CC2,34.644
CC#CC1CC2CC12C,35.806
OC12CC1C1C2NC1=O,29.447
Cc1nc(no1)N,22.978
N#CC12CC1CC1NC21,28.522
CC12CN=CN1C2CO,32.694
CC1CN1CC#CC#N,32.974
C1=CC23C=CC4C2C1C34,25.705
CCC1CC=CC(=O)N1,33.188
c1c(c(noc1=O)O)N,29.354
CC1CC(O)C2(O)CC12,35.782
OCC(O)C(=O)NC=O,32.864
CNc1cnoc1NC,33.001
CC12C=CCC3OC1C23,29.904
CN(C)C1COC1=O,29.406
OC12CC1(C=O)C1OC21,29.118
C1CCC(CC1)OC=O,32.783
C1CC2(C1)CCNC2=O,31.372
C1C=CC2CCCOC12,30.268
C1C2OC34CN(C3)C1C24,26.543
CC1C2CC3CC3OC12,31.924
CC1=CC(=O)C(C1)C#N,30.497
COC(C#N)C(C)C#N,34.508
COCC(=O)OCC#C,34.641
CN(C)CC#CC=O,31.972
CC12COCC1NC2=O,30.614
CC1CC(C)(C)C1O,36.211
CC1CC(C=O)C=C1,29.386
COCCc1ccn[nH]1,32.037
CC(O)C1(C)CC1C,37.158
N=C1NC(=CN=C1)C#C,28.711
OC12CC1CN1CC21,27.233
OCC12CN1CC2,25.42
C#CC12OC1C1CCC21,29.989
CC1COC(=O)N2CC12,30.216
CC(C)OC(C)C#C,36.377
C1CC23CCC2OC13,26.269
C(=O)C#Cc1nnon1,24.814
O=CC1(CCC#C)CN1,34.17
C1C2OCC3NC13C=C2,27.744
CC(C#N)C1(CO)CO1,34.279
CC1CCC11CN1C=O,33.538
CCCCC1CC2OC12,35.645
CC12NC1C(=O)C2CO,33.093
COC1C2CC1C(=N)O2,29.943
[NH3+]C(CO)C([O-])=O,26.524
CNC1C(OC1=O)C#C,32.078
CCCCCOCCC,42.364
CC1(OC1CO)C#N,30.092
CC1OC2C=CCC12C,33.326
CC1(C)CC(=N)O1,27.264
C1CNC(=O)C1=NO,26.545
O=C1CCOC2CC2N1,29.787
C[NH+]1CCC1C([O-])=O,28.534
CC1CC1C([NH3+])C([O-])=O,35.429
NC(=O)C(O)C(=O)CO,34.228
CN=C1OCC(=O)C1O,31.535
COC1CCCC1C#N,33.289
C1CN(C1)C(=O)C=O,26.91
OC12C3NC1C3C2C#C,30.087
c1c(=O)c(c([nH]n1)N)N,30.554
CC1=CC(O)C2C(O)C12,33.166
[O-]N=C(C=O)C1C[NH2+]C1,30.723
OC1C2COCC12C#C,31.284
OC1C=CCC(=O)C=C1,31.01
N=C1OC2(CC2)C1C#C,31.428
CCC1(NCC1C)C#N,36.167
CC(C)OC1CCC=C1,36.589
CCC#CC(O)CC#C,38.303
Cc1cc2c(o1)nc[nH]2,27.164
CCC(=NO)CC,31.175
CC(=O)C1CN=C(C)O1,32.654
CC1(CN1)C#CC1CC1,35.024
O=C1C2CCOCC1O2,28.144
CC(C)C12OC3CC1C23,33.418
OC1CC2COC(=O)C12,28.873
Cc1c(cnnc1F)F,27.052
CC1CC2(C)OCC12O,36.324
CC1C(C)N(C)C1C#N,36.48
CC1CC2(O)CCCC12,35.443
C1C2OC3C1OC23,18.624
Cc1cnc(=O)[nH]c1N,31.238
C1CC12COC(=O)CO2,29.552
CCC1(C)OCCC1=O,35.755
C1C=CNC(=O)C(=O)N1,28.95
OC12C3OC1COC23,24.224
CC1CC(C)=CC11CC1,36.279
O=C1CCC2CC2O1,25.637
CC12CC(CC1(C)O)O2,35.443
CC1C2C1C1=CC=NN21,27.73
CC1CCN(C1)C(C)=O,35.566
c1c[nH]nc(c1=NO)F,28.367
O=C1CN2CCC(C2)O1,27.716
OC1C(CC1=O)C#C,29.238
CC1C(O)C(=O)N1C=N,33.031
O=CC1CC2OC(=O)C12,27.396
CC12CC3CC(C1)OC23,29.88
CN1CC1(C)CCC#C,38.998
CCC1CCC1O,29.551
CC1C(O)CNC1C#N,34.063
CCC12CCC1OC2=O,31.734
OC1C[NH2+]C1C([O-])=O,27.06
CCC1OCCCCO1,35.359
CC1CC2CC(=NO)C12,33.587
N#CCC1C2CCC1O2,29.183
CC#CC12CN(C1)C2C,34.04
c1conc(c1=NO)N,29.986
O=C1C2CC3(CCC13)C2,28.695
Cn1ncc(n1)N,23.372
CC1CC2C3CCC1C23,31.697
C1CC11C2CC2C11CO1,30.957
CC1=CCOCC=C1,28.963
COCC1=CCOC1,29.337
OC12COCC11CC2O1,28.948
CC1(C)OC1(C)CO,35.72
CC1(CO)C2CC1C2O,35.735
Cc1cc(c[nH]c1=O)N,32.221
CCC(C)C1OC2CC12,36.386
O=C1CC23OC4C2C1C34,25.189
CC(C)C12CC3C(C1)N23,33.749
N=C1CCOCO1,22.244
O=C(C#C)C1CNC1=O,30.24
C1c2c(oc(=O)o2)CN1,25.48
c1nc([nH]c(=O)n1)C=O,24.926
CC(O)C1=C(O)C=CO1,33.442
C#Cc1cc([nH]n1)C=O,27.868
c1c(nco1)OCC#N,26.527
CN(C)c1c[nH]nn1,28.035
CNC(=N)C(=O)C#N,28.884
C1COc2c1n[nH]n2,22.141
CC(=N)OCCO,28.474
OC1CC2CC2C11CO1,31.787
CCN(C)C(=O)C=O,31.58
CC1(CO1)C(=N)NC=O,32.422
C1C2CC3OC(C=C3)C12,27.84
Cc1c(oc(=NC)[nH]1)N,35.182
CC1C2C=CC(=O)C12O,31.499
CC1C(C)N1CC#N,31.829
C1COCC2OC2C1,27.032
CC1C=CC(O)C1O,30.723
Cc1ccc(c(n1)C)O,32.985
CCC1C2C3CN3C12C,35.189
CC1=CCCC=CC1,30.731
COc1c(n[nH]n1)C#C,29.568
C1CC23CC4OC2C4N13,26.383
CC(O)C1C2CCC12,31.71
COC1C(O)COC1=O,31.425
CC(C)C1(CC1)C2CC2,39.149
CC1(C)NC1CCC#N,36.929
CC(O)C1(NC1C)C#N,36.464
CCC(C)CC(=O)OC,39.509
C1CC12COC(=O)C=C2,29.203
C#CC#CC12CC1CC2,32.443
CCC12OCC3C1CC23,31.318
C1C2C3C4C5C(C2N34)N15,23.424
CC1COCC2CN12,28.639
CCC1(C)CC2CCC12,37.352
CC1OC11C2CN2C1=O,29.805
c1c(nnc(n1)C=O)O,25.573
Cc1c[nH]nc1C(=O)N,31.617
C1C=CC(=O)COCO1,29.607
CC1(O)C=CCC2NC12,33.535
c1c[nH]c(cc1=NO)O,31.284
C1C=CN(C1=O)C(=O)N,29.744
OC1=NC(=N)N=NO1,28.842
C1OC2C=CC3OC2C13,25.444
OCC12CC1C(C2)=NO,33.423
CCCc1cc([nH]n1)N,35.13
COC1CC2(CC2O)C1,35.601
N=C1CC(CNC=O)O1,31.055
CCC1COC1(C)C=O,36.247
C1CC1C1CCC2OC12,31.568
CC1(CCCN=CO1)C,35.528
COCC1NC1C(C)C,39.462
C1C=CC2OCC=CC12,28.949
CC1=CNC(=O)COC1,31.658
O=C1CCC2CC2CN1,31.502
CCC1(CC(C)C1)C#C,39.131
O=COCC(=O)C1CN1,30.688
CCC1(C)C2CCC12,33.153
OCC(O)C1(CO1)C#N,32.694
OC1C=CC(O)C1C#N,31.239
C#Cc1ccnoc1=O,27.043
C#CC12C=CC3CN1C23,28.531
C1CC(=O)COCOC1,31.195
N=C1NC(=CN=C1)C#C,28.711
CCCN=c1[nH]cno1,32.223
CC#CCOC=O,26.059
OCC12CN1CCC=C2,32.754
OCC1CCC=CC1,30.791
C1CC2OC=NCC12,25.252
CCOCC#CC1CC1,36.528
c1c(cc(nc1O)O)O,28.95
C1CC1(CC#CCO)O,36.439
CC12COC(C1)CCC2,32.98
c1c(onn1)C(=O)CO,28.056
CN1CC2C(N)C12C#N,33.258
CC#CC#CC1(CC1)C,36.517
O=CCN1C2CC1C2=O,29.4
CC1CC2(O)CC2C1C,36.968
CC(C)C(O)C#C,31.694
CC(=O)C1CCOC1=O,30.63
CC1COC11C2CC1C2,31.669
CNCC(C)(NC)C#N,39.591
CN(CC#N)CC1CO1,33.982
CC1(C)CC2C(CO)N12,36.871
CC12CC3C4CC1C4N23,28.709
CC1CCOC(=O)CO1,32.094
OC1CC(C2CC2)C1=O,33.315
c1cn2c(c1O)CCC2,30.072
c1c(c(n[nH]1)OC=O)O,28.377
CC1CC(C1)NC=O,30.978
CC12CN(C1)C2C1CN1,32.384
COc1cnc2n1CC2,29.025
CC1C2C(C)C1C2(C)O,38.302
CN=COC12CC1OC2,32.002
c1cc([nH]c1C=O)C=O,27.804
CC1CC(CO)C1O,33.681
CC1CC(=O)C2CN12,27.648
[NH3+]C1CC1(CO)C([O-])=O,33.142
ON=C1CC2C3OC1C23,27.758
c1cnn(c1)C(=O)C#N,25.322
[NH3+]CC1(CC(=O)[N-]1)C#N,32.217
C1C2C3OC22CC=CC132,26.519
c1cn2c(n1)COC2=O,23.57
COC1=NC(=N)N=NO1,34.138
CC1(C)NC1CN1CC1,37.405
CC1CC2COC1O2,26.335
CC1C2OC3C4C3N1C24,27.085
CN1C(=N)NCC1=O,27.343
C#CC1COC2CCC12,31.222
CCc1cnn[nH]c1=O,29.251
C1N2C3CC=CC=C1C23,28.154
OCC1CC2=CN=NN12,27.74
C#CC1OCC11CCC1,32.522
c1c(c2c(o1)OCO2)N,27.857
CCN1CC1C(C)=O,32.538
CC12CC1(O)C(=O)OC2,31.664
COC1C(C)CC1C#C,36.848
CC1(CN1)C(=O)NC=N,33.453
c1cc(nnc1N)N,26.968
CCC#CC1(CC1)C#N,34.585
c1c(c(=O)[nH]nn1)N,24.603
COC1C(O)C1CCO,37.478
CC12CCC1CCCC2,35.337
CC1C(C#C)N1C=O,29.647
C#CC1(CN2CC12)C#N,30.1
CCC#CC1(CC)CN1,38.235
COC1CCC1(O)C#C,36.26
CCCC(O)C1COC1,37.405
CC12CC(C1)OC(=O)N2,30.707
C1OC2C1C1C3OC2C13,25.241
CN1CC11C=CNC1=O,31.06
NC1=NC=NC(=N)O1,24.366
OC12C=CC3C1CC23,25.663
O=C1NCC11C2CC1O2,27.963
N#CCC12OC1CC=C2,29.021
OCC(O)C1(CN1)C=O,34.197
NC12CC1OCC2C#N,31.027
CCCC1C(O)C1(C)O,40.871
CC1C2(O)CC1(C)OC2,35.618
C1CC12CCOC(=O)C2,30.917
CC1CC(C)=CC1=O,30.242
CN1CC2CC3C(O2)C13,29.298
[NH3+]CCOC1=CN=N[N-]1,29.91
C1CC(=O)CN=COC1,30.317
COC1CC2=CCOC12,31.0
OC(C#C)C1CC(=N)O1,32.733
CC12CC(C1)C2CC=O,33.668
CC(=O)NC(=O)C(=N)N,34.074
CC(CO)(CCO)C#C,40.257
CC1CC2(O)CC12C=O,33.997
OCC(O)CC(=O)C=O,34.482
C#CC1OC11CCOC1,30.958
NC(=O)C(=O)COC=N,32.539
COc1nc(co1)O,26.022
Cc1c(=O)oc(cn1)O,29.225
COC1C2CC3OC1C23,29.239
COc1c(nccn1)F,27.096
CN1C2C3C4N3C2C14C,30.029
OCCC1CC2CC2O1,33.655
CC12CC1CNC2C#N,32.071
N=C1OCC(CO1)C=O,29.316
O=C1CN2CC2C11CO1,28.169
C1C2(CO1)C3(N2)COC3,29.745
CC(O)C(C)(O)C1CC1,40.798
CC12CN1CCC(O)C2,35.045
C1C2C3C=CC2N13,19.769
OC1(CC(=O)C1)C1CO1,32.404
c1c(cc(cc1O)F)N,30.793
CC12COC1C(O2)C#N,29.74
N#CC12CC3N=CN1C23,25.116
CCCCCC#C,31.737
CC1CN=C(N)C(=O)N1,32.887
CC#CC1C(C)C1C,34.837
O=CC1(CO1)C1CCO1,30.31
COC1(C)C2CC2C1C,37.477
CC1(CC(C1)C2CC2)C,38.398
CC1OC1C1COCO1,31.185
CCc1c(noc1N)C,35.005
CC12CC(C1)CC2C#N,31.764
Cc1coc(=O)cn1,24.768
C1CC23CCC=C2CC13,30.684
Cn1c(c(c(n1)O)N)O,32.94
OC12CC3C(C1)C3OC2,29.531
CC1C2C1C1(CC1)C2=O,32.305
CC(=O)C12CC3C(O1)C23,29.86
CCOCC(CO)C#C,39.224
CN1C2C=CCC12C#C,32.529
C#CC1NC=NC1C#N,29.073
CC1CC=CC11CN1,29.429
CC1CC2OC1C2=NO,31.443
CC12COC(C1)C1NC21,30.088
O=C1C2OC3CC1OC23,24.407
N=CN1CC2NC2C1=O,28.399
CN1C2CC(=O)C(O)C12,31.693
CNC1CN=C(N)C1=O,33.26
C#Cc1[nH]c(=O)[nH]n1,24.74
OCC1C2CC1C(=N)O2,30.143
CC1OC(=N)C1CCO,35.205
CCC1CC(C1)OC,33.991
C1C2C3CC4C(O3)C4N12,25.859
CC(=O)C1CC(C1)(C)C,38.428
CC1C2CN2C1C#N,27.496
COC1(C)CC(O)C=C1,35.996
C1C(=C(CO1)C#N)CO,30.746
CCC12COC1C2C=O,32.872
CC(C)CCCN1CC1,40.351
CC1C2CC1C(O)CO2,33.221
c1c2c(on1)CC=CC2,26.182
N=C1NN=CC=N1,19.553
N#CCNC1CC2CC12,31.794
COC1CC(O)C2CC12,34.14
CCC1=CCCC11CN1,34.594
CCC1CC2CC(C1)O2,33.394
C1NC11CC2=CCOC12,29.04
C(=N)Nc1[nH]nc(n1)N,29.672
CCCC(O)C(=O)CO,38.289
O=CC12CC1C(=O)C=C2,28.024
C1CN1C12CC1N1CC21,30.246
CC1CC2=COC(=N)N12,29.831
O=C1NC2CC2NC1=O,28.261
CC(=O)C12C3C4C3C1C24,29.552
c1c(nc(o1)C(=N)N)N,31.039
CCOCC1C(C)C1O,39.053
CC12COCOCC1N2,31.777
CC(C)C1CCCOC1,37.493
CCn1c(cc(n1)O)O,32.942
CC1N=C(N)OCC1=O,32.388
CC1CCC2C1CC2=O,32.659
CC1(O)CCC11CO1,31.307
O=C1C2CC1C(=O)CC2,28.636
CC1(C)C2C3OCC1C23,32.25
CC1COCC2CC12O,34.379
CN1C2CC2(C#C)C1=O,31.8
OC1(CC1(O)C=O)C=O,32.416
COC1CCCC2OC12,32.696
CCCC(CCC)CO,43.447
CC1=C(C)C2CCC2C1,35.072
[O-]N=C(C#N)C1C[NH2+]C1,29.411
N#CC1CNCC2CN12,29.854
CNc1cc(no1)N,28.795
CC(C#N)C(C)C1CC1,37.513
O=CC12NC3C(C13)C2=O,26.91
CC(CC#CC=O)C=O,34.261
CCC1CNCC(=N)O1,34.042
CN1C(=N)CCC1=O,27.606
CC12OCOC1C1OC21,28.597
CC12CCCC1C2C=O,33.648
CC1C2CCC(C)C12,32.088
CN(C=N)C(=O)OC,30.305
CC(=O)NC(CN)C#N,35.957
CN1CC1C1(CO1)C=O,32.688
c1c(ocn1)NCC#N,27.631
CN=C1OCC2C(O)C12,31.486
C#CC12NC3CC1NC23,28.366
CC1C(O)C2CC(=O)N12,31.735
CC(C)(CO)C(=O)CO,40.232
CC12CCC1C2(O)C#C,35.558
c1(c(c([nH]c1N)O)O)O,34.831
C1OC1C1(CO1)C1CO1,30.122
CC1CC(=O)OCCO1,32.054
NC(=O)C(C#C)C1CN1,34.039
CC(C#C)C1OC2CC12,33.765
CC(=O)C12CC3C(C1)C23,31.184
CC1CC2CC3C1C23O,32.685
CCc1cc([nH]c1)CO,34.926
COC1CCOC(=N)C1,32.989
N#CCN1CCC1C#N,30.235
CC1CC=CC1(O)C#N,33.482
CC1N(C)C1(C)C#N,33.112
CC#CCC1CCC1,32.475
CC1C=CC2(NC12)C#C,32.526
CCC(C)CC(C)CC,45.279
NC(=[NH2+])C1(CN1)C([O-])=O,35.399
C1C=Cc2c1[nH]c(n2)O,27.671
CCC(=NO)CO,29.764
CC1(O)CN2C=CC=C12,31.517
ON=C1CC2C3CN2C13,28.044
CC(C#C)C(O)C1CO1,35.912
CC1(O)C2C3NC3C12,29.393
c1nc(on1)C2(CC2)N,28.955
OC1CC1C1CCC=C1,33.517
C(COC(=O)C#N)C#N,29.591
CC(=O)C1C2CC=CC12,31.622
OCCC(O)C#CC#N,34.562
CC1OC2CCOC12,27.236
CC1(C=O)C2CC3C2N13,30.303
NC1=NOC(=N)C=N1,24.901
C1CC(=C(C1)C=O)CO,33.048
O=C1C=CC2=CCOC12,26.23
CC1(O)CCCOC1,31.452
CC1(O)CC=CCC=C1,35.492
Cc1[nH]nc(n1)NC,28.902
C1C2C3OCOCC1C23,28.13
CCC1=CON=NC1=O,35.319
C#Cc1c(oc(=O)[nH]1)O,29.806
c1c(oc(=O)c(n1)O)N,28.82
C(#N)C(=N)NC(=N)C#N,29.21
CC(=O)C(=O)C(=O)N,29.751
Cc1c(c[nH]c1O)C=O,32.265
C1CC1C2=NCC(=O)N2,29.68
N=COC1=NNN=N1,22.047
CC(O)C(C)C1COC1,38.057
C1CN(C1)C(=O)N2CC2,31.214
CC(O)C1(CCO)CC1,39.888
CC(C)(C)CCNC=O,40.878
CC1CC=C2C3CC3C12,31.602
O=C1C2CC1(O2)C#C,25.37
C1CC(O1)C1=CC=CN1,29.196
OC1CC23CC(O2)C13O,30.749
CN=C(N)C(C)(O)C#N,37.66
C1C2C3C=CC=CC1N23,27.499
CC(NC=O)C(O)C=O,34.884
CC(O)C1CC2CC12C,37.768
CC(C)(C)C1CO1,30.942
CC1(O)C2NC(=O)NC12,32.399
c1[nH]c2c(n1)COC=N2,24.586
CC(=O)C1CC2CC1C2,32.142
CC12CC(CC#N)C1O2,32.162
CC1(C)CN2CC(C2)O1,33.862
N=C1NC=NC1C1CN1,29.457
CCN=COC(=O)C#C,33.773
Cc1ccc(n1C=O)O,30.309
c1c(noc1NC=N)O,29.035
C#CC12CC1NC2C#N,30.455
Cc1conn1,17.814
OC1CCC1C1CO1,29.05
OCC12C3CN1C(=O)C23,28.668
c1cn2c(noc2n1)O,24.054
CN1CC2C3C4C(C13)N24,27.717
COc1cccc(n1)F,28.058
CC1C2(C)CC1(O2)C#N,33.242
CC1(N=CNC1=N)C#C,32.546
CC(C#C)C1OC1C=O,33.918
NC1COC2=C1N=CO2,27.064
O=CC12CC(C1)C21CO1,29.394
CC1CC2N(C=O)C12C,34.254
CCCC(C=O)C=O,32.211
C1CC1c2c(n[nH]n2)N,30.601
CC1(C#C)C2C3CC2C13,32.122
CC12CC1N1CC(O)C21,32.615
CC1C2CC2(CO)C1=O,33.634
O=C1CC(CCC#N)O1,30.091
O=CC1CC11CCC1=O,31.04
OC1C2CC1C21CCC1,32.453
OC1(CC1(O)C=O)C=O,32.416
NC(=O)C1CCC1CO,35.878
OC(C#N)C1=CON=N1,26.946
CN1CCC2OC(=N)C12,30.533
CC1(CNC(=O)O1)C,29.588
CN=c1ccnccn1,29.161
OC12CC1C1N=COC21,27.583
C1CC23CC(COC12)O3,28.455
OC1(CN2CC12)C#C,28.634
COC12COC3C1NC23,29.108
CC1OC2C(=O)NC12C,32.457
C1C=C(CC1=NO)CO,33.589
C(CC(=O)CO)C#N,30.303
CC1OCC2OC3C2C13,29.433
c1c2c(c([nH]1)N)nno2,27.289
CC(O)CC12CC1CO2,34.894
CC#CC1(C)NC1C,34.379
Cc1concc1=O,24.849
CC1OC(C)(C=C1)C#C,35.439
Cc1coc(=O)nc1C,30.58
CC12CC1C(O)C(O)C2,34.885
CCC12OC1(C)C1NC21,33.95
CC(O)C#CC(C)O,35.341
CC(O)C1(N)COC1=N,35.418
CC12CC(O)(C1)COC2,34.106
NC1=CC(=NO)C2CC12,31.94
ON=C1C=CC2CC12,26.128
c1c(cncn1)CCO,29.557
C1C2OC2C2=CC=CN12,25.847
c1c[nH]nc1COC=O,28.036
CC#CC(O)(CO)C#C,38.131
CC12OC1C1CC2C=C1,29.445
C1CC1C2(COC2)O,29.823
COC1CN2N=CC=C12,28.48
CC12C3C4C3C1(O)CN24,30.244
CC12CC3C(C1)C23CO,33.995
CCC1(C)C(CO)N1C,41.134
C1OC1C1OC2CCC12,29.753
OC1C=CNC(=O)C=C1,29.864
CCCC1CC1C1CO1,36.347
N#CC1C2C3NC3C12,24.471
N#CC1NCC11COC1,29.554
OC1CC(O)(C1)C1CN1,34.12
CN1C=NC2CCN=C12,28.812
CC12CCC1N2CC#C,34.877
CCC1(OCC1=O)C=O,32.827
CN1CC1(C)CC(C)=O,38.778
CC(C)N(C=N)C=O,32.112
CC12CC1NC(=N2)C#N,30.528
CN1CCCN=C1C=O,31.956
CC1N2C3C(O)C2C13O,32.08
CC1NC1(CC=O)C#C,35.453
C(COCC=O)C=O,30.167
CC1=NCC(=O)N1C=O,29.367
CC1C2C3C1=CCC23O,32.082
CC1(CCC1CO)C#N,35.622
COC1(CC1)C1CO1,30.487
OC1CCCC1(O)C=O,33.719
CC1(CO1)C#CCO,31.357
CCOCC1COC=N1,32.731
CC1COC(=N)CN1C,34.231
CC12COCC(N1)C2=O,30.532
NCC1=NC(=N)N=NO1,35.716
CCC1CC1C1CC1O,37.639
ON=C1C2CC3CC2C13,28.639
c1c(c(n[nH]1)O)C(=O)N,29.083
CC1C2C(N2C)C1(C)O,37.838
CN(C=N)c1ccoc1,30.827
c1c2n(nn1)C3(C2)CC3,26.83
CC1CC2C1C21CCO1,32.643
CCC1(CN1)C(=O)C#C,34.925
C1C2C3OC4OCC13C24,24.733
CCC1CCC(CC)O1,38.114
CC(=O)C1(C)C2CCN12,34.492
CCc1c(c[nH]n1)C=O,30.697
CCC1=CCCCC1=O,33.917
C1CN(C1)CC(F)(F)F,30.595
N#CC12CNC3CN1C23,26.952
COC12CC1C1OC1C2,30.998
CC1N=C2NC3C2C13N,31.729
CC1CC(C)C(CO)O1,37.02
COCC1=CCC(=O)C1,33.022
N=C1OC2CC1(C2)C#C,29.253
CC(O)C1=CC=C(C)O1,34.488
CCC#CC1(CC1)C,34.357
CC12C3CCC(C13)C2O,32.855
CN1CC1C1CO1,25.856
CCCOC(=O)CN,33.692
c1cc(n(c1)C=O)C=O,27.338
CC1C2C3C2C1C3C,29.696
CC(O)C#CC(C)O,35.341
CCC12CC3C(O)C1N23,32.706
c1c(oc(=O)[nH]c1=O)N,28.322
c1c(nncn1)CC#N,25.759
CC1CC(C)C(C)(O)C1,40.274
CC#CC(O)CNC=O,36.108
OC1C2OC(OC12)C=O,28.874
OCC1=NOC(=N)C=N1,28.822
CCN1C(C)C1C1CO1,36.499
CC1(C)C2CC(=O)CN12,33.852
CC12CC3CC1C2C3=O,29.616
CC1(C)CC1COC=O,36.613
CC1C(O)C2C1OC2=N,31.494
CNC(=O)C1(CN1)C#N,32.056
CC1OC(=O)CC=C1,27.532
Cc1c([nH]nc1O)C=O,30.541
CC12CC3C(C1C#C)N23,31.415
CC1(C)OC(=O)C11CO1,32.449
CC(C)Oc1nnon1,30.387
C#CC1CC2(CN2)CO1,31.667
CCCC(=NO)CC,36.004
Cc1ccc([nH]1)C(=O)N,32.209
CC1=NC(=N)OC(O)=N1,28.753
CC#CC(=O)CO,27.439
C#CCCC1CC2CC12,34.561
c1cn(c(=O)cn1)C=O,25.747
CC1=NC(=N)NC(F)=C1,29.466
C1CN2C1C21CC2OC12,28.488
CC1NC1C(O)CC=O,36.399
COC1C(C#N)C1(C)O,35.754
CCC(OC)C(N)C#N,38.854
CCC(=NCC)NC=O,37.043
O=C1CC2(CC#C)OC12,30.679
N#CC12C3C4NC1C4N23,24.338
O=C1CC2CCC=CN12,28.852
CC1CCC(=O)C(=N)O1,31.873
CC1(C)CC2OCCC12,34.729
CC1(OC2CC12)C(N)=O,33.265
OC1CCNC(=O)C1,28.652
C1CC=C(C1)CNC=O,32.742
CCCCCCCCC,43.999
OCC12CC(C#C)C1N2,33.149
CC12CC3C4CC1C2N34,28.97
C1C(=CNC(=O)O1)C#N,26.899
COC(=O)C(=O)CC=O,32.284
CC(OCCC#C)C=O,36.864
CN=c1c(cocn1)N,30.699
OC1=CNC(=N)C=N1,25.285
c1c([nH]c(n1)CC#N)N,30.098
CC1(CC1CC#C)C#N,35.221
OC(CC=O)C(=O)C#C,33.26
OC12CC(C1)CCCC2,33.944
OC12CC1C1C(C#N)C21,30.043
COC1(C)C2NC2C1=O,33.308
CC12NC3=CC(=O)C1C23,28.945
CC(O)C1CCN1C=O,34.583
CC1C2C3C1COC23C,32.494
N=C1CC2COC(=O)N12,26.435
CC1C2CC(O2)C1O,28.077
COCC(O)CC(C)O,40.769
CC1CC1N1C=NN=N1,28.866
CC12COC1C1OC21,26.072
NC1CC1(OC=O)C#N,31.898
CCC(C)([NH2+]C)C([O-])=O,38.833
CC1(O)CC(O)C11CC1,37.254
COC1CN=COC1C,33.3
CC1(CN1C(=O)CO)C,36.586
COCC(CC=O)C#C,36.609
CC1C2(O)CC2C1(C)C,39.156
CC1(C#N)C2OCC12N,32.851
CC12CC1OCCC=C2,33.201
C(=N)(C(=O)NC(=O)N)N,33.542
CC(C)C1CCC1,30.648
Cc1c2c(co1)nco2,25.793
CCC(=O)C1CC1(C)C,39.244
Cc1cc([nH]c1)NC=O,32.509
c1cnoc1NC=N,24.697
OCC1CC1(C=O)C=O,33.451
ON=C1CC2C=CCC12,30.285
COC1CCC1(C)O,34.069
CC1(CC#C)NCC1=O,34.881
CC1=C2CC3N(C1)C23C,32.754
C1CC(=CC(=O)C=C1)N,31.921
CC(O)C1(CC1C)C#N,37.172
C1CN1CCC#CC#N,32.061
C#CCCC1CC2OC12,33.071
CC(O)C(C)C1COC1,38.057
CC12CC(CC1O)C2O,35.031
c1nc2n(n1)CCO2,20.969
CC1=CCC(O)C1CO,36.271
OCC1=CC2OCC2C1,31.016
N#CC1NC2C3OC3C12,26.911
C#CC12C3CC1OC2C3,28.98
N#CCC1OC2CCC12,30.02
CC1C2C(CO)CCN12,34.769
NC(=O)C1COC1=N,26.797
OC1C2CCC(=O)C12O,31.686
O=C1CC2CCN=C2O1,26.628
C1NC1C1OCCCO1,31.093
c1coc2n1nnn2,18.655
c1c(n[nH]n1)C(F)(F)F,24.483
OC1C2NC2C11CO1,26.328
OCC1(O)CCC11CO1,34.548
CC1=CC(=O)C2NC12,26.242
CC1OC2(CNC12)C#C,32.699
CC1CC(C)C1C#N,31.576
COC1(CCCC1)C#C,35.951
CC#CC(C)CCO,36.129
OC1CN2C1COC2=O,27.853
CC(=O)C1=CCN2CC12,30.841
O=C1COC2C3CC2C13,26.843
OC12CC1C(OC2)C=O,30.785
N=C1C=NNN=C1C#C,27.967
CCC(C=O)N1CC1C,37.588
Cc1c[nH]nc1OC=O,29.576
CC1(C)COC(O1)C#C,34.848
C1CC1NC(=O)CO,30.666
N=C1N=NON=NC1=N,29.184
CC1(C)CCC(CO)O1,37.658
COC12CC(C1)CC2,29.162
C(C=O)OC(=O)CO,28.959
C1OC2C11NC22COC12,26.922
NC(CC1(O)CC1)C#N,35.209
CNc1c(=O)cnon1,28.946
OC1CN2C3C4C(C14)C23,28.381
COC1CC2CC(C2)O1,31.636
CC(C)CCC1(C)CO1,40.748
CC1C(O)CC1CC=O,36.152
CC1CC11C2NC2C1O,33.432
CC12CC1N(C=O)C=N2,30.076
CC1(O)CC1C#CC#C,36.098
CCC(O)C1(CO)CO1,37.26
COCCC(O)CC=O,37.929
Cn1nc(nn1)N=CN,29.918
c1[nH]c(c(c(=O)n1)N)O,28.784
CCC(C#N)C(F)(F)F,31.995
CC1(O)CC2CCOC12,33.809
CC1CC=CC1(O)C=O,34.266
NC1(C#N)C2NC1C=C2,29.411
C1CC(C1)(CCC=O)O,36.037
O=C1CN2C3CC=C1C23,26.231
CCC1C2CC1(CO)O2,34.872
Cc1[nH]cc(n1)CO,29.208
C1CCN(C=CC1)C=O,31.621
CC12CCC(COC1)O2,31.508
CC#CC(C)(O)CCO,40.952
CC1CC1(C)C(C)(C)C,44.026
CCC1=NC(=N)C=NN1,30.714
CC#CC(C#N)N1CC1,33.465
CCc1c(c(c[nH]1)N)C,37.733
CC1OC1C#CC1CC1,34.012
CC1CC(CO1)N1CC1,33.874
C#CC12CCC3C(O1)C23,29.286
CCCC1(O)CC1C=O,37.583
CC12CCC3N1C2C3=O,29.57
O=CC1OC11CN2CC12,28.896
C1CNc2c1c(no2)N,28.599
CC1C2C3NC3C12C=O,31.406
CC1=C(O)N=NOC1=N,29.664
OC1CCC(OC1)C#C,33.887
CC1C2OC1(C=O)C=C2,30.446
c1c(c(oc1N)N)C=O,31.773
CC(O)CCC(C)=O,35.605
CC1(CO)CCC1=O,31.33
CCOC(=N)C(O)C#N,34.519
CC(C)CC1CC1C#C,39.462
COC(CO)COC=N,36.079
CC#CC(C)COC=O,36.431
CCc1ccnc(n1)C,32.172
CCC1CN1C1CCC1,36.377
CC1CC2CC1(O)C=C2,33.104
CC1N2CC(C)(C)C12C,39.239
CC(=NO)C12CCC1N2,33.641
Cc1cc(no1)C(=N)N,31.407
CC12C3N1C1C3(O)C21C,32.797
CC1OC(OC=N)C=C1,31.808
N1C2C3OC4C1C2OC34,22.643
OCC1COC2CC1C2,32.158
OC1C2CC1C2CC=O,32.106
CC12CC1OC(CO)O2,32.828
NC1CC1(NC=O)C#N,32.658
CC12CCC1N1CC1C2,32.302
CNC1=CC(=O)CC1C,35.103
Cc1c(oc(n1)C#C)C,32.257
C1NC11COC2CC2C1,30.806
CC1(CN1CCO)C=O,36.345
CN=C1NC=C(F)C=N1,29.2
CC1(CN1)C(O)C=O,30.956
C[NH2+]CCOCC([O-])=O,34.922
N=COC(=O)C#CC#C,30.265
CC#CC(OC=N)C=O,34.057
OC1COCCC1C=O,32.04
c1coc(n1)NCC#N,27.87
CC(C)(C)CO,29.797
OC12CC(C1)C(=O)C2=O,28.487
CC1NC1(C)C(N)C#N,37.229
CC1(COCCC1=O)C,34.902
C1NC1C12C3C4C(C13)N24,27.388
Cc1ccc(cn1)OC,31.439
C(N1CC1)C12CN(C1)C2,31.276
OC12CC1OC2=N,22.847
CCC1OC1C1CC1C,37.319
COC1C2CC2C1C#C,33.546
N=C1NC(=O)C2CNC12,27.742
Cc1c(nnn1C)CO,33.038
OC1C2C3CC2C3C1O,29.92
CC12CN=COC1CN2,30.696
COCC(C)CO,31.91
O=CC1OC2CCC1O2,27.43
C1C2NC3=C(N=NN3)C12,25.632
COC1CC(=O)C2OC12,30.206
OCC1=CC(=O)N2CC12,29.548
CC(COC(C)=O)C#C,37.082
CNC1=NC2CC2C1=O,30.662
O=CC1CCC(=C1)C#N,29.685
N#CC12C3C4CC(C14)N23,25.119
CCC1CCC1(O)CO,38.851
CN(C)c1c[nH]nn1,28.035
CCc1cnccn1,26.001
CCC(CO)CO,32.362
O=C1CNC2CC1C=C2,28.406
O=C1NC23CC(OC2)C13,26.764
CC1OC(=N)CCC=C1,32.994
OCC1CC(=O)NC=N1,30.362
CC12OCC1C2(O)CO,34.682
CC12COC(CCC1)O2,31.502
Cc1cc(oc1)NC,30.072
CC12CN3C1CC23,23.45
CC1CCC(O)C1=NO,35.104
OC1C2CC3CC=C1C23,29.118
CC1=Cc2c(nco2)C1,27.748
CC12CC1OC1CC1O2,31.146
CC12CC3(CCOC13)O2,30.842
Cc1c(noc1C#N)C,30.313
CC1CN1C1=NOC=C1,29.491
Cc1c(cn[nH]1)CC#N,30.18
CC12CC1C1(CC1)CC2,34.678
CC1CN1CC(O)CO,38.004
O=CNCC1C2CCC12,32.271
OCC12OC1CC2=O,26.843
CCCC(C=O)C(C)C,41.67
C#CCC1CC2(CO2)C1,33.593
CC1COC1,18.443
CC1CN1C,20.993
CC1CC=CC2CC12O,34.453
CC1(C)C2OC(=N)C12,29.55
CC1(O)C2CC3(CC3)C12,35.198
CN=C(N)N1CCC1=O,33.416
CC1(C)NC1C#CC#C,36.333
CCC12CC1C1NC21,29.654
O=CC12OC1CC21CC1,30.32
COC(=NCCO)C#N,34.039
O=CC1OC(=O)C2OC12,26.223
COC1CCC2CC2C1,34.318
CC12CCC(OC1=N)O2,29.635
COC(C)C(C)OC,37.373
NC1=CC=C(N1)C1CO1,31.262
Cc1c(ncoc1=O)O,28.566
O=C1CC2CC3OC3C12,27.681
NC1(CC1O)C#N,25.678
C1CC11CC2OCCC12,31.088
NC(C#C)C(N)C#N,32.141
OC1CCC2C3OC1C23,29.605
C1CNC1(C=O)C=O,27.572
OC1CC=C(C#N)C1=O,28.832
C1C2C3C4C(C5C3N25)N14,23.521
O=CC12CC=CC1CO2,28.828
CCC(C)(C#C)C#CC,40.834
CCOC(=O)NCC#N,33.717
CC(CCC(C)=O)C=O,38.128
C#Cc1ccnc(c1)F,27.056
C1CC2(C1)OCC1OC21,29.578
C1CC11CCCC11CO1,32.405
CC1(O)CC1OCC=O,36.281
C1C=C2COCC3C2N13,27.129
CC1CC2C3C1CC23C,33.923
OC1C(NC=O)C1C#N,31.362
CC1OCC1=O,20.774
OC12CC=C3C4C1N4C23,27.23
CC1C2C1C(=O)CC2C,34.064
CCC1CC2(C)CC12,33.376
N#CC12CC1C1(CC1)O2,29.628
CC(C)(C)C1NC1C#C,39.547
OCC#CCCC1CO1,35.081
OCC1C2OC1C2=NO,31.511
CC1(C)CCC(O)C=C1,37.435
OCC(CCC#C)C#C,38.259
Cc1nnc(n1C=O)C,30.566
CCCOCC#CC,35.112
Cc1c(cc(o1)CO)N,34.584
CC1CC1C#CC1CC1,35.575
C1CC2C1C1OC2C=C1,27.326
CC1OCC2NC1C2=O,29.877
c1c2c([nH]c1O)CCO2,29.331
O=C1CC2NC1C2C#N,26.996
COC1CNCC1=O,28.848
C#CCC(CC#C)CO,37.942
N=C1OCOCC1C#N,28.026
COC1CC(C)(O)C=C1,36.471
CC#Cc1ccncn1,28.342
CC1C2CN1C2CC=O,32.637
OCC1CCC=CCO1,33.715
CC12NC1CCC2C=O,32.853
Cc1cc(co1)CC=O,31.367
CN=COC(=O)C(=O)N,33.025
O=CC1=CC(=O)C2CC12,27.774
CCOc1c(n[nH]n1)N,32.789
CC1C2CC1(O)CC=C2,33.682
Cn1ccc(n1)N(=O)=O,27.241
OCC1C2C3CC2N13,26.193
CC12CC3OC(=N)N1C23,28.453
CC12CC1CC1(CC1)O2,33.473
N=C1OC2(CC2)C2NC12,29.032
CC#CC12NC1CC2C,35.02
CC#CC(O)CO,29.344
CC1(C)NC(=O)C2CC12,33.9
CC12CC(O)C1CCO2,33.874
C#CC(=NCC#N)N,29.55
CC12C3C4C(N14)C23C=O,28.868
CC(O)C1(CN1)C1CC1,36.915
O=C1OC2C3CC2C1O3,24.091
c1coc2c1OCCN2,26.927
O=CCC1CCC(=O)O1,30.21
CC1NC1C1=COC=C1,30.423
NC1=CC(=N)N=CO1,25.245
CC1(C)CC(CO)O1,33.503
CC12CC3CCC1C2O3,30.689
NC1CC=CC1(N)C#N,33.592
N#CC12CC3CC1C23,24.313
c1cc2n(c1)CCC=C2,28.033
C1CC2CN=COC2C1,29.273
OCC1(O)CCCC1O,36.803
CC1C2OCCC12C#C,33.46
OC1(C#N)C2CCOC12,29.621
C1COCOC(=N1)CO,31.003
CCCOCC1(C)CN1,39.109
c1cc2c(nc1)nco2,22.401
CCc1c(oc(=O)[nH]1)N,33.021
C#Cc1cc(n[nH]1)O,26.077
C1COc2c1[nH]c(n2)N,28.969
OC1(CNC1C=O)C#C,32.947
CC(C)(C#C)C#N,28.717
CCC1N=COC1C#N,30.682
C#CC12CC3NC3C1N2,29.647
O=CC12CN1CC21CO1,29.245
CC12NC1CC(=O)C2=O,30.27
CC(=O)C(C=O)C#C,30.59
NC(=O)C12CN1CC=C2,30.389
CNC1=CC(=O)NN=N1,29.571
C#CCCNC(=O)C=O,33.5
C1C2N3C1C21C=CCC31,26.98
CC1C2CC1(O)C(C)O2,35.074
O=CC1(CN1)C#C,24.471
CCC(CC(C)O)=NO,40.266
c12c([nH]nn1)nc([nH]2)N,26.17
NC1=NC2CC1OC2=N,27.998
COCc1nc(co1)O,30.623
OC1C2CC(OC12)C#C,31.029
COCC1OC1C1CO1,32.983
C1CCC(C1)CN2CC2,34.588
CC1C2CCC1C(=O)O2,29.623
CN(C=N)c1cnoc1,29.678
OC12CCC1NC2C=O,32.253
CN=c1cnonc1N,30.708
[O-]C(=O)C[NH2+]C1CCC1,32.933
CC[NH2+]CC#CC([O-])=O,35.123
C1C2C3C4C3C1N1C4C21,23.631
O=C1C2C3C(C2C#C)N13,27.416
C1CC1C(=O)CC=O,28.895
OC12CC3C(OC13)C2=O,27.025
CC1OC1(CC#C)C#N,33.833
C#CC(C#C)(C#N)N,30.615
C[NH2+]C(C(N)=O)C([O-])=O,32.619
CCC1(CCC1)CC=O,36.97
C#Cc1c([nH]nc1O)O,30.808
CCC1COC(=N)O1,28.177
C1NC11CN2CC3C2C13,28.21
C1C(=CNC1=O)CC=O,30.543
CC12CCC1CC2CO,36.219
CC(C)CC(O)C(C)C,44.556
OC1CC2(O)C3CN3C12,31.936
CC1(COC1)COC=O,33.245
CC12CCC(=O)C1N2,28.01
O=C1C2C3NC1(C#C)C23,28.066
CCc1cnc(o1)CO,32.398
C1C2C3C4C2C11CN4C31,24.723
C(#N)c1c(onn1)C#N,23.942
CC(=NO)C#CC(=O)N,34.923
CC(C=O)C1NC1C#C,34.753
N#CCC12CC1COC2,30.208
CC(=O)C1(C)C2CC1O2,33.472
N=C1OC=C(O1)C=O,23.001
CC#CCN(C)CC=O,37.437
CC1OCCOC1=O,27.305
C1CC12C(=CCO2)CO,33.084
CC1N(C)C1(C)C#C,35.26
N=C1NC(=O)C=CN=C1,27.043
CC1(C)NC1C1(C)CO1,37.714
CC1OCC1CCO,32.592
CC1C2CCC12C(N)=O,34.668
OCC12CCC1C2O,30.621
CCC#CCNC=O,31.893
OCC1C2CCCC12,29.939
CC1(CN1)C(=O)C1CC1,34.321
O=C(C#CC#C)C1CN1,30.913
CN(C)CC(=O)OC,33.418
CC1NC2(CCC2)C1=O,33.389
Cc1cc2cn[nH]c2[nH]1,29.301
NC(=O)C1C2CC1(O)C2,32.319
CCC1(C)CC(=O)N1C,37.724
O=C(C#N)C#CC1CO1,28.391
CC(=O)C(C)(O)C1CC1,38.514
N#CC1CCC2(CO2)C1,30.583
OC1CCCOC1=N,27.982
CN1C2C3OCOC2C13,28.405
CC12C(O)C1(O)CC2=O,33.764
C1NC1C1CC2CC2O1,30.517
N=C1OC2(CC2)C=C1,25.787
O=C1OC2CC3OC1C23,24.666
OC1CC2(NC12)C1CN1,31.575
CC1=NNN=CC1=N,25.802
CCCOC1C2COC12,33.783
CC12C3C4C1CC2(C)N34,31.438
c1c(cc(nc1O)F)N,29.105
OC12CNC1=CC(=O)C2,29.675
CN1C(CCO)CC1=O,35.307
C1CNC=CC(=O)NC1,32.28
Cc1cnccc1CO,31.636
CCC1COC1C1CC1,35.558
CC12CCC11CC2CO1,31.605
O=C1NC2C1CC21CO1,28.282
CC1C2(O)CCCC12O,36.232
CCC(C)(COC)C=O,40.246
O=CC12CC3=NCC1N23,26.707
N=C1NCCOCC1=O,30.208
CC#CCCC1CO1,31.762
[NH3+]CC1(CC(=O)[N-]1)C#N,32.217
NC(C#C)C(F)(F)F,28.515
CN=C1NC(CO)CO1,33.583
OC1CC2C1CCC2O,33.565
OC12CC3C1NC2C3=O,28.044
CC(OC=O)C#N,24.694
OC1CNC2=NNC=C12,28.657
CC1(C=CN(C1=O)C)C,35.465
CC1(C)OC1CNC=O,36.294
O=C1C2CC3CN1C23,22.889
C(c1c(nno1)N)N,27.114
CNC(=O)CCC#N,30.803
C#CC12CCC1NC=N2,30.493
C(COC=O)C#CC#N,30.558
c1c(nc(c(=O)[nH]1)F)O,26.847
O1C2C3C4C1C1C2C3N41,21.596
CC(CC=O)C1CN1C,37.444
CC1N(C)C(C)C1=NO,37.926
Cc1cc(=O)cc([nH]1)N,32.503
CN1CCc2c1[nH]nn2,28.622
[NH3+]CC1=C([O-])N=NO1,31.786
CC#CC1NC11CCC1,34.49
CCC1(CN1)C1CN1,31.681
Cc1c(nc(cn1)F)O,28.187
CC1CCC=C(C)C1,33.003
CC12CN1CC2(O)CO,35.584
CC1C2COCCC12C,35.367
CC#CCN1C2CC1C2,33.117
CCC1CC11CC(=N)O1,33.971
CC1NC1(C)CC#C,34.288
CN=COC1CC(C)C1,36.437
C1CC=C(CC=C1)C#N,30.816
O=C1CCOC2CC12,25.926
CN=C(N1CC1)C1OC1,33.125
ON=C1CC(O)C1C=O,32.877
Cc1c(c([nH]n1)N)N,30.748
O=COC12CC1OC2=O,27.187
CC1CCC(=O)C(=N)N1,32.684
c1coc2c1CC(=O)C2,26.426
c1cn2c(n1)COCC2,26.735
c1nc(c(o1)N)CCO,32.371
CC1(CC2CC12)C(N)=O,35.118
OCC1C2C3NC3C12O,32.974
C#CC1N2CC1(C2)C#C,31.251
Cc1cc(cnc1O)N,32.248
N=COCC1CC1C=O,32.902
C1C2C3NC3C3CN2C13,26.534
C1CC2=CCCOC2O1,29.069
C1CC(=O)NC1,19.794
[NH3+]C(COC=N)C([O-])=O,32.459
OC1COC2COCC12,29.987
CC1NC1C12CCC1O2,32.703
OCC1(CC2CO2)CO1,33.395
CC1NC(=O)NC11CC1,32.819
O=C1OC2CC2O1,19.066
CC#CC#CC(F)(F)F,30.843
CCOC=NC(C)CC,40.633
NC12CN3C1CC23C#N,29.44
C1COC(=O)C=C1C#N,27.405
CC12OC1CC2=O,23.608
CC12C3C1C1CCC3N21,29.226
CNC1C(NC1=N)C#N,32.607
OC1CNC(=O)NC1=N,30.4
Cc1cnc(c(=O)[nH]1)F,28.178
CC1(NC1CO)C#C,32.645
OCC(O)C1OC1C#N,32.831
C(C#N)NC=O,20.073
C1COCC2OC2C1,27.032
N=CN1CC2(CO2)C1=O,28.997
CCC12NC1C=CC2=O,31.265
CC12OC3(C)CC1C2C3,32.476
CC(C)C(C)C1OC1C,41.203
N=C1OC23CCC2C1C3,28.208
CCCn1cccc1,29.966
CCCCc1ncno1,31.62
COC1(C#N)C2CC1N2,30.513
C1NC23C=CC4C2OC134,26.688
c1cnc(cn1)N=CN,28.614
CC(=O)NCC1CN1,31.259
OC1C2CC2CC11CO1,31.202
CCOCC(=O)CCO,38.163
CCCC#CC(=O)CC,38.308
N#CCC1NC1C1CO1,30.722
O=COC1COC(=O)O1,26.195
C1CC(C1)CCC#N,30.211
