smiles,isotropic_polarizability
C,13.21
N,9.46
O,6.31
C#C,16.28
C#N,12.99
C=O,14.18
CC,23.95
CO,16.97
CC#C,28.78
CC#N,24.45
CC=O,25.11
C(=O)N,21.57
CCC,34.75
CCO,27.87
COC,28.13
C1CC1,30.82
C1CO1,24.04
CC(=O)C,35.53
CC(=O)N,31.83
C(=O)(N)N,28.07
CC(C)C,45.46
CC(C)O,38.58
C#CC#C,38.52
C#CC#N,32.66
C(#N)C#N,27.7
C#CC=O,31.14
C(=O)C#N,26.25
C(=O)C=O,26.12
CC#CC,42.32
CCC#C,40.09
CCC#N,35.38
C(C#N)N,31.81
C#CCO,33.1
C(C#N)O,28.56
CCC=O,35.83
CNC=O,32.78
COC=O,29.47
C(C=O)O,28.53
CCCC,45.71
CCCO,38.61
CCOC,39.34
C(CO)O,31.42
CC1CC1,41.96
CC1CO1,35.01
CN1CC1,39.02
C1CC1O,34.64
C1CCC1,41.83
C1COC1,34.56
CC(=NO)C,45.37
c1cc[nH]c1,43.14
c1cnc[nH]1,39.13
c1ccoc1,39.2
c1cocn1,35.17
CC(C)(C)C,56.01
CC(C)(C)O,49.04
CC(=O)C#C,42.02
CC(=O)C#N,37.08
C(#N)C(=N)N,38.31
C#CC(=O)N,38.29
CC(=O)C=O,36.51
C(=O)C(=N)N,38.09
C(=O)C(=O)N,33.39
CC(C)C#C,51.2
CC(C)C#N,46.23
CC(N)C#N,42.87
CC(O)C#C,44.03
CC(O)C#N,39.28
CC(C)C=O,46.58
CC(O)C=O,39.16
CN(C)C=O,44.42
CC(=O)CO,39.33
CCC(=O)C,46.19
CCC(=O)N,42.54
CC(=O)NC,43.61
CNC(=O)N,39.51
COC(C)=N,43.57
CC(=O)OC,39.33
COC(=O)N,35.5
C(C(=O)N)O,35.87
[NH3+]CC([O-])=O,35.19
CC(C)CO,49.26
CC(O)CO,42.01
CCC(C)C,56.26
CCC(C)O,49.45
CC(C)OC,49.8
CC1(CC1)C,52.92
CC1(CO1)C,45.7
CC1(CC1)O,45.85
N=C1CCO1,40.19
C1CC(=O)C1,42.77
C1CNC1=O,39.73
C1COC1=O,35.4
C1C(=O)CN1,39.34
C1C(=O)CO1,35.94
CC1CCC1,52.94
CC1CCO1,45.72
CC1COC1,45.45
C1CC(C1)O,45.55
C1C(CO1)O,38.58
CC1CC1C,52.92
CC1CC1O,45.84
CC1CN1C,49.79
CC1OC1C,46.02
OC1CC1O,38.43
C1C2CC1C2,49.82
C1C2CC1O2,42.39
C#CCC#C,45.22
C#CCC#N,40.56
C(C#N)C#N,36.12
C#CCC=O,41.41
C(C=O)C#N,36.79
C(=N)NC=O,38.8
N=COC=O,35.69
C(=O)NC=O,34.31
CC#CC#C,54.54
CC#CC#N,47.82
CC#CC=O,45.67
CC#CCO,46.92
CCC#CC,53.93
CN=COC,46.78
CCCC#C,51.47
CCCC#N,46.62
CNCC#N,43.52
COCC#C,45.04
COCC#N,40.22
C#CCCO,44.05
C(CO)C#N,39.41
CCCC=O,47.03
CCNC=O,43.88
CCOC=O,40.48
COCC=O,40.04
C(CO)C=O,39.92
CCCCC,56.8
CCCCO,49.63
CCCOC,50.27
CCOCC,50.62
COCCO,42.99
C(CO)CO,42.52
C#CC1CC1,48.65
C#CC1CN1,45.22
C#CC1CO1,41.39
C1CC1C#N,43.5
N#CC1CN1,40.21
N#CC1CO1,36.45
C1CC1C=O,44.1
O=CC1CN1,40.19
O=CC1CO1,36.8
C1CN1C=O,40.77
CCC1CC1,52.9
CCC1CO1,45.95
CCN1CC1,50.07
COC1CC1,46.29
C1CC1CO,46.01
OCC1CN1,42.64
OCC1CO1,38.7
C1CC=CC1,50.34
C1COC=N1,38.7
C1C=CCO1,43.73
C1CCCC1,52
C1CCOC1,45.06
C1COCO1,38.2
C1C2CCC12,48.92
C1C2COC12,41.77
C1CC2OC12,41.8
c1c[nH]nc1,39.17
c1cnn[nH]1,35.66
c1[nH]ncn1,35.01
c1[nH]cnn1,35.27
c1cn[nH]n1,35.3
c1cnoc1,35.74
c1conn1,32.49
c1ncon1,31.56
c1nnco1,31.41
c1nnno1,28.58
c1cnon1,32.29
c1nnon1,28.86
n1nnon1,25.66
CC(=NO)C#C,54.16
CC(=NO)CO,49.13
CCC(=NO)C,56.46
C1CC(=NO)C1,53.48
C1C(=NO)CN1,49.95
C1C(=NO)CO1,46.34
C(F)(F)(F)F,15.93
N=C1NC=CO1,44.74
N=C1OC=CO1,40.77
c1c[nH]c(=O)[nH]1,43.39
c1coc(=O)[nH]1,39.72
c1coc(=O)o1,36.02
Cc1ccc[nH]1,55.77
Cc1ccco1,51.86
Cc1cnco1,47.63
Cc1ncco1,47.52
c1cc([nH]c1)N,51.62
c1cc(oc1)N,48.3
c1c(ocn1)N,44.3
c1coc(n1)N,43.86
c1cc([nH]c1)O,47.38
c1c([nH]cn1)O,43.45
c1cnc([nH]1)O,43.23
Cc1cc[nH]c1,55.32
Cc1c[nH]cn1,51.32
Cc1ccoc1,51.11
Cc1cocn1,47.12
c1c[nH]cc1N,51.67
c1c(nc[nH]1)N,47.82
c1cocc1N,47.62
c1c(nco1)N,43.75
c1c[nH]cc1O,47.51
c1c(nc[nH]1)O,43.71
c1c(nco1)O,39.79
Cn1cccc1,55.54
Cn1ccnc1,51.11
c1ccccc1,57.28
c1ccncc1,53.03
c1cnccn1,49.2
c1cncnc1,48.47
c1ncncn1,43.74
CC(C)(C)C#C,62.05
CC(C)(C)C#N,56.9
CC(C)(C#N)N,53.67
CC(C)(C#C)O,54.93
CC(C)(C#N)O,49.98
CC(C)(C)C=O,56.92
CC(C)(C=O)O,49.7
CC(C)(C)CO,59.72
CC(C)(CO)O,52.67
CCC(C)(C)C,66.63
CCC(C)(C)O,59.74
CC(C)(C)OC,60.03
CC#CC(=O)C,56.61
CC#CC(=O)N,52.6
CC#CC(C)C,65.24
CC#CC(C)O,57.94
CC(=O)CC#C,51.94
CC(=O)CC#N,47.48
C#CCC(=O)N,48.37
C(C#N)C(=O)N,43.68
CC(=N)NC=O,50.18
CC(=N)OC=O,45.3
CC(=O)CC=O,48.15
CC(=O)NC=N,49.82
CC(=O)NC=O,45.18
CC(=O)OC=N,45.91
C(=O)NC(=N)N,46.25
C(C=O)C(=O)N,44.18
C(=N)NC(=O)N,46.05
C(=O)NC(=O)N,41.58
NC(=O)OC=N,42.07
CC(C)CC#C,62.17
CC(C)CC#N,57.19
CC(O)CC#C,54.82
CC(O)CC#N,50.45
CN(C)CC#N,54.43
CC(C)CC=O,57.47
CC(C)NC=O,54.8
CC(C)OC=O,51.48
CC(O)CC=O,50.52
CN(C)CC=O,54.59
CC(=O)CCO,50.08
CCCC(=O)C,57.31
CCCC(=O)N,53.75
CCNC(=O)C,54.72
CCNC(=O)N,50.96
CCOC(=O)C,50.66
CCOC(=O)N,46.82
C[NH2+]CC([O-])=O,46.17
CC(=O)COC,51.17
COCC(=O)N,47.53
C(CO)C(=O)N,46.39
[NH3+]CCC([O-])=O,54.51
CC(C)CCO,60.25
CC(O)CCO,53.18
CCCC(C)C,67.45
CCCC(C)O,60.39
CCOC(C)C,61.19
CC(C)COC,61.01
COCC(C)O,53.61
CC(=O)C(=O)C,47.03
CC(=O)C(=N)N,48.43
CC(=O)C(=O)N,43.45
NC(=[NH2+])C([O-])=O,41.06
C(=O)(C(=O)N)N,39.85
CC(C)C(=O)C,56.8
CC(C)C(=O)N,53.35
CC([NH3+])C([O-])=O,45.76
CC(O)C(C)=O,49.94
CC(O)C(N)=O,46.24
CC(=O)N(C)C,54.99
CN(C)C(=O)N,50.94
CC(C)C(C)C,66.87
CC(C)C(C)O,59.83
CC(O)C(C)O,52.62
CC1(CCC1)C,63.32
CC1(CCO1)C,56.17
CC1(COC1)C,56.09
CC1(CCC1)O,56.29
CC1(COC1)O,49.2
CC1(C)CC1O,56.93
CC1(O)CC1O,49.85
CC1CC1(C)C,64.09
CC1CC1(C)O,56.95
CC1OC1(C)C,56.95
CC1(CN1C)C,60.96
CC1CC(=N)O1,51.41
CC1CC(=O)C1,53.83
CC1CC(=O)N1,50.75
CC1CC(=O)O1,46.42
CN1CC(=O)C1,51.1
C1C(CC1=O)O,46.78
CC1CC(C)C1,64.11
CC1CC(C)O1,56.92
CC1CC(O)C1,56.88
CN1CC(C1)O,53.9
OC1CC(O)C1,49.09
CC12CC(C1)C2,61.09
CC12CC(C1)O2,53.68
CC12CN(C1)C2,57.23
OC12CC(C1)C2,53.49
OC12CN(C1)C2,50.04
C#CC(=O)C#C,50.23
C#CC(=O)C#N,44.9
C(#N)C(=O)C#N,39.71
C#CC(=O)C=O,43.98
C(=O)C(=O)C#N,38.68
C(=O)C(=O)C=O,37.46
CC(C#C)C#C,56.95
CC(C#C)C#N,51.99
CC(C#N)C#N,47.23
NC(C#C)C#N,48.67
C(#N)C(C#N)N,43.93
C#CC(C#C)O,49.83
OC(C#C)C#N,45.03
C(#N)C(C#N)O,40.41
CC(C=O)C#C,52.76
CC(C=O)C#N,47.71
OC(C=O)C#C,45.31
OC(C=O)C#N,40.49
CC(C=O)C=O,48.36
CN(C=N)C=O,51.06
CN(C=O)C=O,45.8
C(=O)C(C=O)O,41.69
CN=C(C#N)N,50.92
CN=C(C=O)N,50.95
CCC(=O)C#C,53.26
CCC(=O)C#N,48.11
CNC(=N)C#N,50.21
CNC(=O)C#C,51
COC(=O)C#C,46.66
COC(=O)C#N,41.61
C#CC(=O)CO,46.43
C(C(=O)C#N)O,41.54
CCC(=O)C=O,47.28
CNC(=N)C=O,49.61
CNC(=O)C=O,45.79
COC(=O)C=O,40.92
C(C(=O)C=O)O,41.26
CCC(=O)CC,57
CCC(=O)CO,50.24
CCC(=O)NC,54.61
CCC(=O)OC,50.2
CNC(=O)CO,47.75
CNC(=O)NC,51.35
CNC(=O)OC,47.42
COC(=O)CN,46.49
COC(=O)CO,43.25
C(C(=O)CO)O,43.53
CC(=NC)OC,55.68
CC(CO)C#C,55.08
CC(CO)C#N,50.15
CCC(C)C#C,62.36
CCC(C)C#N,57.23
CCC(N)C#N,54.01
CCC(O)C#C,55.33
CCC(O)C#N,50.37
CNC(C)C#N,54.08
COC(C)C#C,55.84
COC(C)C#N,50.59
NC(CO)C#N,46.66
NCC(N)C#N,50.26
NCC(O)C#N,46.88
OCC(O)C#C,48.25
OCC(O)C#N,43.5
CC(CO)C=O,50.03
CCC(C)C=O,57.5
CCC(O)C=O,50.71
CCN(C)C=O,55.18
COC(C)C=O,50.45
OCC(O)C=O,43.58
CC(CO)CO,53.08
CCC(C)CC,67.19
CCC(C)CO,60.09
CCC(C)OC,60.6
CCC(CC)O,60.24
CCC(O)CO,52.93
COC(C)CO,53.28
C(C(CO)O)O,45.75
CC1(CC1)C#C,59.61
CC1(CC1)C#N,54.31
CC1(CN1)C#C,56
CC1(CN1)C#N,50.81
CC1(CO1)C#C,52.23
CC1(CO1)C#N,47.2
C1CC1(C#N)N,51.03
C#CC1(CC1)O,52.54
C1CC1(C#N)O,47.42
CC1(CC1)C=O,54.61
CC1(CN1)C=O,50.74
CC1(CO1)C=O,47.26
C1CC1(C=O)O,48.35
CC1(CC1)CO,56.77
CC1(CO)CN1,52.8
CC1(CO)CO1,49.21
CCC1(CC1)C,63.52
CCC1(C)CO1,56.33
CCC1(CC1)O,56.44
CC1(CC1)OC,56.8
C1CC1(CO)O,49.73
CC1CCC1=O,53.75
CC1CNC1=O,50.52
CC1COC1=N,50.92
CC1COC1=O,46.04
CC1NCC1=O,50.49
CC1OCC1=O,46.89
CN1CCC1=O,51.94
NC1COC1=N,47.4
NC1COC1=O,42.57
OC1CCC1=O,46.67
OC1CNC1=O,43.41
OC1COC1=N,43.85
OC1COC1=O,39.11
CC1CCC1C,63.28
CC1CCC1O,56.23
CC1COC1C,56.23
CC1OCC1O,49.4
OC1CCC1O,49.03
N=C1CN=CN1,48.64
C1C=CCC1=O,50.91
C1C=CNC1=O,47.64
C1C(=O)NC=N1,43.5
C1C(=O)OC=N1,39.3
N=C1OCC=C1,50.58
C1CC(=O)C=C1,52.33
C1C=CC(=O)N1,48.42
N=C1CCCO1,50.78
N=C1COCO1,43.66
N=C1OCCO1,43.85
C1CCC(=O)C1,52.83
C1CC(=O)NC1,49.83
C1CC(=O)OC1,45.82
C1COCC1=O,46.04
C1C(=O)OCO1,38.99
C1CNC(=O)N1,46.25
C1COC(=O)N1,42.52
C1COC(=O)O1,38.98
CC1=CCCC1,62.6
CC1=CCOC1,55.75
CC1=NCCO1,50.7
CC1CC=CC1,61.16
CC1CN=CO1,49.49
OC1CC=CC1,53.91
CC1CCC=C1,61.66
CC1COC=N1,49.75
CC1OCC=C1,55
OC1CCC=C1,54.16
CC1CCCC1,63.03
CC1CCCO1,56.51
CC1CCOC1,56.14
CC1COCO1,49.23
CC1OCCO1,49.6
C1CCC(C1)O,55.74
OC1CCOC1,49.05
CC1C(C)C1C,63.6
CC1C(C)C1O,56.45
CC1C(C)N1C,60.42
CC1C(O)C1O,49.27
OC1C(O)C1O,41.57
CC12CC1CC2,60.48
CC12CC1CO2,53.34
CC12CC1OC2,53.11
CC12CCC1O2,53.26
OC12CC1CC2,53.1
OC12CC1OC2,45.92
C#CC#CC#C,72.39
C#CC#CC#N,63.48
C(#CC#N)C#N,55.28
C#CCCC#C,57.87
C#CCCC#N,52.71
C(CC#N)C#N,47.69
C#CC#CC=O,59.66
C(=O)C#CC#N,51.47
C(=O)C#CC=O,48.1
N=COCC#C,50.16
N=COCC#N,45.57
C#CCCC=O,52.99
C(CC#N)C=O,48.12
C#CCNC=O,49.89
C(C#N)NC=O,44.97
C#CCOC=O,45.77
C(C#N)OC=O,41.37
N=COCC=O,45.71
C(CC=O)C=O,48.98
C(C=O)NC=O,45.39
C(C=O)OC=O,41.52
CC#CC#CC,71.63
CC#CCC#C,59.23
CC#CCC#N,54.4
CC#CCC=O,55.38
CN=CNC=O,52.58
CN=COC=O,49.06
CCC#CC#C,67
CCC#CC#N,59.94
C#CC#CCO,59.6
C(C#CC#N)O,52.46
CCC#CC=O,57.54
C(C#CC=O)O,50.43
CCC#CCC,65.82
CCC#CCO,58.63
C(C#CCO)O,51.62
CCN=COC,57.34
CC#CCCO,57.94
CCCC#CC,65.57
CC#CCOC,59.21
CCOC=NC,58.57
CCCCC#C,62.82
CCCCC#N,57.89
CCNCC#N,54.99
CCOCC#C,56.58
CCOCC#N,51.68
COCCC#C,56.07
COCCC#N,51.25
C#CCCCO,55.5
C(CC#N)CO,50.66
CCCCC=O,58.27
CCCNC=O,54.88
CCCOC=O,51.52
CCOCC=O,51.36
COCCC=O,51.64
C(CC=O)CO,51.08
C(CO)NC=O,48.01
OCCOC=N,48.93
C(COC=O)O,44.01
CCCCCC,68.01
CCCCCO,60.77
CCCCOC,61.48
CCCOCC,61.68
CCOCCO,54.23
COCCCO,54.26
COCCOC,54.79
C(CCO)CO,53.58
C#CC1CCC1,59.52
C#CC1CCO1,51.95
C#CC1COC1,51.72
C1CC(C1)C#N,54.24
N#CC1CCN1,50.2
N#CC1CCO1,46.71
C1C(CO1)C#N,46.76
C1CC(C1)C=O,54.48
O=CC1CCO1,46.71
C1C(CO1)C=O,46.85
C1CN(C1)C=O,52.08
CN=C1CCO1,52.85
CCC1CCC1,63.82
CCC1CCO1,56.72
CCC1COC1,56.22
COC1CCC1,57.2
COC1COC1,49.83
C1CC(C1)CO,56.81
OCC1CCO1,49.25
C1C(CO1)CO,49.3
C#CCC1CC1,58.69
C#CCC1CO1,51.81
C#CCN1CC1,54.94
C1CC1CC#N,53.78
N#CCC1CN1,50.4
N#CCC1CO1,46.97
C1CN1CC#N,50.95
N=COC1CC1,52.29
C1CC1CC=O,54.2
O=CCC1CN1,50.56
O=CCC1CO1,47.21
C1CN1CC=O,50.88
C1CC1NC=O,50.79
C1CC1OC=O,47.46
CC#CC1CC1,63.06
CC#CC1CN1,59.57
CC#CC1CO1,55.68
CCCC1CC1,64.07
CCCC1CO1,57.14
CCCN1CC1,61.14
CCOC1CC1,57.69
COCC1CC1,57.75
COCC1CN1,54.33
COCC1CO1,50.75
C1CC1CCO,56.79
OCCC1CO1,49.89
C1CN1CCO,54.01
CC1CC1C#C,59.69
CC1CC1C#N,54.41
CC1NC1C#C,56.27
CC1NC1C#N,51.08
CC1OC1C#C,52.44
CC1OC1C#N,47.35
CN1CC1C#C,56.55
CN1CC1C#N,51.35
OC1CC1C#C,52.51
OC1CC1C#N,47.52
CC1CC1C=O,55.07
CC1CN1C=O,51.56
CC1NC1C=O,51.36
CC1OC1C=O,47.64
CN1CC1C=O,51.92
OC1CC1C=O,47.84
CC1CC1CO,57.04
CC1NC1CO,53.26
CC1OC1CO,49.75
CCC1CC1C,64.01
CCC1CC1O,56.83
CCC1CN1C,60.65
CCC1OC1C,57.13
CCN1CC1C,61.07
CN1CC1CO,53.82
COC1CC1C,57.42
COC1CC1O,49.79
OCC1CC1O,49.8
CC(=O)C1CC1,54.41
CC(=O)C1CN1,50.98
CC(=O)C1CO1,46.79
CC(=O)N1CC1,51.15
C1CC1C(=O)N,50.64
NC(=O)C1CN1,47.16
NC(=O)C1CO1,42.9
C1CN1C(=O)N,47.01
CC(C)C1CC1,63.63
CC(C)C1CO1,56.23
CC(C)N1CC1,60.85
CC(O)C1CC1,56.58
CC(O)C1CN1,52.97
CC(O)C1CO1,49.27
C1CC2(C1)CC2,60.62
C1CC12CCO2,53.44
C1CC12COC2,53.32
C1C2(N1)COC2,49.82
C1CC2(C1)CO2,53.28
C1C2(CO1)CO2,46.16
C1C2CC1C=C2,56.94
C1C2OC1C=C2,49.13
C1C2CC1CC2,59.48
C1C2CC1OC2,52.41
C1C2CCC1O2,52.01
CC1C2CC1C2,60.85
CC1C2CC1O2,53.28
OC1C2CC1C2,53.19
OC1C2CC1O2,46.16
C1COCC=C1,54.57
C1CCC=CC1,61.37
C1CN=COC1,49.97
C1CCCCC1,62.98
C1CCOCC1,56.25
C1COCCO1,49.61
C1COCOC1,49.04
C1CC2CCC12,59.31
C1CC2OCC12,52.42
C1OC2COC12,45.53
CC1C2CCC12,59.83
CC1C2COC12,52.65
OC1C2CCC12,52.57
OC1C2COC12,45.07
C1C2CC=CC12,57.35
C1C2OC=NC12,45.26
C1C=CC2NC12,53.83
C1C=CC2OC12,49.74
C1C2CCCC12,59.15
C1C2CCOC12,51.92
C1C2COCC12,52.46
C1C2OCOC12,44.8
C1CC2OC2C1,52.03
C1OCC2NC12,49.31
C1OCC2OC12,45.53
N=C1OC2CC12,47.76
O=C1CC2CC12,50.48
O=C1CC2CN12,46.41
O=C1CC2NC12,46.97
O=C1CC2OC12,43.08
O=C1CN2CC12,47.14
O=C1NC2CC12,46.67
O=C1OC2CC12,42.62
CC1CC2CC12,59.74
CC1CC2OC12,52.62
CC1OC2CC12,52.69
OC1CC2CC12,52.75
OC1CC2NC12,49.06
OC1CC2OC12,45.31
OC1CN2CC12,49.2
C1C2C3CC2C13,57.31
C1C2C3CN2C13,53.69
C1C2C3OC2C13,49.26
N1C2C3NC2C13,49.54
N1C2C3OC2C13,45.55
O1C2C3OC2C13,41.73
C1CC1C2CC2,60.97
C1CC1C1CO1,53.86
C1CC1N2CC2,56.86
C1NC1C1CN1,53.03
C1NC1C1CO1,50.31
C1OC1C1CO1,45.96
C1C2C1C1CC21,55.33
C1C2C1C1NC21,52.06
C1C2C1C1OC21,48.16
C1C2C1N1CC21,52
N1C2C1C1NC21,48.92
N1C2C1C1OC21,44.98
O1C2C1C1OC21,41.15
C1C2C3C1CN23,52.12
C1C2C3CC1C23,55.83
C1C2C3CC1N23,52.04
C1C2C3CN1C23,52.16
C1C2C3OC1C23,48.29
C12C3C1C1C2C31,51.49
C12C3C1N1C2C31,47.5
c1ccnnc1,48.99
c1cnnnc1,45.02
c1nncnn1,41.23
c1ncnnn1,40.74
c1cnnnn1,41.36
Cc1ccn[nH]1,51.32
Cc1ccno1,48.06
Cc1cnn[nH]1,47.65
Cc1cnno1,44.67
Cc1c[nH]nc1,51.05
Cc1c[nH]nn1,47.56
Cc1cnoc1,47.4
Cc1conn1,44.18
Cc1[nH]ncn1,46.94
Cc1ncno1,43.55
Cc1cc[nH]n1,51.26
Cc1nc[nH]n1,47.01
Cc1cn[nH]n1,47.14
Cc1n[nH]nn1,43.44
Cc1ccon1,47.54
Cc1ncon1,43.3
Cc1cnon1,43.87
Cc1nnon1,40.37
Cn1cccn1,51.67
Cn1ccnn1,47.81
Cn1cncn1,47.14
Cn1cnnc1,46.86
Cn1cnnn1,43.54
Cn1nccn1,47.91
Cn1ncnn1,43.9
Cn1nnnn1,40.22
N=C1NC=NO1,41.36
N=C1NN=NN1,41.35
N=C1OC=NO1,37.52
N=C1ON=NO1,34.59
c1cn[nH]c1N,47.71
c1cnoc1N,44.81
c1c([nH]nn1)N,44.26
c1c(onn1)N,41.95
c1c(cn[nH]1)N,47.66
c1c(nn[nH]1)N,44.3
c1c(con1)N,44.15
c1c(nno1)N,40.94
c1nc([nH]n1)N,43.39
c1nc(on1)N,40.19
c1c[nH]nc1N,47.71
c1[nH]nc(n1)N,43.5
c1c(n[nH]n1)N,43.82
c1(n[nH]nn1)N,40.14
c1conc1N,44.1
c1nc(no1)N,39.9
c1c(non1)N,40.64
c1(nnon1)N,37.11
c1[nH]c(=O)[nH]n1,39.58
c1[nH]c(=O)on1,36.38
c1(=O)[nH]nn[nH]1,36.4
c1(=O)[nH]nno1,33.27
c1noc(=O)o1,32.83
c1(=O)onno1,30.02
c1cn[nH]c1O,43.41
c1c(cn[nH]1)O,43.61
c1c(nn[nH]1)O,40.29
c1nc([nH]n1)O,39.16
c1c[nH]nc1O,43.57
c1[nH]nc(n1)O,39.4
c1c(n[nH]n1)O,39.79
c1(n[nH]nn1)O,36.17
c1conc1O,40.1
c1nc(no1)O,35.95
c1(nnon1)O,33.31
CC#CC(=NO)C,69.69
CC(=NO)CC#C,62.57
CC(=NO)CC#N,57.7
CC(=NO)CC=O,58.32
CC(=NO)CCO,60.51
CCCC(=NO)C,67.93
CC(=NO)COC,60.44
CC(=NO)C(=NO)C,71.35
CC(=NO)C(=O)N,54.53
CC(C)C(=NO)C,67.04
CC(O)C(C)=NO,60.35
CC1CC(C1)=NO,65.04
CN1CC(=NO)C1,62.27
ON=C1CC(O)C1,57.9
C#CC(=NO)C#C,62.61
CCC(=NO)C#C,64.81
C#CC(=NO)CO,57.99
CCC(=NO)CC,67.1
CCC(=NO)CO,59.69
CC1CCC1=NO,64.68
CC1NCC1=NO,61.33
CC1OCC1=NO,57.57
ON=C1CCC1O,57.41
C1C=CCC1=NO,61.44
C1CC(=NO)C=C1,64.84
C1C(=NO)C=CN1,61.8
C1CCC(=NO)C1,63.6
C1COCC1=NO,56.58
CC(=NO)C1CC1,64.26
CC(=NO)C1CN1,60.85
CC(=NO)C1CO1,57.93
ON=C1CC2CC12,61.76
ON=C1CC2NC12,58.33
ON=C1CC2OC12,54.24
ON=C1CN2CC12,58.41
C#CC(F)(F)F,30.55
C(#N)C(F)(F)F,26.67
C(=O)C(F)(F)F,26.44
C(C(F)(F)F)N,32.38
C(C(F)(F)F)O,29.26
CCC(F)(F)F,35.84
Cc1cc([nH]c1)C,68.34
Cc1cc(oc1)C,64.17
Cc1cc(c[nH]1)N,64.62
Cc1cc(co1)N,60.58
Cc1cc(c[nH]1)O,60.27
Cc1cc(co1)O,56.37
Cc1cc([nH]c1)N,64.21
Cc1cc([nH]c1)O,59.72
Cc1c[nH]c(n1)O,55.58
Cc1cc(oc1)N,60.58
Cc1coc(n1)N,56.14
Cc1coc(n1)O,51.67
Cc1c[nH]c(n1)C,64.01
Cc1coc(n1)C,59.82
Cc1nc(co1)N,56.39
Cc1[nH]cc(n1)O,56.23
Cc1nc(co1)O,52.27
c1c(c[nH]c1N)N,60.5
c1c(coc1N)N,56.9
c1c(c[nH]c1N)O,56.13
c1c(coc1N)O,52.68
c1c(c[nH]c1O)N,55.95
c1c(nc([nH]1)O)N,51.9
c1c(nc(o1)O)N,48.16
c1c(nc(o1)N)N,52.57
c1c(nc([nH]1)N)O,52.28
c1c(nc(o1)N)O,48.44
c1c(c[nH]c1O)O,51.69
c1c(nc([nH]1)O)O,47.72
Cc1ccc([nH]1)C,68.88
Cc1ccc(o1)C,64.89
Cc1ccc([nH]1)N,64.74
Cc1ccc(o1)N,61.51
Cc1ccc([nH]1)O,60.4
Cc1cnc(o1)C,60.38
Cc1cnc(o1)N,56.83
Cc1cnc([nH]1)O,55.95
Cc1cnc(o1)O,52.25
Cc1ncc(o1)N,57.19
Cc1[nH]c(cn1)O,56.19
c1cc([nH]c1N)N,60.48
c1cc(oc1N)N,57.35
c1cc([nH]c1N)O,55.88
c1cc(oc1N)O,52.69
c1c(oc(n1)N)N,52.81
c1c([nH]c(n1)O)N,51.7
c1c(oc(n1)O)N,48.35
c1cc([nH]c1O)O,51.65
c1c([nH]c(n1)O)O,47.59
CC1=CNC(=N)O1,57.83
Cc1c[nH]c(=O)[nH]1,56.15
Cc1c[nH]c(=O)o1,52.51
CC1=COC(=N)N1,57.33
CC1=COC(=N)O1,53.41
Cc1coc(=O)[nH]1,52.05
Cc1coc(=O)o1,48.41
NC1=CNC(=N)O1,53.96
c1c([nH]c(=O)[nH]1)N,52.31
c1c(oc(=O)[nH]1)N,48.82
NC1=COC(=N)O1,49.51
c1c([nH]c(=O)o1)N,48.4
c1c(oc(=O)o1)N,44.88
OC1=CNC(=N)O1,49.46
c1c([nH]c(=O)[nH]1)O,47.88
c1c(oc(=O)[nH]1)O,44.36
OC1=COC(=N)N1,49.23
OC1=COC(=N)O1,45.36
c1c(oc(=O)o1)O,40.61
Cc1ccn(c1)C,68.21
Cn1ccc(c1)N,64.76
Cn1ccc(c1)O,60.31
Cc1cn(cn1)C,63.83
Cn1cc(nc1)N,60.5
Cn1cc(nc1)O,56.09
N=C1C=COC=N1,55.61
N=C1N=CNC=N1,55.72
N=C1N=COC=N1,51.09
c1c[nH]ccc1=O,58.94
c1c[nH]cnc1=O,54.43
c1coccc1=O,54.33
c1cocnc1=O,49.87
c1nc(=O)nco1,45.42
N=C1NC=NC=N1,55.13
N=C1OC=CC=C1,61.04
N=C1OC=CC=N1,56.62
N=C1OC=CN=C1,57
N=C1OC=NC=C1,56.03
N=C1OC=NC=N1,51.37
c1cc[nH]c(=O)c1,59.34
c1c[nH]c(=O)nc1,54.88
c1cncc(=O)[nH]1,55.68
c1cnc[nH]c1=O,54.42
c1[nH]c(=O)ncn1,49.71
c1ccoc(=O)c1,55.47
c1cnc(=O)oc1,51.09
c1coc(=O)cn1,51.72
c1cncoc1=O,50.57
c1ncoc(=O)n1,45.97
Cc1ccccc1,69.91
Cc1ccncc1,65.39
Cc1cccnc1,65.6
Cc1cnccn1,61.88
Cc1cncnc1,60.88
Cc1ccccn1,65.77
Cc1ncccn1,61.2
Cc1cnccn1,61.88
Cc1ccncn1,60.93
Cc1ncncn1,56.17
c1ccc(cc1)N,67.3
c1cc(cnc1)N,63.26
c1cnc(cn1)N,59.71
c1c(cncn1)N,58.89
c1ccnc(c1)N,63.35
c1cnc(nc1)N,58.83
c1cnc(cn1)N,59.71
c1cncnc1N,58.46
c1ncnc(n1)N,53.66
c1ccc(cc1)O,62.42
c1cnccc1O,58.03
c1cc(cnc1)O,58.48
c1cnc(cn1)O,54.78
c1c(cncn1)O,54.08
c1ccnc(c1)O,58.38
c1cnc(nc1)O,53.76
c1cnc(cn1)O,54.78
c1cncnc1O,53.65
c1ncnc(n1)O,48.86
Cc1cc[nH]c1C,67.73
Cc1ccoc1C,63.61
Cc1c(nc[nH]1)C,63.54
Cc1c(ocn1)C,59.48
Cc1c(cc[nH]1)N,64.04
Cc1c(cco1)N,60.29
Cc1c(nco1)N,56.25
Cc1cc[nH]c1N,63.33
Cc1ccoc1N,60.16
Cc1c(ocn1)N,55.55
Cc1c(cc[nH]1)O,60.22
Cc1c(cco1)O,56.4
Cc1c(nc[nH]1)O,56.22
Cc1c(nco1)O,52.43
Cc1cc[nH]c1O,59.47
Cc1c([nH]cn1)O,55.6
c1coc(c1N)N,56.37
c1nc(c(o1)N)N,52.49
c1c[nH]c(c1O)N,55.7
c1coc(c1O)N,52.74
c1[nH]c(c(n1)O)N,51.68
c1nc(c(o1)N)O,48.31
c1c[nH]c(c1N)O,55.52
c1[nH]c(c(n1)N)O,51.67
c1coc(c1N)O,52.28
c1c[nH]c(c1O)O,51.73
c1[nH]c(c(n1)O)O,48.07
Cc1c[nH]cc1C,67.02
Cc1c[nH]cc1N,63.55
Cc1c[nH]cc1O,59.45
Cc1cocc1C,62.57
Cc1cocc1N,59.23
c1c(c(c[nH]1)N)N,59.91
c1c(c(c[nH]1)O)N,55.54
c1c(c(co1)N)N,55.75
c1c(c(c[nH]1)O)O,51.69
Cc1cccn1C,67.42
Cn1cccc1N,63.78
Cn1cccc1O,59.45
Cc1nccn1C,62.88
Cn1ccnc1O,55.05
Cc1cncn1C,62.88
Cn1cncc1O,55.16
Cn1cc[nH]c1=O,55.38
CN1C=COC1=N,56.61
Cn1ccoc1=O,51.5
C#Cc1ccc[nH]1,67.41
C#Cc1ccco1,63.52
C#Cc1cnc[nH]1,62.39
C#Cc1cnco1,58.6
C#Cc1[nH]ccn1,62.77
C#Cc1ncco1,58.76
c1cc([nH]c1)C#N,60.82
c1cc(oc1)C#N,56.92
c1c([nH]cn1)C#N,56.07
c1c(ocn1)C#N,52.24
c1cnc([nH]1)C#N,56.52
c1coc(n1)C#N,52.55
C#Cc1cc[nH]c1,65.16
C#Cc1c[nH]cn1,61.03
C#Cc1ccoc1,60.39
C#Cc1cocn1,56.32
c1c[nH]cc1C#N,58.94
c1c(nc[nH]1)C#N,54.88
c1cocc1C#N,54.46
c1c(nco1)C#N,50.44
c1cc([nH]c1)C=O,61.64
c1cc(oc1)C=O,57.19
c1c([nH]cn1)C=O,56.2
c1c(ocn1)C=O,51.99
c1cnc([nH]1)C=O,57.43
c1coc(n1)C=O,52.75
c1c[nH]cc1C=O,58.98
c1c(nc[nH]1)C=O,55.26
c1cocc1C=O,54.04
c1c(nco1)C=O,50.43
c1ccn(c1)C=O,58.85
c1cn(cn1)C=O,53.77
CN=c1[nH]cco1,57.57
CN=c1occo1,53.52
CCc1ccc[nH]1,67.23
CCc1ccco1,63.28
CCc1cnco1,58.91
CCc1[nH]ccn1,62.81
CCc1ncco1,58.79
CNc1ccc[nH]1,63.67
CNc1ccco1,60.74
CNc1cnco1,56.58
CNc1ncco1,56.04
COc1ccc[nH]1,59.96
COc1ccco1,56.25
COc1cnc[nH]1,55.42
COc1cnco1,52.12
COc1[nH]ccn1,55.34
COc1ncco1,51.5
c1coc(n1)CN,54.6
c1cc([nH]c1)CO,60.33
c1cc(oc1)CO,55.81
c1c([nH]cn1)CO,55.77
c1c(ocn1)CO,51.44
c1cnc([nH]1)CO,55.38
c1coc(n1)CO,51.28
CCc1cc[nH]c1,66.7
CCc1c[nH]cn1,62.72
CCc1ccoc1,62.32
CCc1cocn1,57.91
CNc1cc[nH]c1,63.62
CNc1c[nH]cn1,59.78
CNc1ccoc1,59.38
CNc1cocn1,55.52
COc1cc[nH]c1,59.51
COc1c[nH]cn1,55.93
COc1ccoc1,55.31
COc1cocn1,51.81
c1c[nH]cc1CO,59.22
c1c(nc[nH]1)CO,55.16
c1cocc1CO,54.83
c1c(nco1)CO,50.99
CCn1cccc1,66.65
CCn1ccnc1,62.11
c1cc2n(c1)CC2,64.43
c1c2n(cn1)CC2,59.93
c1cn2c(n1)CC2,59.69
CC#CC(C)(C)C,76.21
CC#CC(C)(C)O,69.1
CC(C)(C)CC#C,72.66
CC(C)(C)CC#N,67.57
CC(C)(CC#C)O,65.74
CC(C)(CC#N)O,60.82
CC(C)(C)CC=O,67.84
CC(C)(C)NC=O,64.64
CC(C)(C)OC=O,61.5
CC(C)(CC=O)O,60.84
CC(C)(C)CCO,70.67
CC(C)(CCO)O,63.64
CCCC(C)(C)C,77.88
CCCC(C)(C)O,70.88
CCOC(C)(C)C,71.47
CC(C)(C)COC,71.53
CC(C)(COC)O,64.38
CC(=O)C(C)(C)C,67.15
CC(=O)C(C)(C)O,60.44
CC(C)(C)C(=O)N,63.51
CC(C)([NH3+])C([O-])=O,56.21
CC(C)(C(=O)N)O,56.9
CC(C)C(C)(C)C,77.05
CC(C)C(C)(C)O,70.16
CC(O)C(C)(C)C,69.98
CC(O)C(C)(C)O,63.11
CC(=N)NC(=O)C,59.77
CC(=N)NC(=O)N,56.17
CC(=N)OC(C)=O,55.55
CC(=N)OC(N)=O,52.65
CC(=O)CC(=O)C,58.71
CC(=O)CC(=O)N,55.21
CC(=O)NC(=O)C,56.02
CC(=O)NC(=N)N,57.44
CC(=O)NC(=O)N,52.35
NC(=[NH2+])CC([O-])=O,52.49
C(C(=O)N)C(=O)N,51.31
C(=O)(N)NC(=O)N,48.57
CC(C)CC(=O)C,67.94
CC(C)CC(=O)N,64.34
CC(C)NC(=O)C,65.8
CC(C)NC(=O)N,61.44
CC(C)OC(=O)C,61.37
CC(C)OC(=O)N,57.6
CC([NH3+])CC([O-])=O,57.38
CC(O)CC(C)=O,61.19
CC(O)CC(N)=O,57.81
C[NH+](C)CC([O-])=O,57.61
CC(C)CC(C)C,77.99
CC(C)CC(C)O,71.24
CC(C)OC(C)C,71.72
CC(O)CC(C)O,64.36
CC1(C)CC(=N)O1,62.19
CC1(CC(=O)C1)C,64.37
CC1(CC(=O)N1)C,61.35
CC1(CC(=O)O1)C,57.07
CC1(CC(=O)C1)O,57.32
CC1(CC(C1)O)C,67.01
CC1(O)CC(O)C1,60.22
CC1CC(C1)(C)C,74.65
CC1CC(C)(C)O1,67.47
CC1CC(C)(O)C1,67.58
CC1(CN(C1)C)O,64.99
CC1(CC1(C)C)C,74.94
CC1(C)CC1(C)O,67.97
CC1(C(O1)(C)C)C,67.71
CC1(O)CC1(C)O,60.54
CC12CC(C)(C1)C2,72.52
CC12CC(C)(C1)O2,65.18
CC12CC(O)(C1)C2,64.77
OC12CC(O)(C1)C2,57.1
CC(C)(C#C)C#C,68.3
CC(C)(C#C)C#N,63.13
CC(C)(C#N)C#N,58.13
CC(N)(C#C)C#N,59.91
CC(C#N)(C#N)N,54.94
CC(C#C)(C#C)O,61.3
CC(O)(C#C)C#N,56.29
CC(C#N)(C#N)O,51.46
CC(C)(C=O)C#C,63.47
CC(C)(C=O)C#N,58.2
CC(O)(C=O)C#C,56.49
CC(O)(C=O)C#N,51.27
CC(C)(C=O)C=O,57.71
CC(C=O)(C=O)O,51.49
CC(C)(CO)C#C,65.86
CC(C)(CO)C#N,60.69
CC(N)(CN)C#N,60.78
CC(N)(CO)C#N,57.56
CC(O)(CN)C#N,57.27
CC(O)(CO)C#C,58.82
CC(O)(CO)C#N,53.77
CCC(C)(C)C#C,72.99
CCC(C)(C)C#N,67.68
CCC(C)(N)C#N,64.23
CCC(C)(O)C#C,65.99
CCC(C)(O)C#N,60.86
CC(C)(C#N)NC,64.49
CC(C)(C#C)OC,66.27
CC(C)(C#N)OC,61.07
CC(C)(CO)C=O,60.3
CC(O)(CO)C=O,53.44
CCC(C)(C)C=O,67.66
CCC(C)(O)C=O,60.49
CC(C)(C=O)OC,60.58
CC(C)(CO)CO,63.41
CC(CO)(CO)O,56.14
CCC(C)(C)CC,77.42
CCC(C)(C)CO,70.35
CCC(C)(C)OC,70.74
CCC(C)(CC)O,70.47
CCC(C)(O)CO,63.37
CC(C)(CO)OC,63.67
CC#CCC(=O)C,66.31
CC#CCC(=O)N,62.34
CC#CCC(C)C,76.36
CC#CCC(C)O,68.81
CC(=O)C#CC#C,71.03
CC(=O)C#CC#N,62.85
C#CC#CC(=O)N,66.57
C(#CC(=O)N)C#N,58.96
CC(=O)C#CC=O,59.6
C(=O)C#CC(=O)N,55.99
CC(=N)OCC#C,61.55
CC(=N)OCC#N,56.66
CC(=O)CCC#C,63.54
CC(=O)CCC#N,58.65
CC(=O)NCC#C,60.97
CC(=O)NCC#N,55.9
CC(=O)OCC#C,57.1
CC(=O)OCC#N,52.25
C#CCCC(=O)N,59.71
C(CC(=O)N)C#N,54.79
C#CCNC(=O)N,56.57
C(C#N)NC(=O)N,52.05
C#CCOC(=O)N,53.03
C(C#N)OC(=O)N,47.92
CC(=N)OCC=O,55.9
CC(=O)CCC=O,59.61
CC(=O)CNC=O,55.73
CC(=O)COC=N,56.94
CC(=O)COC=O,52.25
CC(=O)NCC=O,56.48
CC(=O)OCC=O,52.07
C(CC(=O)N)C=O,55.88
C(C(=O)N)NC=O,51.93
NC(=O)COC=N,53.37
C(C(=O)N)OC=O,48.68
C(C=O)NC(=O)N,52.44
C(C=O)OC(=O)N,48.14
[O-]C(=O)CNC=[NH2+],55.03
CC(C)C#CC#C,78.98
CC(C)C#CC#N,71.68
CC(O)C#CC#C,71.29
CC(O)C#CC#N,64.11
CC(C)C#CC=O,69
CC(O)C#CC=O,61.63
CC(C)CCC#C,73.77
CC(C)CCC#N,68.71
CC(C)NCC#N,65.88
CC(C)OCC#C,67.44
CC(C)OCC#N,62.39
CC(O)CCC#C,66.62
CC(O)CCC#N,61.71
CN(C)CCC#N,66.01
CC(C)CCC=O,69.1
CC(C)CNC=O,65.32
CC(C)COC=O,62.11
CC(C)OCC=O,62
CC(O)CCC=O,62.23
CC(O)CNC=O,58.93
CC(O)COC=N,59.53
CC(O)COC=O,55.11
CC(=O)NC=NC,64.97
CN=CNC(=O)N,61
CC(=O)OC=NC,59.47
CN=COC(=O)N,55.46
NC=[NH+]CC([O-])=O,54.97
CC(C)OC=NC,69.51
CC(=O)C#CCO,61.49
CCC#CC(=O)C,68.51
CCC#CC(=O)N,64.39
C(C#CC(=O)N)O,57.35
[NH3+]CC#CC([O-])=O,56.69
CC(C)C#CCO,70.02
CC(O)C#CCO,62.29
CCC#CC(C)C,77.09
CCC#CC(C)O,69.76
CC(C)N=COC,69.8
CC(=N)OCCO,58.74
CC(=O)CCCO,61.44
CC(=O)NCCO,58.98
CC(=O)OCCO,54.39
CCCCC(=O)C,68.54
CCCCC(=O)N,64.98
CCCNC(=O)C,65.86
CCCNC(=O)N,62.09
CCCOC(=O)C,61.83
CCCOC(=O)N,57.94
CC[NH2+]CC([O-])=O,57.48
CCOCC(=O)C,62.56
CCOCC(=O)N,58.9
C[NH2+]CCC([O-])=O,57.97
CC(=O)CCOC,61.93
COCCC(=O)N,58.21
C(CC(=O)N)CO,57.85
C(CO)NC(=O)N,54.97
C(COC(=O)N)O,50.55
[NH3+]CCCC([O-])=O,57.27
CC(C)CCCO,71.46
CC(C)OCCO,64.84
CC(O)CCCO,64.63
CCCCC(C)C,78.7
CCCCC(C)O,71.61
CCCOC(C)C,72.3
CCOCC(C)C,72.37
CCOCC(C)O,64.82
CC(C)CCOC,72.19
COCCC(C)O,65.05
CC1(CCC1=O)C,64.27
CC1(CNC1=O)C,61.14
CC1(C)COC1=N,61.5
CC1(COC1=O)C,56.57
CC1(C(=O)CN1)C,60.92
CC1(C(=O)CO1)C,57.48
CC1(N)COC1=O,53.12
CC1(O)CCC1=O,57.22
CC1(O)CNC1=O,54.09
CC1(O)COC1=N,54.49
CC1(O)COC1=O,49.68
CC1(C)CCC1O,67.09
CC1(C)OCC1O,60.07
CC1(O)CCC1O,60.09
CC1CCC1(C)C,74.1
CC1CCC1(C)O,67.11
CC1COC1(C)C,66.82
CC1OCC1(C)C,67.01
CC1OCC1(C)O,60.13
CC1(C)CC1C#C,71.46
CC1(C)CC1C#N,65.9
CC1(C)NC1C#C,67.94
CC1(C)NC1C#N,62.44
CC1(C)OC1C#C,64.03
CC1(C)OC1C#N,58.67
CC1(O)CC1C#C,64.02
CC1(O)CC1C#N,58.65
CC1(C)CC1C=O,66.52
CC1(CN1C=O)C,62.74
CC1(C)NC1C=O,62.67
CC1(C)OC1C=O,58.98
CC1(O)CC1C=O,59.3
CC1(C)CC1CO,68.29
CC1(C)NC1CO,64.35
CC1(C)OC1CO,60.72
CC1(O)CC1CO,61.14
CCC1CC1(C)C,75.32
CCC1CC1(C)O,68.11
CCC1OC1(C)C,68.2
CCN1CC1(C)C,72.35
COC1CC1(C)C,68.75
COC1CC1(C)O,61.08
CC1(CC=CC1)C,71.52
CC1(CN=CO1)C,60.01
CC1(O)CC=CC1,64.48
CC1(CCC=C1)C,72.21
CC1(COC=N1)C,60.43
CC1(C=CCO1)C,65.66
CC1(O)CCC=C1,65.1
CC1(CCCC1)C,73.18
CC1(CCCO1)C,66.79
CC1(CCOC1)C,66.33
CC1(COCO1)C,59.62
CC1(OCCO1)C,59.97
CC1(CCCC1)O,66.51
CC1(O)CCOC1,59.29
CC1(C)C(O)C1O,60.43
CC1(O)C(O)C1O,53.19
CC1C(C)C1(C)C,74.93
CC1C(C)C1(C)O,67.7
CC1C(O)C1(C)C,67.65
CC1C(O)C1(C)O,60.53
CC1N(C)C1(C)C,71.72
C#CCC(=O)C#C,59.98
C#CCC(=O)C#N,54.62
C#CC(=O)CC#N,54.85
C(C#N)C(=O)C#N,49.53
C#CCC(=O)C=O,53.76
C(C#N)C(=O)C=O,49.13
C#CC(=N)NC=O,57.62
N=C(OC=O)C#C,53.35
N=C(OC=O)C#N,48.09
C(=N)NC(=N)C#N,58.92
C#CC(=O)NC=N,58.24
N=COC(=O)C#C,54.23
N=COC(=O)C#N,48.87
C#CC(=O)NC=O,53.04
C(=O)C(=N)NC=O,51.51
N=C(OC=O)C=O,46.63
C(=O)C(=N)NC=N,58.23
C(=O)C(=O)NC=N,52.59
N=COC(=O)C=O,48.04
C(=O)C(=O)NC=O,47.28
CC#CC(=O)C#C,65.61
CC#CC(=O)C#N,60.31
CC#CC(=O)C=O,59.26
CC#CC(C)C#C,71.21
CC#CC(C)C#N,66.15
CC#CC(N)C#N,62.73
CC#CC(O)C#C,64.01
CC#CC(O)C#N,59.11
CC#CC(C)C=O,67.12
CC#CC(O)C=O,59.52
CC(CC#C)C#C,68.84
CC(CC#C)C#N,63.46
CC(CC#N)C#C,63.59
CC(CC#N)C#N,58.34
NC(CC#C)C#N,60.22
NC(CC#N)C#C,60.16
NC(CC#N)C#N,54.96
OC(CC#C)C#C,61.8
OC(CC#C)C#N,56.6
OC(CC#N)C#C,56.7
OC(CC#N)C#N,51.65
CC(CC#C)C=O,63.74
CC(CC#N)C=O,58.21
CN(CC#C)C=O,60.97
CN(CC#N)C=O,56.22
OC(CC#C)C=O,55.96
OC(CC#N)C=O,51.87
CC(CC=O)C#C,63.84
CC(CC=O)C#N,58.72
CC(NC=O)C#C,61.02
CC(NC=O)C#N,56.08
CC(OC=N)C#C,61.8
CC(OC=N)C#N,56.98
CC(OC=O)C#C,57.19
CC(OC=O)C#N,52.59
OC(CC=O)C#C,56.73
OC(CC=O)C#N,51.86
CC(CC=O)C=O,59.36
CC(NC=O)C=O,56.21
CC(OC=N)C=O,57.05
CC(OC=O)C=O,52.52
CN(CC=O)C=O,56.52
OC(CC=O)C=O,52.54
CC(=NC)NC=O,64.29
CC(=NC)OC=O,58.19
CN=C(N)NC=O,59.34
CN=CN(C)C=O,65.22
CC#CC(=O)CO,61.12
CCC(=O)C#CC,68.17
CC#CC(=O)NC,65.82
CC#CC(=O)OC,61.53
CCC(=O)CC#C,63.33
CCC(=O)CC#N,58.49
CNC(=O)CC#C,60.6
CNC(=O)CC#N,55.82
COC(=O)CC#C,56.09
COC(=O)CC#N,51.37
C#CCC(=O)CO,56.49
C(C#N)C(=O)CO,51.75
CCC(=N)NC=O,59.79
CCC(=O)CC=O,59.13
CCC(=O)NC=N,62
CCC(=O)NC=O,56.25
CCC(=O)OC=N,57.05
CNC(=O)CC=O,56.27
CNC(=O)NC=N,57.59
CNC(=O)NC=O,53.67
CNC(=O)OC=N,54.6
COC(=N)NC=O,54.27
COC(=O)CC=O,51.96
COC(=O)NC=N,54.05
COC(=O)NC=O,49.43
C(C(=O)NC=O)N,52.59
NCC(=O)OC=N,53.28
C(C(=N)NC=O)O,52.88
C(C=O)C(=O)CO,52.38
C(C(=O)NC=N)O,54.16
C(C(=O)NC=O)O,49.53
OCC(=O)OC=N,50.12
CC#CC(C)CO,69.17
CC#CC(O)CO,62.31
CCC(C)C#CC,76.63
CCC(O)C#CC,69.52
COC(C)C#CC,70.15
CC(CO)CC#C,66.12
CC(CO)CC#N,61.15
CCC(C)CC#C,73.38
CCC(C)CC#N,68.29
CCC(O)CC#C,66.44
CCC(O)CC#N,61.52
CCN(C)CC#N,65.7
COC(C)CC#C,66.33
COC(C)CC#N,61.49
OCC(O)CC#C,59.11
OCC(O)CC#N,54.15
CC(CO)CC=O,61.44
CC(CO)NC=O,58.51
CC(CO)OC=N,59.65
CC(CO)OC=O,55.07
CCC(C)CC=O,68.5
CCC(C)NC=O,65.37
CCC(C)OC=O,62.08
CCC(O)CC=O,61.58
COC(C)CC=O,61.83
OCC(O)CC=O,54.37
CCN=C(C#N)N,62.56
CCN=C(C=O)N,62.54
CCCC(=O)C#C,64.62
CCCC(=O)C#N,59.35
CCNC(=N)C#N,61.88
CCNC(=O)C#C,62.42
CCOC(=N)C#C,62.87
CCOC(=N)C#N,57.62
CCOC(=O)C#C,58.25
CCOC(=O)C#N,53.09
CNCC(=O)C#N,56.09
COCC(=O)C#C,58.42
COCC(=O)C#N,53.34
C#CC(=O)CCO,57.27
C(CO)C(=O)C#N,52.1
CCCC(=O)C=O,58.44
CCNC(=N)C=O,61.31
CCNC(=O)C=O,56.34
CCOC(=N)C=O,56.58
CCOC(=O)C=O,52.13
COCC(=O)C=O,52.47
C(CO)C(=O)C=O,51.45
CCC(=O)CCO,60.94
CCC(=O)COC,62.09
CCCC(=O)CC,68.27
CCCC(=O)CO,61.46
CCCC(=O)NC,66.05
CCCC(=O)OC,61.45
CCC(=O)NCC,65.8
CCNC(=O)CO,58.99
CCNC(=O)NC,63.03
CCNC(=O)OC,58.55
CCOC(=N)CC,65.95
CCOC(=N)CO,58.89
CCOC(=N)OC,59.05
CCC(=O)OCC,61.68
CCOC(=O)CN,57.93
CCOC(=O)CO,54.75
CCOC(=O)NC,58.97
CNC(=O)CCO,58.61
CNC(=O)COC,59.74
CNCC(=O)OC,57.64
COC(=N)CCO,58.42
COC(=O)CCO,54.18
COCC(=N)OC,58.38
COCC(=O)CO,55.28
COCC(=O)OC,55.18
C(CO)C(=O)CO,54.13
CC(CCO)C#C,66.44
CC(CCO)C#N,61.31
CCCC(C)C#C,73.74
CCCC(C)C#N,68.55
CCCC(N)C#N,65.32
CCCC(O)C#C,66.67
CCCC(O)C#N,61.63
CCNC(C)C#N,65.64
CCOC(C)C#C,67.42
CCOC(C)C#N,62.32
CNCC(O)C#N,58.7
COCC(C)C#C,67.12
COCC(C)C#N,62.02
COCC(N)C#N,58.33
COCC(O)C#C,59.54
COCC(O)C#N,54.67
NC(CCO)C#N,58.01
OCCC(O)C#C,59.31
OCCC(O)C#N,54.36
CC(CCO)C=O,61.53
CCCC(C)C=O,68.84
CCCC(O)C=O,62.06
CCCN(C)C=O,66.31
CCOC(C)C=O,61.87
CN(CCO)C=O,58.69
COCC(C)C=O,61.77
COCC(O)C=O,54.72
OCCC(O)C=O,54.77
CC(CO)CCO,64.09
CCC(C)CCO,71.22
CCC(C)COC,72.02
CCC(O)CCO,64.19
CCC(O)COC,64.79
CCCC(C)CC,78.49
CCCC(C)CO,71.32
CCCC(C)OC,71.86
CCCC(O)CC,71.48
CCCC(O)CO,64.07
CCOC(C)CC,71.94
CCOC(C)CO,64.62
COC(C)CCO,64.36
COCC(C)CO,64.88
COCC(C)OC,65.34
COCC(O)CO,57.66
OCCC(O)CO,56.91
CC(=O)C(=O)C#C,54.54
CC(=O)C(=O)C#N,49.26
C#CC(=O)C(=N)N,56.32
C(#N)C(=O)C(=N)N,51.27
C#CC(=O)C(=O)N,50.95
CC(=O)C(=O)C=O,48.54
C(=O)C(=O)C(=N)N,50.48
C(=O)C(=O)C(=O)N,44.64
CC(=O)C(O)C#C,55.81
CC(=O)C(O)C#N,51.03
CC(C#C)C(C)=O,62.92
CC(C#C)C(N)=O,59.59
CC(C#N)C(C)=O,58.06
CC(C#N)C(N)=O,54.66
NC(=N)C(O)C#N,52.13
NC(=O)C(O)C#C,52.23
NC(=O)C(O)C#N,47.5
NC(C#C)C(N)=O,55.87
[NH3+]C(C#C)C([O-])=O,52.08
NC(C#N)C(N)=O,51.07
CC(C)C(=O)C#C,63.92
CC(C)C(=O)C#N,58.71
CC(O)C(=O)C#C,57.48
CC(O)C(=O)C#N,52.44
CN(C)C(=N)C#N,62.31
CN(C)C(=O)C#C,62.94
CN(C)C(=O)C#N,57.54
CC(C)C(=O)C=O,57.91
CC(O)C(=O)C=O,51.49
CN(C)C(=N)C=O,61.23
CN(C)C(=O)C=O,56.89
CC(C#N)N(C)C,64.73
CC(C)C(C)C#C,73.1
CC(C)C(C)C#N,67.88
CC(C)C(N)C#N,64.35
CC(C)C(O)C#C,65.73
CC(C)C(O)C#N,60.92
CC(N)C(N)C#N,60.87
CC(O)C(C)C#C,65.63
CC(O)C(C)C#N,60.54
CC(O)C(N)C#N,57.69
CC(O)C(O)C#C,59.02
CC(O)C(O)C#N,54.07
CC(C)C(C)C=O,68.05
CC(C)C(O)C=O,61.24
CC(C)N(C)C=O,65.66
CC(O)C(C)C=O,60.93
CC(O)C(O)C=O,54.12
CC(=O)C(O)C=O,52.33
CC(C=O)C(C)=O,58.66
CC(C=O)C(N)=O,54.83
CC(=O)N(C)C=N,61.15
CN(C=N)C(=O)N,57.44
CC(=N)N(C)C=O,61.51
CC(=O)N(C)C=O,56.45
CN(C=O)C(=N)N,57.6
CN(C=O)C(=O)N,52.29
NC(=O)C(O)C=O,47.74
CC(=O)C(=NC)N,61.09
CN=C(C(=O)N)N,56.91
C[NH+]=C(N)C([O-])=O,52.78
CC(=O)C(=O)CO,51.44
CCC(=O)C(=O)C,57.93
CCC(=O)C(=N)N,59.4
CCC(=O)C(=O)N,54.38
CC(=O)C(=N)NC,60.01
CNC(=[NH2+])C([O-])=O,52.77
CC(=O)C(=O)NC,55.88
CNC(=O)C(=O)N,52.22
CC(=O)C(=O)OC,51.5
COC(=O)C(=N)N,52.91
COC(=O)C(=O)N,47.89
C(C(=O)C(=N)N)O,52.59
C(C(=O)C(=O)N)O,47.74
CC(C)C(=O)CO,60.84
CC(O)C(=O)CO,53.94
CCC(=O)C(C)C,67.7
CCC(=O)C(C)O,60.84
CCC(=O)N(C)C,66.18
CN(C)C(=O)CO,58.89
CC(C)C(=O)NC,65.47
CNC(=O)C(C)O,58.16
CNC(=O)N(C)C,62.8
CC(C)C(=O)OC,60.96
COC(=O)C(C)N,57.51
COC(=O)C(C)O,54.05
CN(C)C(=O)OC,59.15
CC(=O)C(O)CO,54.01
CC(C[NH3+])C([O-])=O,63.56
CC(CO)C(C)=O,60.59
CC(CO)C(N)=O,57.15
CCC(C)C(C)=O,67.72
CCC(C)C(N)=O,64.3
CCC([NH3+])C([O-])=O,56.64
CCC(O)C(C)=O,61.16
CCC(O)C(N)=O,57.39
CCN(C)C(=O)C,65.39
CCN(C)C(=O)N,61.53
C[NH2+]C(C)C([O-])=O,57.06
COC(C)C(C)=O,61.24
COC(C)C(N)=O,57.58
NC(=O)C(O)CO,50.25
[NH3+]C(CO)C([O-])=O,49.68
NC(C[NH3+])C([O-])=O,52.84
[NH3+]CC(O)C([O-])=O,49.1
CC(C)C(C)CO,70.78
CC(C)C(O)CO,63.48
CC(O)C(C)CO,63.34
CC(O)C(O)CO,56.67
CCC(C)C(C)C,77.88
CCC(C)C(C)O,70.52
CCC(O)C(C)C,70.88
CCC(O)C(C)O,63.83
COC(C)C(C)C,71.29
COC(C)C(C)O,64.16
CC1(CCC1)C#C,70.01
CC1(CCC1)C#N,64.59
CC1(CCN1)C#N,61.06
CC1(CCO1)C#C,62.67
CC1(CCO1)C#N,57.47
CC1(COC1)C#C,62.51
CC1(COC1)C#N,57.39
C1CC(C1)(C#N)N,61.14
C1C(CN1)(C#N)N,57.83
C1C(CO1)(C#N)N,54.18
C#CC1(CCC1)O,62.65
C1CC(C1)(C#N)O,57.49
C1C(CN1)(C#N)O,54.25
C#CC1(COC1)O,55.53
C1C(CO1)(C#N)O,50.59
CC1(CCC1)C=O,64.58
CC1(CCO1)C=O,57.24
CC1(COC1)C=O,57.32
C1CC(C1)(C=O)O,57.78
C1C(CO1)(C=O)O,50.59
CC1(CCC1)CO,67.08
CC1(CO)CCO1,59.71
CC1(COC1)CO,59.84
CCC1(CCC1)C,73.95
CCC1(C)CCO1,66.91
CCC1(COC1)C,66.66
CCC1(CCC1)O,66.88
CCC1(COC1)O,59.79
CC1(CCC1)OC,67.28
CC1(COC1)OC,60.05
C1CC(C1)(CO)O,59.99
C1C(CO1)(CO)O,52.85
CC#CC1(CC1)C,74.05
CC#CC1(C)CN1,70.58
CC#CC1(C)CO1,66.57
CC#CC1(CC1)O,66.92
CC1(CC1)CC#C,69.43
CC1(CC#C)CN1,66
CC1(CC#C)CO1,62.32
CC1(CC1)CC#N,64.46
CC1(CC#N)CN1,61.05
CC1(CC#N)CO1,57.42
C#CCC1(CC1)O,62.44
C1CC1(CC#N)O,57.47
CC1(CC1)NC=O,61.37
CC1(CC1)OC=O,58.1
CC1(CC1)CC=O,64.67
CC1(CC=O)CN1,61.23
CC1(CC=O)CO1,57.56
C1CC1(CC=O)O,57.58
CC1(CC1)CCO,67.46
CC1(CCO)CO1,60.11
CCCC1(CC1)C,74.72
CCCC1(C)CO1,67.57
CCCC1(CC1)O,67.63
CCOC1(CC1)C,68.2
CC1(CC1)COC,68.53
COCC1(C)CN1,64.79
COCC1(C)CO1,61.35
COCC1(CC1)O,61.47
C1CC1(CCO)O,60.18
CC1(CC1O)C#C,63.89
CC1(CC1O)C#N,58.55
CC1CC1(C)C#C,71.26
CC1CC1(C)C#N,65.73
CC1CC1(N)C#N,62.02
CC1CC1(O)C#C,64.37
CC1CC1(O)C#N,58.97
CC1NC1(C)C#C,67.99
CC1NC1(C)C#N,62.62
CC1OC1(C)C#C,63.98
CC1OC1(C)C#N,58.71
CN1CC1(C)C#C,68.07
CN1CC1(C)C#N,62.57
NC1(CC1O)C#N,55.37
NC1CC1(N)C#N,58.74
NC1CC1(O)C#N,56.15
OC1CC1(O)C#C,56.83
OC1CC1(O)C#N,51.68
CC1(CC1O)C=O,58.71
CC1CC1(C)C=O,65.58
CC1CC1(O)C=O,58.64
CC1NC1(C)C=O,62.47
CC1OC1(C)C=O,58.73
CN1CC1(C)C=O,62.43
OC1CC1(O)C=O,51.37
CC1(CO)CC1O,60.4
CC1CC1(C)CO,67.94
CC1CC1(O)CO,60.51
CC1NC1(C)CO,64.29
CC1OC1(C)CO,60.44
CCC1(C)CC1C,74.82
CCC1(C)CC1O,67.57
CCC1(C)CN1C,71.43
CCC1(C)OC1C,67.69
CCC1(O)CC1C,67.67
CCC1(O)CC1O,60.51
CN1CC1(C)CO,64.2
COC1(C)CC1C,68.09
COC1(C)CC1O,60.53
OCC1(O)CC1O,53.63
CC(=O)C1(CC1)C,64.73
CC(=O)C1(C)CN1,61.35
CC(=O)C1(C)CO1,57.34
CC(=O)C1(CC1)O,57.9
CC1(CC1)C(=O)N,61.08
CC1(CN1)C(N)=O,57.27
CC1(CO1)C(N)=O,53.51
C1CC1(C(=O)N)O,54.03
[NH3+]C1(CC1)C([O-])=O,53.21
CC(C)C1(CC1)C,73.94
CC(C)C1(C)CO1,66.69
CC(C)C1(CC1)O,66.98
CC(O)C1(C)CC1,67.2
CC(O)C1(C)CN1,63.57
CC(O)C1(C)CO1,59.7
CC(O)C1(O)CC1,59.92
CC(C)(C)C1CC1,73.84
CC(C)(C)C1CO1,66.77
CC(C)(C1CC1)O,66.74
CC(C)(O)C1CN1,63.41
CC(C)(O)C1CO1,59.77
N=C1NC(=O)C=C1,56.76
N=C1OC(=O)C=C1,52.72
C1C(=O)C=CC1=O,54.38
C1=CC(=O)NC1=O,50.36
N=C1CC(=O)CO1,51.9
N=C1CCC(=O)N1,56.66
N=C1CCC(=O)O1,51.92
N=C1CNC(=O)N1,52.81
N=C1CNC(=O)O1,48.63
N=C1COC(=N)N1,54.82
N=C1COC(=O)N1,49.18
N=C1COC(=O)O1,45
N=C1NC(=O)CO1,49.76
N=C1NCC(=O)N1,53.3
C1CC(=O)CC1=O,53.67
C1CC(=O)NC1=O,51.44
C1C(=O)CNC1=O,50.9
C1C(=O)NC(=O)N1,47.87
CC1=CC(=N)OC1,63.45
CC1=CC(=O)CC1,65.26
CC1=CC(=O)NC1,60.8
CC1=CC(=O)OC1,57.16
NC1=CC(=N)OC1,60.68
C1CC(=O)C=C1N,63.01
C1C(=CC(=O)N1)N,58.17
C1C(=CC(=O)O1)N,54.55
CC1=CCC(=O)C1,63.36
CC1=CCC(=O)N1,60
CC1=CNC(=O)C1,60.41
CC1=NCC(=N)N1,60.78
CC1=NCC(=O)N1,55.58
CC1=NCC(=O)O1,51.48
C1C(=O)NC(=N1)N,52.23
CC1CC(=O)C=C1,63.62
CC1NC(=O)C=C1,59.89
CC1OC(=N)C=C1,62.02
CC1OC(=O)C=C1,56.1
OC1CC(=O)C=C1,56.42
CC1CC(C)C=C1,73.05
CC1CC(O)C=C1,65.54
CC1OC(C)C=C1,66.28
OC1CC(O)C=C1,58.18
CC1=CCC(O)C1,66.41
CC1CC=C(C)C1,73.57
CC1CN=C(C)O1,61.55
CC1CC(=O)CO1,56.61
CC1CCC(=N)O1,61.62
CC1CCC(=O)C1,64.05
CC1CCC(=O)N1,61.28
CC1CCC(=O)O1,56.59
CC1CNC(=O)C1,60.89
CC1CNC(=O)N1,57
CC1CNC(=O)O1,53.69
CC1COC(=N)C1,61.95
CC1COC(=N)O1,54.71
CC1COC(=O)C1,56.82
CC1COC(=O)N1,53.3
CC1COC(=O)O1,50.06
CC1OCC(=N)O1,54.72
CC1OCC(=O)O1,50.43
CN1CCC(=O)C1,60.05
OC1CCC(=O)C1,56.85
OC1CNC(=O)C1,53.8
OC1COC(=N)C1,54.78
OC1COC(=O)C1,49.8
CC1=CC(O)CC1,66.41
CC1CCC(C)=C1,74.16
CC1COC(C)=N1,61.96
CC1OCC(C)=C1,67.26
CC1CC(O)CO1,59.98
CC1CCC(C)C1,74.22
CC1CCC(C)O1,67.6
CC1CCC(O)C1,66.54
CC1COC(C)C1,67.48
CC1COC(C)O1,60.71
OC1CCC(O)C1,59.69
CC12CC(C1)C2O,64.38
CC12CC(O1)C2O,57.21
CC1C2CC1(C)C2,71.96
CC1C2CC1(C)O2,64.46
CC1C2CC1(O)C2,64.45
CC1N2CC1(C)C2,68.19
CC1N2CC1(O)C2,61.08
OC1C2CC1(O)C2,57.01
CC12CC(=O)C1N2,58.63
CC12CC(=O)C1O2,54.64
CC12CC1C(=N)O2,59.57
CC12CC1C(=O)C2,62.13
CC12CC1C(=O)N2,58.22
CC12CC1C(=O)O2,54.23
CC12CN1C(=O)C2,57.82
OC12CC1C(=O)C2,55.15
CC12CC(O)C1N2,60.73
CC12CC(O)C1O2,56.77
CC12CC1C(O)C2,64.36
CC1CC2(C)CC12,71.49
CC1CC2(C)OC12,64.3
CC1CC2(O)CC12,63.93
CC1OC2(C)CC12,64.44
CN1CC2(O)CC12,61.03
OC1CC2(O)CC12,56.84
CC12CC(C1)C=C2,68.19
CC12CC(O1)C=C2,60.4
OC12CC(C1)C=C2,60.66
CC12CC(C1)CC2,70.65
CC12CC(C1)CO2,63.75
CC12CC(C1)OC2,63.42
CC12CC(CC1)O2,63.25
OC12CC(C1)CC2,63.15
OC12CC(C1)OC2,56.05
CC12CC1(C)CC2,71.88
CC12CC1(C)OC2,64.57
CC12CC1(O)CC2,64.6
CC12CC1(O)CO2,57.49
CC12CCC1(C)N2,68.51
CC12CCC1(C)O2,64.63
OC12CC1(O)CC2,57.36
N=C1CC(O1)C#C,58.39
N=C1CC(O1)C#N,53.21
C#CC1CC(=O)C1,60.68
C1C(CC1=O)C#N,55.56
O=C1CC(N1)C#C,57.29
O=C1CC(O1)C#C,53.22
O=C1CC(O1)C#N,48.21
N=C1CC(O1)C=O,52.74
C1C(CC1=O)C=O,56.48
O=CC1CC(=O)N1,51.87
O=CC1CC(=O)O1,47.88
C1C(=O)CN1C=O,53.31
CC1CC(C1)C#C,70.76
CC1CC(C1)C#N,65.32
CC1CC(N1)C#N,61.78
CC1CC(O1)C#C,63.48
CC1CC(O1)C#N,58.19
CN1CC(C1)C#N,62.74
OC1CC(C1)C#C,62.85
OC1CC(C1)C#N,57.94
CC1CC(C1)C=O,65.49
CC1CC(O1)C=O,57.62
CC1CN(C1)C=O,63.33
OC1CC(C1)C=O,58.03
C1C(CN1C=O)O,56.39
CN=C1CC(C)O1,64.23
CCC1CC(=N)O1,62.59
CCC1CC(=O)C1,64.9
CCC1CC(=O)N1,61.85
CCC1CC(=O)O1,57.54
CCN1CC(=O)C1,62.33
COC1CC(=O)C1,58.38
OCC1CC(=N)O1,55.23
C1C(CC1=O)CO,57.88
OCC1CC(=O)N1,54.52
OCC1CC(=O)O1,50.3
CC1CC(CO)C1,68.05
CC1CC(CO)O1,60.43
CCC1CC(C)C1,75.11
CCC1CC(C)O1,67.98
CCC1CC(O)C1,67.86
COC1CC(C)C1,68.5
COC1CC(O)C1,60.71
CN1CC(C1)OC,65.87
OCC1CC(O)C1,60.87
CC(=N)OC1CC1,61.95
CC(=O)CC1CC1,64.63
CC(=O)CC1CN1,61.14
CC(=O)CC1CO1,57.74
CC(=O)CN1CC1,61.56
CC(=O)NC1CC1,61.82
CC(=O)OC1CC1,58.33
C1CC1CC(=O)N,60.83
NC(=O)CC1CN1,57.33
NC(=O)CC1CO1,53.99
C1CN1CC(=O)N,58.06
C1CC1NC(=O)N,57.85
C1CC1OC(=O)N,54.31
[O-]C(=O)CC1C[NH2+]1,53.84
CC(C)CC1CC1,74.76
CC(C)CC1CO1,67.79
CC(C)CN1CC1,72.03
CC(C)OC1CC1,68.37
CC(O)CC1CC1,67.91
CC(O)CC1CO1,60.9
CC(O)CN1CC1,64.8
C#CC12CC(C1)C2,68.61
C#CC12CC(C1)O2,61.1
C#CC12CN(C1)C2,64.31
N#CC12CC(C1)C2,62.9
N#CC12CC(C1)N2,59.37
N#CC12CC(C1)O2,55.54
N#CC12CN(C1)C2,58.82
O=CC12CC(C1)C2,62.46
O=CC12CC(C1)O2,54.87
O=CC12CN(C1)C2,58.35
CCC12CC(C1)C2,71.65
CCC12CC(C1)O2,64.35
CCC12CN(C1)C2,67.67
COC12CC(C1)C2,64.62
COC12CN(C1)C2,60.99
OCC12CC(C1)C2,64.86
OCC12CC(C1)O2,57.13
OCC12CN(C1)C2,60.9
N=C1CC2(CC2)O1,59.69
C1CC12CC(=O)C2,61.69
C1CC12CC(=O)N2,58.95
C1CC12CC(=O)O2,54.55
C1C(=O)CC12CN2,58.1
C1C(=O)CC12CO2,54.39
CC1CC2(C1)CC2,72.09
CC1CC2(CC2)O1,64.82
CC1CC2(CO2)C1,64.62
CN1CC2(C1)CN2,65.74
CN1CC2(C1)CO2,61.97
C1CC12CC(C2)O,64.49
OC1CC2(CN2)C1,60.86
OC1CC2(CO2)C1,57.07
CC1(C)CC2CC12,70.62
CC1(C)CC2NC12,67.38
CC1(C)CC2OC12,63.3
CC1(C)CN2CC12,66.82
CC1(C)OC2CC12,63.49
CC1(O)CC2CC12,63.59
CC1(O)CC2NC12,60.27
CC1(O)CC2OC12,56.28
CC1(O)CN2CC12,59.86
CC1(C)C2CC1C2,71.5
CC1(C)C2CC1O2,64.1
CC1(O)C2CC1C2,64.29
CC1(O)C2CC1O2,56.75
CC1(C)C2CCC12,71.16
CC1(C)C2COC12,63.89
CC1(O)C2CCC12,63.82
CC1(O)C2COC12,56.56
N=C1CC=CCO1,60.36
C1C=CCNC1=O,59.44
C1C=CCOC1=O,55.68
C1CC(=O)CC=C1,62.18
C1CC(=O)NC=C1,59.72
C1CN=COC1=O,51.04
C1C(=O)COC=N1,50.9
C1C=CNC(=O)O1,52.29
C1C=CNC(=O)N1,55.98
C1CC=CC(=O)C1,63.69
C1CNC=CC1=O,61.46
C1C=CC(=O)CN1,59.95
C1C=CC(=O)CO1,56.89
C1CNC(=O)C=C1,59.88
C1COC(=O)C=C1,56.21
N=C1CCCCO1,62.03
N=C1CCOCO1,54.75
N=C1CNCCO1,58.62
N=C1COCCO1,55.28
N=C1OCCCO1,55.52
C1CCC(=O)CC1,63.87
C1CCNC(=O)C1,60.93
C1CCOC(=O)C1,57.07
C1CC(=O)CNC1,60.57
C1CC(=O)COC1,57.08
C1COCCC1=O,57.21
C1COCOC1=O,49.93
C1CNC(=O)CN1,57.81
C1COC(=O)CN1,53.53
C1COCC(=O)N1,54.11
C1COC(=O)CO1,50.34
C1C(=O)COCO1,49.73
C1CNC(=O)NC1,57.5
C1CNC(=O)OC1,53.93
C1COC(=O)OC1,50.52
CC1=CCCCC1,73.6
CC1=CCCOC1,66.67
CC1=CCOCC1,66.71
CC1=NCCCO1,62.09
CC1CC=CCO1,65.75
CC1CCC=CC1,72.41
CC1CCN=CO1,61.28
CC1COC=NC1,60.82
OC1CCC=CC1,65.22
OC1COC=NC1,53.87
CC1CCCC=C1,72.85
CC1CCOC=N1,61.38
CC1COCC=C1,65.89
CC1OCCC=C1,66.19
OC1CCCC=C1,65.34
OC1COCC=C1,58.54
CC1CCCCC1,74.12
CC1CCCCO1,67.56
CC1CCCOC1,67.21
CC1CCOCC1,67.35
CC1CCOCO1,60.29
CC1COCCO1,60.74
CC1COCOC1,59.82
CC1OCCCO1,60.54
C1CCC(CC1)O,66.9
OC1CCCOC1,60.03
C1COCCC1O,60.22
C1C(COCO1)O,52.73
N=C1NC=CC1=O,55.9
C1C=CC(=O)C1=O,53.59
C1=CNC(=O)C1=O,50.3
N=C1NCCC1=O,56.69
N=C1OCCC1=O,52.59
N=C1OCOC1=N,50.67
N=C1OCOC1=O,45.7
C1CC(=O)C(=O)C1,53.99
C1CNC(=O)C1=O,51.44
C1COC(=O)C1=O,47.22
C1C(=O)C(=O)CN1,50.7
C1C(=O)C(=O)CO1,47.43
C1OC(=O)C(=O)O1,40.67
CC1=C(CCC1)C,74.71
CC1=C(COC1)C,67.72
CC1=CCCC1=O,64.18
CC1=CCNC1=O,60.24
CC1=CCOC1=N,62.02
CC1=CCOC1=O,56.43
C1CN=C(C1=O)N,56.55
CC1C=CCC1=O,62.01
CC1C=CNC1=O,58.59
CC1N=CNC1=N,59.65
CC1N=CNC1=O,54.48
CC1N=COC1=O,50.16
CN1C=CCC1=O,59.85
CN1C=NCC1=N,60.23
CN1C=NCC1=O,55.4
OC1C=CCC1=O,54.72
OC1C=CNC1=O,51.59
CC1CC=CC1=O,62.95
CN1CC=CC1=O,60.21
OC1CC=CC1=O,55.92
CC1C=CCC1O,64.97
CC1CC=CC1C,71.81
CC1CC=CC1O,64.77
CC1OC=NC1C,60.21
OC1CC=CC1O,57.79
CC1=CCCC1O,66.05
CC1CCC=C1C,73.44
CC1OCC=C1C,66.64
CC1CCCC1=O,63.71
CC1CCNC1=O,60.72
CC1CCOC1=N,61.24
CC1CCOC1=O,56.53
CC1COCC1=O,56.75
CC1OCCC1=O,56.66
CC1OCOC1=N,54.25
CC1OCOC1=O,49.55
CN1CCCC1=O,61.72
CN1CCNC1=O,58.06
CN1CCOC1=O,54.09
NC1CCOC1=O,52.83
OC1CCCC1=O,56.55
OC1CCNC1=O,53.56
OC1CCOC1=N,54.34
OC1CCOC1=O,49.46
OC1CNCC1=O,53
OC1COCC1=O,49.82
CC1CCCC1C,73.43
CC1CCCC1O,66.53
CC1CCOC1C,66.68
CC1COCC1C,66.26
CC1COCC1O,59.79
CC1OCCC1O,60.09
CC1OCOC1C,59.91
OC1CCCC1O,59.22
OC1COCC1O,52.27
CC1C(O)CC1=O,57.61
CC1CC(=O)C1C,64.22
CC1CC(=O)C1O,57.04
CC1CC(=O)N1C,62.62
CC1N(C)CC1=O,62.21
CC1NC(=O)C1C,61.29
CC1NC(=O)C1O,54.2
CC1OC(=N)C1C,61.81
CC1OC(=N)C1N,58.28
CC1OC(=N)C1O,54.81
CC1OC(=O)C1C,56.78
CC1OC(=O)C1N,53.3
CC1OC(=O)C1O,49.93
OC1CC(=O)C1O,50.32
CC1CC(C)C1=O,64.71
CC1CC(O)C1=O,57.51
CC1CN(C)C1=O,62.9
CC1NC(C)C1=O,61.64
CC1OC(C)C1=O,57.86
CN1CC(O)C1=O,55.65
OC1CC(O)C1=O,50.46
CC1C(O)CC1O,59.99
CC1CC(C)C1C,74.19
CC1CC(C)C1O,66.36
CC1CC(O)C1C,67.05
CC1CC(O)C1O,59.9
CC1OC(C)C1C,67.15
CC1OC(C)C1O,60.12
OC1CC(O)C1O,52.36
CC12CCC1CC2,70.47
CC12CCC1CO2,63.48
CC12CCC1OC2,63.45
CC12COC1CO2,56.51
OC12CCC1CC2,63.23
OC12CCC1OC2,56.28
CC12CCC1C2O,64.16
CC12COC1C2O,56.46
CC12OCC1C2O,56.63
CC1C2CCC12C,71.45
CC1C2CCC12O,63.9
CC1C2COC12C,64.28
CC1C2OCC12C,64.1
CC1C2OCC12O,56.82
OC1C2CCC12O,56.7
OC1C2OCC12O,49.09
CC12CC1C=CC2,68.57
CC12CC1N=CO2,56.61
CC12CC=CC1N2,64.71
CC12CC=CC1O2,60.89
OC12CC1C=CC2,61.35
CC12CC1CC=C2,68.85
CC12CC1OC=N2,56.62
CC12NC1CC=C2,65.25
CC12OC1CC=C2,61.24
OC12CC1CC=C2,61.33
CC12CC1CCC2,70.51
CC12CC1CCO2,63.42
CC12CC1COC2,63.62
CC12CC1OCC2,63.16
CC12CC1OCO2,56.16
CC12CCCC1O2,63.26
CC12COCC1N2,59.95
CC12COCC1O2,56.55
OC12CC1CCC2,63.15
OC12CC1COC2,56.33
OC12CC1OCC2,55.94
CC12CC1CC2=O,61.82
CC12CC1NC2=O,57.93
CC12CC1OC2=N,58.81
CC12CC1OC2=O,53.67
CC12CN1CC2=O,58.4
CC12NC1CC2=O,58.29
CC12OC1CC2=O,54.44
NC12CC1OC2=N,55.26
NC12CC1OC2=O,50.13
OC12CC1CC2=O,54.68
OC12CC1NC2=O,50.79
OC12CC1OC2=N,51.78
OC12CC1OC2=O,46.69
CC12CC1CC2O,64.22
CC12CN1CC2O,60.53
CC12NC1CC2O,60.45
CC12OC1CC2O,56.66
CC1CC2CC12C,71.11
CC1CC2CC12O,63.73
CC1CC2OC12C,63.91
CC1OC2CC12C,63.93
CC1OC2CC12O,56.74
OC1CC2CC12O,56.83
C#CCC1CCC1,69.83
C#CCC1CCO1,62.91
C#CCC1COC1,62.1
C1CC(C1)CC#N,64.85
N#CCC1CCO1,57.89
C1C(CO1)CC#N,57.21
C1CN(C1)CC#N,62.09
N=COC1COC1,56.58
C1CC(C1)CC=O,65.2
O=CCC1CCO1,57.95
C1C(CO1)CC=O,57.62
C1CN(C1)CC=O,62.21
C1CC(C1)NC=O,62.99
C1C(CO1)NC=O,55.39
C1CC(C1)OC=O,59.34
C1C(CO1)OC=O,51.86
CC#CC1CCC1,74.04
CC#CC1CCO1,66.43
CC#CC1COC1,65.93
CCN=C1CCO1,64.71
CCCC1CCC1,75.09
CCCC1CCO1,68
CCCC1COC1,67.37
CCOC1CCC1,68.71
CCOC1COC1,61.2
COCC1CCC1,68.69
COCC1CCO1,60.99
COCC1COC1,61.01
C1CC(C1)CCO,67.82
OCCC1CCO1,60.68
C1C(CO1)CCO,60.22
CC#CC1CC1C,74.15
CC#CC1CC1O,66.9
CC#CC1CN1C,70.96
CC#CC1NC1C,70.74
CC#CC1OC1C,66.81
CC1CC1CC#C,70.14
CC1CC1CC#N,65.09
CC1CN1CC#C,66.1
CC1CN1CC#N,62.11
CC1NC1CC#C,66.96
CC1NC1CC#N,61.94
CC1OC1CC#C,63.31
CC1OC1CC#N,58.32
CN1CC1CC#C,66.36
CN1CC1CC#N,61.48
OC1CC1CC#C,62.7
OC1CC1CC#N,57.76
CC1CC1CC=O,65.59
CC1CC1NC=O,61.53
CC1CC1OC=O,58.56
CC1CN1CC=O,61.99
CC1NC1CC=O,62.31
CC1OC1CC=O,58.59
CN1CC1CC=O,61.64
OC1CC1CC=O,57.96
OC1CC1NC=O,55.96
OC1CC1OC=N,55.88
OC1CC1OC=O,51.05
CC1CC1CCO,67.96
CC1CN1CCO,64.6
CC1NC1CCO,64.73
CC1OC1CCO,61.09
CCCC1CC1C,75.23
CCCC1CC1O,68.03
CCCC1CN1C,71.85
CCCC1OC1C,68.37
CCCN1CC1C,72.2
CCOC1CC1C,68.75
CCOC1CC1O,61.15
CN1CC1CCO,64.67
COCC1CC1C,68.88
COCC1CC1O,61.59
COCC1CN1C,65.49
COCC1NC1C,65.55
COCC1OC1C,61.84
OCCC1CC1O,60.78
CC(=O)C1CCC1,64.78
CC(=O)C1CCO1,57.03
CC(=O)C1COC1,57.18
CC(=O)N1CCC1,62.5
C1CC(C1)C(=O)N,61.32
NC(=O)C1CCO1,53.24
C1C(CO1)C(=O)N,53.78
C1CN(C1)C(=O)N,58.21
[O-]C(=O)C1CC[NH2+]1,53.37
[O-]C(=O)C1C[NH2+]C1,53.35
CC(C)C1CCC1,74.52
CC(C)C1CCO1,66.96
CC(C)C1COC1,66.86
CC(O)C1CCC1,67.63
CC(O)C1CCO1,59.99
CC(O)C1COC1,60.01
CC(C)C1CC1C,74.63
CC(C)C1CC1O,67.58
CC(C)C1CN1C,71.47
CC(C)C1OC1C,67.63
CC(C)N1CC1C,71.81
CC(O)C1CC1C,67.57
CC(O)C1CC1O,60.2
CC(O)C1CN1C,64.5
CC(O)C1NC1C,64.28
CC(O)C1OC1C,60.63
CC(=O)C1CC1O,58.7
CC1CC1C(C)=O,65.59
CC1CC1C(N)=O,61.84
CC1CN1C(C)=O,62.11
CC1CN1C(N)=O,58.11
CC1NC1C(C)=O,62.24
CC1NC1C(N)=O,58.57
CC1OC1C(C)=O,58.4
CC1OC1C(N)=O,53.93
CN1CC1C(C)=O,62.84
CN1CC1C(N)=O,58.92
NC(=O)C1CC1O,54.82
[NH3+]C1CC1C([O-])=O,54.14
C1CC2(C1)CCC2,70.96
C1CC2(C1)CCO2,63.79
C1CC2(C1)COC2,63.5
C1COC12COC2,56.47
C1C2(CO1)COC2,56.27
CC1CC11CCC1,71.73
CC1CC11CCO1,64.52
CC1CC11COC1,64.33
CC1NC11COC1,60.93
CC1OC11CCC1,64.5
CC1OC11COC1,57.22
CN1CC12COC2,61.19
OC1CC11CCC1,64.72
OC1CC11CCO1,57.47
OC1CC11COC1,57.34
CC1C2CC1C2=O,61.45
CC1C2NC1C2=O,58.63
CC1C2OC1C2=O,54.56
CN1C2CC1C2=O,58.91
OC1C2CC1C2=O,54
OC1C2NC1C2=O,51.04
OC1C2OC1C2=O,47.13
CC1C2CC1C2C,72.04
CC1C2CC1C2O,64.27
CC1C2OC1C2C,64.56
CC1C2OC1C2O,57.27
CN1C2CC1C2O,61.78
OC1C2CC1C2O,57.06
OC1C2NC1C2O,53.66
OC1C2OC1C2O,49.73
CC12CC3C1CC23,68.53
CC12CC3C1CN23,64.89
CC12CC3C1OC23,60.63
CC12CN3C1CC23,64.67
CC12NC3C1NC23,60.96
CC12NC3C1OC23,56.94
CC12OC3C1CC23,60.59
CC12OC3C1NC23,57.02
CC12OC3C1OC23,53.15
OC12CC3C1CC23,60.97
OC12CC3C1OC23,53.18
OC12CN3C1CC23,57.49
CC12CC3CC1C23,67.57
CC12CC3CC1N23,63.69
CC12CC3CN1C23,63.9
CC12CC3OC1C23,59.89
CC12CN3CC1C23,63.72
CC12OC3CC1C23,60.11
OC12CC3CC1C23,59.95
OC12CC3OC1C23,52.28
OC12CN3CC1C23,56.31
C1C2CC1C=CC2,67.81
C1C2CC1N=CO2,56.02
C1C2CC=CC1O2,60.22
C1C2CC1CCC2,69.67
C1C2CC1COC2,63.12
C1C2CC1OCC2,62.84
C1C2CC1OCO2,55.75
C1C2CCCC1O2,62.2
C1C2CN1CCO2,59.38
C1C2COCC1O2,55.89
N=C1CC2CC2O1,57.78
N=C1OC2CC2O1,50.79
O=C1CC2CC2C1,59.9
O=C1CC2CC2N1,56.92
O=C1CC2CC2O1,52.89
O=C1CC2CN2C1,56.47
O=C1CC2NC2C1,56.71
O=C1CC2OC2C1,52.91
O=C1NC2CC2N1,53.04
O=C1NC2CC2O1,49.47
O=C1OC2CC2O1,45.91
CC1=CC2CC2C1,69.74
CC1=CC2NC2C1,66.24
CC1=CC2OC2C1,62.01
CC1=NC2CC2O1,57.46
NC1=NC2CC2O1,54.01
CC1CC2CC2C1,70.15
CC1CC2CC2O1,63.51
CC1CC2OC2C1,62.67
CC1OC2CC2O1,56.6
CN1CC2OC2C1,59.68
OC1CC2CC2C1,62.94
OC1CC2CN2C1,59.46
OC1CC2NC2C1,59.45
OC1CC2OC2C1,55.96
N=C1OC2CC1C2,58.3
O=C1CC2CC1C2,60.44
O=C1CC2CC1O2,53.03
O=C1CN2CC1C2,56.61
O=C1NC2CC1C2,56.91
O=C1OC2CC1C2,53.06
CC1=CC2CC1C2,69.38
CC1=CC2CC1O2,61.49
CC1CC2CC1C2,70.35
CC1CC2CC1O2,62.96
CC1OC2CC1C2,63.45
OC1CC2CC1C2,63.27
OC1CC2CC1O2,55.65
CC12CC3C(C1)C23,67.22
CC12CC3C(C1)N23,63.44
CC12CC3C(O1)C23,59.74
CC12CC3C1N3C2,63.35
OC12CC3C(C1)C23,59.76
OC12CC3C1N3C2,56.02
C#CC(C#C)C#C,62.51
C#CC(C#C)C#N,57.61
C#CC(C=O)C#C,59.2
O=CC(C#C)C#N,54.2
C(=O)C(C#N)C#N,49.38
C#CC(C=O)C=O,55.07
C(=N)N(C=N)C=N,61.34
C(=N)N(C=N)C=O,56.66
C(=N)N(C=O)C=O,51.59
C(=O)N(C=O)C=O,46.65
CNC(=NC)C#N,63.38
CCC(C#C)C#C,68.25
CCC(C#C)C#N,63.24
CCC(C#N)C#N,58.34
CNC(C#C)C#N,59.99
CNC(C#N)C#N,55.24
COC(C#C)C#C,61.73
COC(C#C)C#N,56.84
COC(C#N)C#N,51.87
C#CC(CO)C#C,61.13
OCC(C#C)C#N,56.12
CNC(=NC)C=O,62.88
CCC(C=O)C#C,63.86
CCC(C=O)C#N,58.27
CNC(C=O)C#C,60.49
CNC(C=O)C#N,55.61
COC(C=O)C#C,57.62
COC(C=O)C#N,51.8
OCC(C=O)C#C,56.74
OCC(C=O)C#N,51.11
CCC(C=O)C=O,58.75
CCN(C=N)C=O,61.07
CCN(C=O)C=O,56.17
CNC(C=O)C=O,55.26
COC(C=O)C=O,52.12
C(C(C=O)C=O)O,51.39
CCC(CC)C#C,73.21
CCC(CC)C#N,68.04
CCC(CO)C#C,66.08
CCC(CO)C#N,60.84
CCC(NC)C#N,65.13
CCC(OC)C#C,66.75
CCC(OC)C#N,61.7
CNC(CN)C#N,61.69
CNC(CO)C#N,57.75
COC(CN)C#N,58.12
COC(CO)C#C,59.5
COC(CO)C#N,54.35
C#CC(CO)CO,59.08
C(C(CO)C#N)O,53.65
CCC(CC)C=O,68.16
CCC(CO)C=O,61.17
CCC(OC)C=O,61.68
CCN(CC)C=O,65.74
COC(CO)C=O,54.01
C(C(CO)C=O)O,53.69
CCC(CC)CC,77.99
CCC(CC)CO,71.01
CCC(CC)OC,71.16
CCC(CO)CO,63.73
CCC(CO)OC,63.93
COC(CO)CO,56.52
C(C(CO)CO)O,56.49
C#CC1(CC1)C#C,66.61
C#CC1(CC1)C#N,61.3
C#CC1(CN1)C#C,63.3
C#CC1(CN1)C#N,58
C#CC1(CO1)C#C,59.38
C#CC1(CO1)C#N,54.23
C1CC1(C#N)C#N,56.13
C1C(N1)(C#N)C#N,52.95
C1C(O1)(C#N)C#N,49.18
C#CC1(CC1)C=O,61.3
C1CC1(C=O)C#N,56.04
O=CC1(CN1)C#C,57.87
O=CC1(CN1)C#N,52.68
O=CC1(CO1)C#C,54.02
O=CC1(CO1)C#N,48.82
C1CC1(C=O)C=O,55.72
C1C(N1)(C=O)C=O,52.2
C1C(O1)(C=O)C=O,48.5
CCC1(CC1)CC,74.08
CCC1(CO1)CC,66.92
CCC1(CC1)OC,67.36
CCC1(CC1)CO,67.36
CCC1(CO)CN1,63.32
CCC1(CO)CO1,59.78
COC1(CC1)CO,60.25
C1CC1(CO)CO,60.42
C1C(N1)(CO)CO,56.38
C1C(O1)(CO)CO,52.88
CCC1(CC1)C#C,70.34
CCC1(CC1)C#N,64.99
CCC1(CN1)C#C,66.7
CCC1(CN1)C#N,61.46
CCC1(CO1)C#C,62.99
CCC1(CO1)C#N,57.92
CNC1(CC1)C#N,61.71
COC1(CC1)C#C,63.61
COC1(CC1)C#N,58.43
NCC1(CN1)C#N,58.21
NCC1(CO1)C#N,54.59
C#CC1(CC1)CO,63.4
C1CC1(CO)C#N,58.1
OCC1(CN1)C#C,59.82
OCC1(CN1)C#N,54.65
OCC1(CO1)C#C,55.96
OCC1(CO1)C#N,50.98
CCC1(CC1)C=O,65.17
CCC1(CN1)C=O,61.29
CCC1(CO1)C=O,57.86
COC1(CC1)C=O,58.76
C1CC1(CO)C=O,58.28
OCC1(CN1)C=O,54.37
OCC1(CO1)C=O,50.97
C#CC#CCC#N,67.34
C#CCC#CC#C,72.49
C#CCC#CC#N,65.34
C(C#CC#N)C#N,60.24
C#CCCCC#C,69.16
C#CCCCC#N,64.06
C#CCNCC#N,60.1
C#CCOCC#C,63.07
C#CCOCC#N,58.01
C(CC#N)CC#N,58.96
C(C#N)NCC#N,56.06
C(C#N)OCC#N,52.92
C#CCC#CC=O,62.92
C(C#CC=O)C#N,57.74
C#CC#CCC=O,68.96
C(C=O)C#CC#N,61.99
C(C=O)C#CC=O,59.31
N=COCCC#C,62.44
N=COCCC#N,57.49
C#CCCCC=O,64.49
C(CC=O)CC#N,59.33
C#CCNCC=O,59.93
C(C=O)NCC#N,56.07
C#CCOCC=O,57.4
C(C=O)OCC#N,52.47
C#CCCNC=O,60.58
C(CNC=O)C#N,55.48
C#CCCOC=O,57.61
C(COC=O)C#N,52.78
N=COCCC=O,57.84
C(CC=O)CC=O,59.68
C(CNC=O)C=O,55.85
C(COC=O)C=O,53.02
C(C=O)NCC=O,56.04
C(C=O)OCC=O,52.1
CC#CC#CC#C,92.34
CC#CC#CC#N,82.74
CC#CC#CC=O,78.37
CC#CCC#CC,73.3
CC#CCCC#C,72.41
CC#CCCC#N,67.09
CC#CCCC=O,67.23
CC#CCNC=O,64.08
CC#CCOC=N,64.08
CC#CCOC=O,59.65
CN=COCC#C,65.2
CN=COCC#N,58.72
CN=COCC=O,59.58
CC#CC#CCO,77.05
CCC#CC#CC,84.47
CCC#CCC#C,70.95
CCC#CCC#N,66.07
C#CCC#CCO,63.88
C(C#CCO)C#N,58.96
CCC#CCC=O,67.14
C(C=O)C#CCO,59.76
COC=NCC#C,62.4
COC=NCC#N,57.8
CCN=CNC=O,64.35
CCN=COC=O,58.16
COC=NCC=O,59.52
CCCC#CC#C,79.35
CCCC#CC#N,72.16
COCC#CC#C,72.59
COCC#CC#N,65.18
C#CC#CCCO,71.27
C(CO)C#CC#N,64.25
CCCC#CC=O,69.44
COCC#CC=O,62.89
C(CO)C#CC=O,61.77
CCC#CCCO,69.86
CCC#CCOC,71.03
CCCC#CCC,77.59
CCCC#CCO,70.34
COCC#CCO,63.98
C(CO)C#CCO,62.67
CCCN=COC,68.61
CCN=COCC,68.65
COC=NCCO,62.7
CC#CCCCO,69.68
CCCCC#CC,77.09
CCOCC#CC,70.9
CC#CCCOC,70.21
CCCOC=NC,69.95
CN=COCCO,62.32
CCCCCC#C,74.26
CCCCCC#N,69.24
CCCNCC#N,66.25
CCCOCC#C,67.87
CCCOCC#N,62.88
CCOCCC#C,67.72
CCOCCC#N,62.8
COCCCC#C,67.59
COCCCC#N,62.62
C#CCCCCO,66.84
C(CCO)CC#N,61.86
C(CO)NCC#N,58.9
C#CCOCCO,60.22
C(COCC#N)O,55.33
CCCCCC=O,69.58
CCCCNC=O,66.14
CCCCOC=O,62.71
CCCOCC=O,62.45
CCOCCC=O,63.13
COCCCC=O,63
COCCNC=O,59.76
COCCOC=N,60.07
COCCOC=O,55.47
C(CCO)CC=O,62.2
C(CNC=O)CO,58.96
OCCCOC=N,60.46
C(CO)COC=O,55.52
C(COCC=O)O,55.01
CCCCCCC,79.31
CCCCCCO,72.02
CCCCCOC,72.75
CCCCOCC,72.96
CCCOCCC,72.83
CCCOCCO,65.31
CCOCCCO,65.7
CCOCCOC,66.22
COCCCCO,65.49
COCCCOC,66.16
C(CCO)CCO,64.75
C(COCCO)O,57.86
N=C1OCC1C#C,57.31
N=C1OCC1C#N,52.44
O=C1CCC1C#C,60.91
O=C1CCC1C#N,55.77
O=C1CNC1C#C,57.51
O=C1CNC1C#N,52.35
O=C1COC1C#C,53.81
O=C1COC1C#N,48.73
O=C1NCC1C#C,57.44
O=C1NCC1C#N,52.43
O=C1OCC1C#C,52.63
O=C1OCC1C#N,47.88
N=C1CCN1C=O,57.55
N=C1OCC1C=O,52.29
N=CN1CCC1=O,58.79
O=CC1CNC1=O,52.3
O=CC1COC1=O,47.8
C1CN(C1=O)C=O,53.59
CC1CCC1C#C,69.87
CC1CCC1C#N,64.54
CC1CNC1C#N,61.16
CC1COC1C#C,62.45
CC1COC1C#N,57.2
CC1OCC1C#C,62.49
CC1OCC1C#N,57.48
CN1CCC1C#N,62.45
NC1CNC1C#N,57.92
NC1COC1C#N,53.86
OC1CCC1C#C,62.46
OC1CCC1C#N,57.27
OC1CNC1C#N,54.37
OC1COC1C#C,55.74
OC1COC1C#N,50.6
CC1CCC1C=O,64.62
CC1CCN1C=O,62.93
CC1COC1C=O,57.25
CC1OCC1C=O,57.6
CN1CCC1C=O,62.44
OC1CCC1C=O,57.65
OC1CNC1C=O,54.22
OC1COC1C=O,49.87
CN=C1OCC1C,63.8
CN=C1OCC1N,60.2
CN=C1OCC1O,56.55
CCC1CCC1=O,64.71
CCC1CNC1=O,61.38
CCC1COC1=N,61.72
CCC1COC1=O,56.77
CCC1NCC1=O,61.68
CCC1OCC1=O,58.11
CCN1CCC1=O,62.9
CNC1COC1=N,58.7
CNC1COC1=O,53.74
COC1CCC1=O,58.19
COC1CNC1=O,54.88
COC1COC1=N,55.21
COC1COC1=O,50.33
OCC1CCC1=O,57.44
OCC1CNC1=O,54.09
OCC1COC1=N,54.58
OCC1COC1=O,49.66
OCC1NCC1=O,54.32
OCC1OCC1=O,50.84
CC1CCC1CO,67.2
CC1COC1CO,59.76
CC1OCC1CO,60.17
CCC1CCC1C,74.26
CCC1CCC1O,67.23
CCC1COC1C,67.17
CCC1OCC1C,67.32
CCC1OCC1O,60.46
COC1CCC1C,67.77
COC1CCC1O,60.55
COC1COC1C,60.81
OCC1CCC1O,59.8
OCC1OCC1O,52.99
C#CC1CC1C#C,66.13
C#CC1CC1C#N,60.93
C#CC1NC1C#C,62.72
C#CC1NC1C#N,57.59
C#CC1OC1C#C,58.71
C#CC1OC1C#N,53.72
N#CC1CC1C#N,55.85
N#CC1NC1C#N,52.54
N#CC1OC1C#N,48.83
O=CC1CC1C#C,61.56
O=CC1CC1C#N,56.31
O=CC1NC1C#C,57.79
O=CC1NC1C#N,52.65
O=CC1OC1C#C,54.08
O=CC1OC1C#N,49.03
O=CN1CC1C#C,58.05
O=CN1CC1C#N,53.08
O=CC1CC1C=O,57.35
O=CC1CN1C=O,53.31
O=CC1NC1C=O,53.34
O=CC1OC1C=O,49
CCC1CC1C#C,70.9
CCC1CC1C#N,65.53
CCC1NC1C#C,67.52
CCC1NC1C#N,62.24
CCC1OC1C#C,63.68
CCC1OC1C#N,58.51
CCN1CC1C#C,67.95
CCN1CC1C#N,62.66
COC1CC1C#C,64
COC1CC1C#N,58.79
OCC1CC1C#C,63.58
OCC1CC1C#N,57.86
OCC1NC1C#C,59.99
OCC1NC1C#N,54.85
OCC1OC1C#C,56.25
OCC1OC1C#N,51.24
CCC1CC1C=O,66.34
CCC1CN1C=O,62.48
CCC1NC1C=O,62.62
CCC1OC1C=O,58.99
CCN1CC1C=O,63.9
COC1CC1C=O,59.33
OCC1CC1C=O,59.3
OCC1CN1C=O,55.21
OCC1NC1C=O,55.33
OCC1OC1C=O,51.79
CCC1CC1CC,75.28
CCC1CC1CO,68.23
CCC1CC1OC,68.57
CCC1CN1CC,72.31
CCC1NC1CO,64.41
CCC1OC1CC,68.35
CCC1OC1CO,60.87
CCN1CC1CO,65.09
COC1CC1CO,61.45
COC1CC1OC,62.15
OCC1CC1CO,61.24
OCC1NC1CO,56.97
OCC1OC1CO,53.55
C#CC1=CCCC1,72.43
C#CC1=CCOC1,65.38
C#CC1=NCCO1,59.6
C1CC=C(C1)C#N,65.88
C1C=C(CO1)C#N,59.12
N#CC1=NCCN1,57.54
C1COC(=N1)C#N,53.7
C#CC1CC=CC1,67.72
C#CC1CN=CO1,56.1
N#CC1CC=CC1,62.51
N#CC1CN=CN1,54.7
N#CC1CN=CO1,51.08
C#CC1CCC=C1,68.09
C#CC1COC=N1,55.89
C#CC1OCC=C1,60.86
N#CC1CCC=C1,62.75
N#CC1CNC=N1,55.11
N#CC1NCC=C1,59.28
N#CC1OCC=C1,55.64
C#CC1CCCC1,69.64
C#CC1CCCO1,62.21
C#CC1CCOC1,62.45
C#CC1COCO1,55.09
C#CC1OCCO1,54.26
C1CCC(C1)C#N,64.39
N#CC1CCCN1,60.32
N#CC1CCCO1,56.8
N#CC1CCOC1,57.31
N#CC1COCO1,50.17
C1COC(O1)C#N,49.58
C1CC=C(C1)C=O,65.7
C1C=C(CO1)C=O,58.88
C1CNC=C1C=O,64.89
O=CC1=NCCN1,57.17
C1COC(=N1)C=O,52.84
O=CC1CC=CC1,62.84
O=CC1CN=CO1,50.85
C1C=CCN1C=O,59.98
O=CC1CCC=C1,63.37
O=CC1COC=N1,50.61
O=CC1OCC=C1,56.06
C1CN(C=C1)C=O,62.57
C1CN(C=N1)C=O,57.52
C1CCC(C1)C=O,63.7
O=CC1CCCO1,56.99
O=CC1CCOC1,58.12
O=CC1COCO1,49.95
C1COC(O1)C=O,50.84
C1CCN(C1)C=O,62.02
CN=C1CN=CN1,61.18
CN=C1C=CCO1,64.55
CN=C1CCCO1,63.66
CN=C1COCO1,56.29
CCC1=CCCC1,73.74
CCC1=CCOC1,66.81
CCC1=NCCO1,61.8
COC1=NCCN1,58.36
C1CC=C(C1)CO,66.51
C1C=C(CO1)CO,59.65
C1COC(=N1)CO,54.45
CCC1CC=CC1,72.04
CCC1CN=CO1,60.53
COC1CC=CC1,65.6
COC1CN=CO1,54.06
OCC1CC=CC1,64.79
OCC1CN=CO1,53.21
CCC1CCC=C1,72.92
CCC1COC=N1,60.92
CCC1OCC=C1,66.13
COC1CCC=C1,66.37
COC1OCC=C1,59
OCC1CCC=C1,65.68
OCC1COC=N1,53.63
OCC1OCC=C1,58.53
CCC1CCCC1,73.97
CCC1CCCO1,67.58
CCC1CCOC1,67
CCC1COCO1,60.01
CCC1OCCO1,60.6
COC1CCCC1,67.35
COC1CCCO1,60.26
COC1CCOC1,60.49
C1CCC(C1)CO,66.99
OCC1CCCO1,59.91
OCC1CCOC1,59.79
OCC1COCO1,52.62
C1COC(O1)CO,52.89
N=C(C#N)N1CC1,57.93
C#CC(=O)C1CC1,62.62
O=C(C#C)C1CN1,59.43
O=C(C#C)C1CO1,53.87
C#CC(=O)N1CC1,58.9
C1CC1C(=O)C#N,57.26
O=C(C#N)C1CN1,54.28
O=C(C#N)C1CO1,49.02
C1CN1C(=O)C#N,53.87
N=C(C=O)N1CC1,57.39
C1CC1C(=O)C=O,56.36
O=CC(=O)C1CN1,53.01
O=CC(=O)C1CO1,48.39
C1CN1C(=O)C=O,53.02
CC(C#C)C1CC1,69.83
CC(C#C)C1CO1,62.09
CC(C#C)N1CC1,66.96
CC(C#N)C1CC1,64.7
CC(C#N)C1CN1,60.52
CC(C#N)C1CO1,57.11
CC(C#N)N1CC1,61.87
NC(C#N)C1CC1,61.24
NC(C#N)C1CN1,57.81
NC(C#N)C1CO1,53.65
OC(C#C)C1CC1,62.52
OC(C#C)C1CN1,58.88
OC(C#C)C1CO1,55.76
OC(C#N)C1CC1,57.86
OC(C#N)C1CN1,54.04
OC(C#N)C1CO1,50.79
CC(C=O)C1CC1,64.92
CC(C=O)C1CN1,60.41
CC(C=O)C1CO1,56.88
CC(C=O)N1CC1,61.76
CN(C=O)C1CC1,62.16
OC(C=O)C1CC1,57.64
OC(C=O)C1CN1,54.37
OC(C=O)C1CO1,50.82
CCC(=O)C1CC1,65.49
CCC(=O)C1CN1,61.98
CCC(=O)C1CO1,57.64
CCC(=O)N1CC1,62.19
CNC(=O)C1CC1,63.13
CNC(=O)C1CN1,59.57
CNC(=O)C1CO1,54.86